ISO-10303-21;
HEADER;
FILE_DESCRIPTION (( 'STEP AP203' ),
    '1' );
FILE_NAME ('GasCapmodelstep.STEP',
    '2026-06-23T04:01:52',
    ( '' ),
    ( '' ),
    'SwSTEP 2.0',
    'SolidWorks 2025',
    '' );
FILE_SCHEMA (( 'CONFIG_CONTROL_DESIGN' ));
ENDSEC;

DATA;
#1 = AXIS2_PLACEMENT_3D ( 'NONE', #5583, #161, #4658 ) ;
#2 = EDGE_CURVE ( 'NONE', #36, #4722, #2706, .T. ) ;
#3 = FACE_OUTER_BOUND ( 'NONE', #5587, .T. ) ;
#4 = CARTESIAN_POINT ( 'NONE',  ( 0.0001598143276696950186, -22.57299609503954940, -18.00000000000000000 ) ) ;
#5 = AXIS2_PLACEMENT_3D ( 'NONE', #3668, #2369, #5481 ) ;
#6 = CARTESIAN_POINT ( 'NONE',  ( -6.620629753411540364, -20.99920301998854910, -11.94161094772733911 ) ) ;
#7 = CIRCLE ( 'NONE', #4533, 2.500000000000000000 ) ;
#8 = ORIENTED_EDGE ( 'NONE', *, *, #5275, .T. ) ;
#9 = CIRCLE ( 'NONE', #4814, 4.999999999999997335 ) ;
#10 = DIRECTION ( 'NONE',  ( 1.000000000000000000, 0.000000000000000000, 0.000000000000000000 ) ) ;
#11 = CARTESIAN_POINT ( 'NONE',  ( -9.497694184927270911, 22.92926935206529748, -15.73658235219505030 ) ) ;
#12 = CARTESIAN_POINT ( 'NONE',  ( -15.96028910229289899, 15.96087585849925006, -11.08914082496373865 ) ) ;
#13 = CARTESIAN_POINT ( 'NONE',  ( 10.25021645926311997, 31.31510118997304915, 17.50000000000000000 ) ) ;
#14 = CARTESIAN_POINT ( 'NONE',  ( 22.10000000000000142, 1.732349136746535199E-14, -15.00183228269314917 ) ) ;
#15 = CARTESIAN_POINT ( 'NONE',  ( 23.34168315776100044, 2.480360699614740039, -31.86992270328499544 ) ) ;
#16 = AXIS2_PLACEMENT_3D ( 'NONE', #5377, #5659, #1153 ) ;
#17 = CARTESIAN_POINT ( 'NONE',  ( 21.14032319196009979, 8.756693098126159924, -19.74402064658089628 ) ) ;
#18 = CARTESIAN_POINT ( 'NONE',  ( -22.10000000000000142, -3.014506772600575066E-11, -14.49589534044019956 ) ) ;
#19 = FACE_OUTER_BOUND ( 'NONE', #694, .T. ) ;
#20 = CARTESIAN_POINT ( 'NONE',  ( -21.62716555966959930, 8.958481908474700717, -27.15349006216974814 ) ) ;
#21 = CARTESIAN_POINT ( 'NONE',  ( -34.74478138222850276, -6.780602746975409545, 20.00000000000000000 ) ) ;
#22 = CARTESIAN_POINT ( 'NONE',  ( -8.338760019792369249, -21.52957651076110324, -6.930394928020299439 ) ) ;
#23 = ORIENTED_EDGE ( 'NONE', *, *, #2069, .T. ) ;
#24 = CARTESIAN_POINT ( 'NONE',  ( 21.99925753482105151, 0.000000000000000000, -32.35827761439394834 ) ) ;
#25 = DIRECTION ( 'NONE',  ( 0.8221469494880951911, 0.5692753230620661853, -3.861972609903625891E-15 ) ) ;
#26 = CARTESIAN_POINT ( 'NONE',  ( -22.10000000000000142, 2.783670549010809553E-14, -21.00192281395920091 ) ) ;
#27 = FACE_OUTER_BOUND ( 'NONE', #770, .T. ) ;
#28 = CARTESIAN_POINT ( 'NONE',  ( -8.790862080712690485, -23.08707652179290193, -10.07631427269419966 ) ) ;
#29 = LINE ( 'NONE', #1825, #4319 ) ;
#30 = ORIENTED_EDGE ( 'NONE', *, *, #2199, .T. ) ;
#31 = ORIENTED_EDGE ( 'NONE', *, *, #1083, .T. ) ;
#32 = DIRECTION ( 'NONE',  ( 1.000000000000000000, 2.220446049250312765E-14, 0.000000000000000000 ) ) ;
#33 = CARTESIAN_POINT ( 'NONE',  ( 16.16644914130529997, 16.16686811091230069, -13.50000000000000000 ) ) ;
#34 = CARTESIAN_POINT ( 'NONE',  ( 20.85372764281289903, 8.637560612934310100, -19.66339838996574940 ) ) ;
#35 = PERSON_AND_ORGANIZATION_ROLE ( 'classification_officer' ) ;
#36 = VERTEX_POINT ( 'NONE', #486 ) ;
#37 = CARTESIAN_POINT ( 'NONE',  ( 22.38963080111662407, -0.000000000000000000, -29.79005859515336496 ) ) ;
#38 = CARTESIAN_POINT ( 'NONE',  ( -24.82226648881305309, 0.0007462927686631790763, -13.48658235219502011 ) ) ;
#39 = CARTESIAN_POINT ( 'NONE',  ( -8.639296062661649955, -20.85545107495594763, -19.33914082496375286 ) ) ;
#40 = DIRECTION ( 'NONE',  ( 0.000000000000000000, 0.000000000000000000, -1.000000000000000000 ) ) ;
#41 = CARTESIAN_POINT ( 'NONE',  ( 13.48077440072932731, -17.57187852535232508, -16.75185868764575403 ) ) ;
#42 = CARTESIAN_POINT ( 'NONE',  ( 22.38093402224830086, 0.000000000000000000, -29.56910481987384998 ) ) ;
#43 = ADVANCED_FACE ( 'NONE', ( #544 ), #3464, .T. ) ;
#44 = CARTESIAN_POINT ( 'NONE',  ( -21.62611411170044917, -8.957297201198381131, -25.65349006216970196 ) ) ;
#45 = DIRECTION ( 'NONE',  ( 0.000000000000000000, 0.000000000000000000, 1.000000000000000000 ) ) ;
#46 = CARTESIAN_POINT ( 'NONE',  ( 0.000000000000000000, 0.000000000000000000, 20.00000000000000000 ) ) ;
#47 = CARTESIAN_POINT ( 'NONE',  ( -5.904600337186620251, -22.03694522569480085, -11.90349006216970018 ) ) ;
#48 = CYLINDRICAL_SURFACE ( 'NONE', #615, 2.499999999999998668 ) ;
#49 = CARTESIAN_POINT ( 'NONE',  ( -8.352095991871030023, -21.58064958356824903, -6.953141539547879724 ) ) ;
#50 = VERTEX_POINT ( 'NONE', #2794 ) ;
#51 = EDGE_CURVE ( 'NONE', #3917, #915, #5260, .T. ) ;
#52 = CARTESIAN_POINT ( 'NONE',  ( -10.26692337399319932, -19.76909783890754824, -11.93966138011763967 ) ) ;
#53 = CARTESIAN_POINT ( 'NONE',  ( -6.780602746975439743, 32.24478138222849566, 0.000000000000000000 ) ) ;
#54 = DIRECTION ( 'NONE',  ( 0.000000000000000000, 0.000000000000000000, -1.000000000000000000 ) ) ;
#55 = CARTESIAN_POINT ( 'NONE',  ( -32.24478138222849566, -6.780602746975409545, 20.00000000000000000 ) ) ;
#56 = CARTESIAN_POINT ( 'NONE',  ( -8.418436202648061695, -21.73605247488444903, -7.007498990566850772 ) ) ;
#57 = EDGE_CURVE ( 'NONE', #514, #1533, #4539, .T. ) ;
#58 = DIRECTION ( 'NONE',  ( 1.000000000000000000, 0.000000000000000000, 0.000000000000000000 ) ) ;
#59 = EDGE_LOOP ( 'NONE', ( #358, #1525, #2033, #1653, #5337 ) ) ;
#60 = VERTEX_POINT ( 'NONE', #4122 ) ;
#61 = CARTESIAN_POINT ( 'NONE',  ( 22.10000000000000142, 0.000000000000000000, -30.06836298473314883 ) ) ;
#62 = CARTESIAN_POINT ( 'NONE',  ( -16.16451226762409732, 16.16476798061805198, -10.50000000000000000 ) ) ;
#63 = CARTESIAN_POINT ( 'NONE',  ( -15.95985835635685035, 15.96039019556690164, -15.91339838996569789 ) ) ;
#64 = ORIENTED_EDGE ( 'NONE', *, *, #2839, .F. ) ;
#65 = CARTESIAN_POINT ( 'NONE',  ( -22.93185816731214999, 9.499952364391530679, -26.23658235219505030 ) ) ;
#66 = CARTESIAN_POINT ( 'NONE',  ( 22.00000000000000000, 0.000000000000000000, -27.58914082496369957 ) ) ;
#67 = DIRECTION ( 'NONE',  ( -1.000000000000000000, 0.000000000000000000, 0.000000000000000000 ) ) ;
#68 = EDGE_CURVE ( 'NONE', #4203, #2062, #2678, .T. ) ;
#69 = DIRECTION ( 'NONE',  ( 0.000000000000000000, 0.000000000000000000, 1.000000000000000000 ) ) ;
#70 = CARTESIAN_POINT ( 'NONE',  ( 22.32407227633320090, 0.000000000000000000, -29.45916524816105309 ) ) ;
#71 = CARTESIAN_POINT ( 'NONE',  ( -21.13988301120064861, 8.756248124933319943, -27.24402064658094957 ) ) ;
#72 = DIRECTION ( 'NONE',  ( 0.000000000000000000, 0.000000000000000000, 1.000000000000000000 ) ) ;
#73 = AXIS2_PLACEMENT_3D ( 'NONE', #692, #3418, #219 ) ;
#74 = CARTESIAN_POINT ( 'NONE',  ( 32.24478138222845303, -6.780602746975559647, 17.50000000000000000 ) ) ;
#75 = CARTESIAN_POINT ( 'NONE',  ( -16.55186713066985149, -16.55208743848425357, -24.90349006216959893 ) ) ;
#76 = CARTESIAN_POINT ( 'NONE',  ( 21.99456492296565102, 24.53449844299754901, 20.00000000000000000 ) ) ;
#77 = CARTESIAN_POINT ( 'NONE',  ( -5.679219724690660165, -21.19455939375975007, -9.670406295695059384 ) ) ;
#78 = VERTEX_POINT ( 'NONE', #1438 ) ;
#79 = EDGE_LOOP ( 'NONE', ( #1086, #2375, #1555, #1250 ) ) ;
#80 = CARTESIAN_POINT ( 'NONE',  ( 8.640310085566479614, -20.85704060951570327, -22.27299471345100201 ) ) ;
#81 = DIRECTION ( 'NONE',  ( 1.000000000000000000, 9.251858538542965911E-16, 0.000000000000000000 ) ) ;
#82 = CARTESIAN_POINT ( 'NONE',  ( 21.51312848400317890, 5.247829087839753548, -26.54508169137756113 ) ) ;
#83 = CARTESIAN_POINT ( 'NONE',  ( -8.428066576856686254, -21.78412779520173359, -11.85517466536488840 ) ) ;
#84 = PRODUCT ( 'GasCapmodelstep', 'GasCapmodelstep', '', ( #1517 ) ) ;
#85 = DIRECTION ( 'NONE',  ( 1.000000000000000000, 0.000000000000000000, 0.000000000000000000 ) ) ;
#86 = AXIS2_PLACEMENT_3D ( 'NONE', #4328, #192, #5590 ) ;
#87 = DIRECTION ( 'NONE',  ( 0.000000000000000000, 0.000000000000000000, 1.000000000000000000 ) ) ;
#88 = EDGE_LOOP ( 'NONE', ( #3102, #4842, #4560, #4642 ) ) ;
#89 = ORIENTED_EDGE ( 'NONE', *, *, #2739, .T. ) ;
#90 = FACE_OUTER_BOUND ( 'NONE', #2160, .T. ) ;
#91 = CARTESIAN_POINT ( 'NONE',  ( 15.96032586147899934, 15.96029631152930151, -25.50000000000000000 ) ) ;
#92 = CARTESIAN_POINT ( 'NONE',  ( -0.0007134399460476189983, 22.57487952453064750, -17.45525588809369921 ) ) ;
#93 = EDGE_LOOP ( 'NONE', ( #3087, #4167, #2074, #1826 ) ) ;
#94 = AXIS2_PLACEMENT_3D ( 'NONE', #3555, #3592, #4951 ) ;
#95 = APPROVAL_PERSON_ORGANIZATION ( #2103, #3025, #3904 ) ;
#96 = CIRCLE ( 'NONE', #5760, 7.500000000000000000 ) ;
#97 = ORIENTED_EDGE ( 'NONE', *, *, #2281, .T. ) ;
#98 = CARTESIAN_POINT ( 'NONE',  ( -23.33037538103820197, -9.661888038172619986, -11.99954139175629919 ) ) ;
#99 = CARTESIAN_POINT ( 'NONE',  ( 8.639122062238760336, -20.85423232732285115, -17.25000000000000000 ) ) ;
#100 = CARTESIAN_POINT ( 'NONE',  ( 22.01086575585039995, 0.008940332989090631066, -32.49999999999155165 ) ) ;
#101 = CARTESIAN_POINT ( 'NONE',  ( 21.83180942830009741, 0.000000000000000000, -29.49092720700604886 ) ) ;
#102 = AXIS2_PLACEMENT_3D ( 'NONE', #165, #4098, #81 ) ;
#103 = ADVANCED_FACE ( 'NONE', ( #1786 ), #48, .T. ) ;
#104 = ADVANCED_FACE ( 'NONE', ( #5468 ), #4509, .F. ) ;
#105 = CARTESIAN_POINT ( 'NONE',  ( -22.26383696860014894, -9.221577970918879430, -25.31242905611420113 ) ) ;
#106 = CARTESIAN_POINT ( 'NONE',  ( -22.09999999999696030, -2.234445245100439514, -14.30279060499120369 ) ) ;
#107 = CARTESIAN_POINT ( 'NONE',  ( 24.53449844299759874, -21.99456492296560128, 20.00000000000000000 ) ) ;
#108 = CARTESIAN_POINT ( 'NONE',  ( -16.85915498226454901, 16.85863183954274902, -27.72515453695520193 ) ) ;
#109 = DIRECTION ( 'NONE',  ( -5.551115123125783491E-15, 0.000000000000000000, -1.000000000000000000 ) ) ;
#110 = CARTESIAN_POINT ( 'NONE',  ( -5.695118306027470823, -21.25398216095199899, -9.658590072388150816 ) ) ;
#111 = ORIENTED_EDGE ( 'NONE', *, *, #3103, .T. ) ;
#112 = CARTESIAN_POINT ( 'NONE',  ( 20.85385044819025069, 8.639109783498229334, -31.60827761439404782 ) ) ;
#113 = CARTESIAN_POINT ( 'NONE',  ( 23.35668022916114950, 2.480377847627174948, -31.86044239992549976 ) ) ;
#114 = CARTESIAN_POINT ( 'NONE',  ( -2.640048816214243921, 21.98600804039722334, -23.77350225266837924 ) ) ;
#115 = CARTESIAN_POINT ( 'NONE',  ( -8.505412487413069655, -21.98852440178815115, -11.73810681680801871 ) ) ;
#116 = DIRECTION ( 'NONE',  ( 1.000000000000000000, 0.000000000000000000, 0.000000000000000000 ) ) ;
#117 = ORIENTED_EDGE ( 'NONE', *, *, #1145, .T. ) ;
#118 = CIRCLE ( 'NONE', #3608, 2.499999999999998668 ) ;
#119 = VERTEX_POINT ( 'NONE', #959 ) ;
#120 = EDGE_CURVE ( 'NONE', #5279, #5729, #2120, .T. ) ;
#121 = CARTESIAN_POINT ( 'NONE',  ( 10.25021645926286062, -31.31510118997314507, 0.000000000000000000 ) ) ;
#122 = EDGE_LOOP ( 'NONE', ( #851, #4828, #2936, #4439, #2874, #2224, #2913 ) ) ;
#123 = CARTESIAN_POINT ( 'NONE',  ( -21.76822772958336216, -4.405285506246991112, -8.621136311880862380 ) ) ;
#124 = CARTESIAN_POINT ( 'NONE',  ( 15.96490102125699906, 15.96542773916644720, -18.95525588809369921 ) ) ;
#125 = ORIENTED_EDGE ( 'NONE', *, *, #4420, .T. ) ;
#126 = EDGE_CURVE ( 'NONE', #3257, #1559, #991, .T. ) ;
#127 = CARTESIAN_POINT ( 'NONE',  ( 0.0001879757760967405049, -25.25356654052465188, -21.74954139175619972 ) ) ;
#128 = CARTESIAN_POINT ( 'NONE',  ( 0.0001384279434766956085, -22.57286999654990112, -21.24027453730044712 ) ) ;
#129 = CARTESIAN_POINT ( 'NONE',  ( 15.53825136246818417, 15.77785394878904235, -30.98142869024824364 ) ) ;
#130 = CARTESIAN_POINT ( 'NONE',  ( 22.87479659387090081, 2.479581805353145096, -32.16504320324064992 ) ) ;
#131 = ADVANCED_FACE ( 'NONE', ( #3624 ), #2766, .T. ) ;
#132 = B_SPLINE_CURVE_WITH_KNOTS ( 'NONE', 3,
 ( #1273, #2636, #5216, #2520, #4324, #262, #2084, #5699, #4116, #5036, #3650, #4503, #2700, #3617, #5397, #1398, #448, #3203, #3233, #5429, #2729, #5493, #478, #41, #5810, #2788, #1430, #2257, #891, #2289, #1777, #5837, #1306, #14 ),
 .UNSPECIFIED., .F., .F.,
 ( 4, 2, 2, 2, 2, 2, 2, 2, 2, 2, 2, 2, 2, 2, 2, 2, 4 ),
 ( 0.000000000000000000, 0.06249999999999994449, 0.1249999999999998890, 0.1874999999999998335, 0.2499999999999997780, 0.3124999999999997780, 0.3749999999999997780, 0.4374999999999998335, 0.4999999999999998890, 0.5624999999999998890, 0.6250000000000000000, 0.6875000000000000000, 0.7500000000000001110, 0.8125000000000000000, 0.8750000000000000000, 0.9374999999999998890, 1.000000000000000000 ),
 .UNSPECIFIED. ) ;
#133 = CARTESIAN_POINT ( 'NONE',  ( -9.122272139064190100, -22.02646286935090103, -23.97515453695520193 ) ) ;
#134 = CARTESIAN_POINT ( 'NONE',  ( 32.24478138222854540, 6.780602746975329609, 17.50000000000000000 ) ) ;
#135 = CARTESIAN_POINT ( 'NONE',  ( 22.07425957848330000, 1.069087077112858220, -28.32462147585525258 ) ) ;
#136 = CARTESIAN_POINT ( 'NONE',  ( -16.85751698521515252, 16.85656604089449928, -15.72515453695520016 ) ) ;
#137 = CARTESIAN_POINT ( 'NONE',  ( -8.780170885065468056, -23.15197082929466532, -9.607055471028470350 ) ) ;
#138 = CARTESIAN_POINT ( 'NONE',  ( -8.750394327586739962, -23.06781948732305310, -8.714352887554950300 ) ) ;
#139 = CARTESIAN_POINT ( 'NONE',  ( -20.85324478680644944, -8.638797320774770583, -13.66339838996560019 ) ) ;
#140 = DIRECTION ( 'NONE',  ( 1.000000000000000000, 5.551115123125781913E-15, 0.000000000000000000 ) ) ;
#141 = CIRCLE ( 'NONE', #695, 7.500000000000000000 ) ;
#142 = DIRECTION ( 'NONE',  ( -0.5692753230620772875, -0.8221469494880873086, 0.000000000000000000 ) ) ;
#143 = AXIS2_PLACEMENT_3D ( 'NONE', #294, #5724, #1213 ) ;
#144 = CARTESIAN_POINT ( 'NONE',  ( 23.65584861726837218, 2.499924922336612454, -27.45964777800156043 ) ) ;
#145 = CARTESIAN_POINT ( 'NONE',  ( 0.000000000000000000, 0.000000000000000000, -32.50000000000000000 ) ) ;
#146 = VERTEX_POINT ( 'NONE', #3180 ) ;
#147 = EDGE_LOOP ( 'NONE', ( #5031, #3973, #2527, #2951 ) ) ;
#148 = CARTESIAN_POINT ( 'NONE',  ( -8.639296062661649955, -20.85545107495594763, -19.33914082496375286 ) ) ;
#149 = ORIENTED_EDGE ( 'NONE', *, *, #4048, .F. ) ;
#150 = CARTESIAN_POINT ( 'NONE',  ( 26.58986581671785032, -20.57137661531045225, 0.000000000000000000 ) ) ;
#151 = CARTESIAN_POINT ( 'NONE',  ( 0.000000000000000000, 0.000000000000000000, -32.50000000000000000 ) ) ;
#152 = CARTESIAN_POINT ( 'NONE',  ( 20.84821907273589758, 8.636789991170788383, -31.75258339428625121 ) ) ;
#153 = CARTESIAN_POINT ( 'NONE',  ( -0.0009623382950663709415, 24.93588674101085090, -25.17001597436705040 ) ) ;
#154 = CARTESIAN_POINT ( 'NONE',  ( 15.96031558538405015, 15.96024687403515152, -27.26742247489114845 ) ) ;
#155 = CARTESIAN_POINT ( 'NONE',  ( 22.02293818909705081, 0.002394147787336840371, -32.50000000000000000 ) ) ;
#156 = DIRECTION ( 'NONE',  ( 0.000000000000000000, 0.000000000000000000, 1.000000000000000000 ) ) ;
#157 = ORIENTED_EDGE ( 'NONE', *, *, #1833, .T. ) ;
#158 = CARTESIAN_POINT ( 'NONE',  ( 9.123142975598920401, -22.02632758731310147, -22.47515453695519838 ) ) ;
#159 = DIRECTION ( 'NONE',  ( 0.000000000000000000, 0.000000000000000000, -1.000000000000000000 ) ) ;
#160 = FACE_OUTER_BOUND ( 'NONE', #5774, .T. ) ;
#161 = DIRECTION ( 'NONE',  ( 2.081668171172170091E-15, 5.551115123125777969E-15, -1.000000000000000000 ) ) ;
#162 = CARTESIAN_POINT ( 'NONE',  ( -11.66758232202451850, -20.63126333670629720, -12.04698798024769957 ) ) ;
#163 = ORIENTED_EDGE ( 'NONE', *, *, #853, .F. ) ;
#164 = CARTESIAN_POINT ( 'NONE',  ( 22.00414012727229718, 2.880122979557734997, -32.20525588809360329 ) ) ;
#165 = CARTESIAN_POINT ( 'NONE',  ( 30.70060056415830019, -17.72500000000000142, 20.00000000000000000 ) ) ;
#166 = EDGE_CURVE ( 'NONE', #3257, #146, #3734, .T. ) ;
#167 = CARTESIAN_POINT ( 'NONE',  ( -12.74181097284195907, 31.11026764803485278, 0.000000000000000000 ) ) ;
#168 = CARTESIAN_POINT ( 'NONE',  ( 23.65131336157148567, 2.499931650581312503, -27.45574876577170542 ) ) ;
#169 = CARTESIAN_POINT ( 'NONE',  ( -20.57137661531034922, 26.58986581671790361, 0.000000000000000000 ) ) ;
#170 = EDGE_LOOP ( 'NONE', ( #496, #1141, #2592, #4818 ) ) ;
#171 = ORIENTED_EDGE ( 'NONE', *, *, #725, .F. ) ;
#172 = CARTESIAN_POINT ( 'NONE',  ( -20.85375242301079979, 8.637453248077910928, -23.51742247489120174 ) ) ;
#173 = DIRECTION ( 'NONE',  ( 1.000000000000000000, 0.000000000000000000, 0.000000000000000000 ) ) ;
#174 = CIRCLE ( 'NONE', #3471, 2.499999999999998668 ) ;
#175 = CARTESIAN_POINT ( 'NONE',  ( -5.693674432331170543, -21.24858551777404969, -11.91339838996571920 ) ) ;
#176 = EDGE_CURVE ( 'NONE', #2424, #591, #867, .T. ) ;
#177 = ADVANCED_FACE ( 'NONE', ( #662 ), #4760, .T. ) ;
#178 = CARTESIAN_POINT ( 'NONE',  ( 23.38980873304659980, -9.689254289175790902, -17.68923983770070407 ) ) ;
#179 = CARTESIAN_POINT ( 'NONE',  ( -20.85322189477634680, -8.637047516484569698, -23.49027453730050041 ) ) ;
#180 = CARTESIAN_POINT ( 'NONE',  ( 22.02153770320130022, 0.003607074577884815132, -32.50000000000000000 ) ) ;
#181 = ORIENTED_EDGE ( 'NONE', *, *, #4134, .F. ) ;
#182 = AXIS2_PLACEMENT_3D ( 'NONE', #1547, #1099, #1046 ) ;
#183 = CARTESIAN_POINT ( 'NONE',  ( -23.84151278920674955, 0.0003250630206969340225, -14.22515453695524101 ) ) ;
#184 = LINE ( 'NONE', #4321, #3692 ) ;
#185 = LINE ( 'NONE', #4214, #2266 ) ;
#186 = CARTESIAN_POINT ( 'NONE',  ( 26.58986581671799954, 20.57137661531024975, 0.000000000000000000 ) ) ;
#187 = CARTESIAN_POINT ( 'NONE',  ( -17.03977246532705436, -17.04044217852004905, -24.56242905611415139 ) ) ;
#188 = AXIS2_PLACEMENT_3D ( 'NONE', #4813, #3132, #1231 ) ;
#189 = CARTESIAN_POINT ( 'NONE',  ( -22.26625945080239788, 9.221310490644579971, -14.81242905611419935 ) ) ;
#190 = ORIENTED_EDGE ( 'NONE', *, *, #1482, .T. ) ;
#191 = CARTESIAN_POINT ( 'NONE',  ( -8.637385084631869603, 20.85348328750430014, -28.66339838996564993 ) ) ;
#192 = DIRECTION ( 'NONE',  ( 0.000000000000000000, 0.000000000000000000, 1.000000000000000000 ) ) ;
#193 = DIRECTION ( 'NONE',  ( 0.000000000000000000, 0.000000000000000000, 1.000000000000000000 ) ) ;
#194 = CARTESIAN_POINT ( 'NONE',  ( -32.24478138222849566, 6.780602746975479711, 17.50000000000000000 ) ) ;
#195 = ORIENTED_EDGE ( 'NONE', *, *, #909, .T. ) ;
#196 = ORIENTED_EDGE ( 'NONE', *, *, #4746, .F. ) ;
#197 = CARTESIAN_POINT ( 'NONE',  ( 22.00080956644464791, 2.879696452938555140, -27.33914082496370312 ) ) ;
#198 = VERTEX_POINT ( 'NONE', #5100 ) ;
#199 = CYLINDRICAL_SURFACE ( 'NONE', #2781, 35.45000000000000284 ) ;
#200 = CARTESIAN_POINT ( 'NONE',  ( -26.58986581671790361, 20.57137661531040251, 0.000000000000000000 ) ) ;
#201 = CARTESIAN_POINT ( 'NONE',  ( 22.00334109330519894, 0.000000000000000000, -32.45525588809360329 ) ) ;
#202 = AXIS2_PLACEMENT_3D ( 'NONE', #4073, #1889, #4459 ) ;
#203 = CIRCLE ( 'NONE', #4357, 4.999999999999997335 ) ;
#204 = EDGE_CURVE ( 'NONE', #3945, #5063, #5392, .T. ) ;
#205 = CARTESIAN_POINT ( 'NONE',  ( 9.735323624942109788, -23.50889484651479933, -20.10399774898199965 ) ) ;
#206 = CARTESIAN_POINT ( 'NONE',  ( 20.85440240724999938, 8.637844340632170770, -16.01742247489119819 ) ) ;
#207 = CARTESIAN_POINT ( 'NONE',  ( 12.27092728211444594, 18.43372654320394588, -30.61773549627363877 ) ) ;
#208 = VERTEX_POINT ( 'NONE', #2912 ) ;
#209 = CARTESIAN_POINT ( 'NONE',  ( 9.123879934912830336, 22.02558087168030099, -17.97515453695519838 ) ) ;
#210 = DIRECTION ( 'NONE',  ( -0.6675133512280885251, 0.7445978283155589850, -1.387778780781445873E-15 ) ) ;
#211 = DIRECTION ( 'NONE',  ( 0.000000000000000000, 0.000000000000000000, -1.000000000000000000 ) ) ;
#212 = CARTESIAN_POINT ( 'NONE',  ( -0.0002362082391505889931, 24.09843480153674733, -29.06242905611415139 ) ) ;
#213 = CARTESIAN_POINT ( 'NONE',  ( -8.458748077218238848, -21.91130410102045190, -11.76597901215455977 ) ) ;
#214 = EDGE_CURVE ( 'NONE', #3755, #3121, #1049, .T. ) ;
#215 = CARTESIAN_POINT ( 'NONE',  ( -8.636753608797031134, 20.85291768187489936, -16.66339838996564993 ) ) ;
#216 = CARTESIAN_POINT ( 'NONE',  ( 19.86420842556430699, -9.793641660732607335, -21.37083579201773986 ) ) ;
#217 = DIRECTION ( 'NONE',  ( 1.000000000000000000, 0.000000000000000000, 5.551115123125781913E-15 ) ) ;
#218 = CARTESIAN_POINT ( 'NONE',  ( 23.65669632465183980, 2.499923599129931784, -27.46037505714057048 ) ) ;
#219 = DIRECTION ( 'NONE',  ( -1.000000000000000000, 0.000000000000000000, 0.000000000000000000 ) ) ;
#220 = ORIENTED_EDGE ( 'NONE', *, *, #166, .T. ) ;
#221 = ORIENTED_EDGE ( 'NONE', *, *, #2197, .T. ) ;
#222 = AXIS2_PLACEMENT_3D ( 'NONE', #2503, #3789, #3449 ) ;
#223 = CARTESIAN_POINT ( 'NONE',  ( 22.00000000000000000, 0.000000000000000000, -27.58914082496369957 ) ) ;
#224 = CARTESIAN_POINT ( 'NONE',  ( 22.18462977530633751, -0.000000000000000000, -29.36275730632045367 ) ) ;
#225 = EDGE_CURVE ( 'NONE', #5317, #5826, #5716, .T. ) ;
#226 = DIRECTION ( 'NONE',  ( 0.000000000000000000, 0.000000000000000000, 1.000000000000000000 ) ) ;
#227 = CARTESIAN_POINT ( 'NONE',  ( -16.17942592524655154, 16.17959361454004963, -15.99402064658089806 ) ) ;
#228 = CARTESIAN_POINT ( 'NONE',  ( 23.50558397975349934, -9.737252102591659408, -18.60399774898194991 ) ) ;
#229 = CARTESIAN_POINT ( 'NONE',  ( -20.85375242301079979, 8.637453248077910928, -23.51742247489120174 ) ) ;
#230 = DIRECTION ( 'NONE',  ( 0.000000000000000000, 0.000000000000000000, 1.000000000000000000 ) ) ;
#231 = PERSON_AND_ORGANIZATION ( #1259, #3397 ) ;
#232 = ORIENTED_EDGE ( 'NONE', *, *, #852, .F. ) ;
#233 = CARTESIAN_POINT ( 'NONE',  ( 0.000000000000000000, 0.000000000000000000, 20.00000000000000000 ) ) ;
#234 = CC_DESIGN_DATE_AND_TIME_ASSIGNMENT ( #5545, #4175, ( #4491 ) ) ;
#235 = EDGE_CURVE ( 'NONE', #4707, #5081, #887, .T. ) ;
#236 = CARTESIAN_POINT ( 'NONE',  ( 24.53449844299759874, -21.99456492296560128, 17.50000000000000000 ) ) ;
#237 = CARTESIAN_POINT ( 'NONE',  ( -8.771715029512375139, -23.11299852294656176, -9.931645144591012553 ) ) ;
#238 = EDGE_CURVE ( 'NONE', #591, #3638, #2037, .T. ) ;
#239 = CARTESIAN_POINT ( 'NONE',  ( -15.96300610556835053, -15.96267920125470141, -24.95525588809355000 ) ) ;
#240 = CARTESIAN_POINT ( 'NONE',  ( 13.48077440072933975, -17.57187852535231798, -22.24584321985038926 ) ) ;
#241 = CARTESIAN_POINT ( 'NONE',  ( 31.31510118997309888, -10.25021645926306135, 17.50000000000000000 ) ) ;
#242 = VERTEX_POINT ( 'NONE', #2110 ) ;
#243 = CARTESIAN_POINT ( 'NONE',  ( 22.16588704649500130, 2.493695933167202394, -26.79558326780440680 ) ) ;
#244 = CARTESIAN_POINT ( 'NONE',  ( -5.796869455999601684, -21.63428872845305762, -9.324322137533133770 ) ) ;
#245 = VERTEX_POINT ( 'NONE', #4445 ) ;
#246 = EDGE_LOOP ( 'NONE', ( #2448, #3263 ) ) ;
#247 = CARTESIAN_POINT ( 'NONE',  ( 20.85443714911600210, 8.637860353006990621, -14.25000000000000000 ) ) ;
#248 = CARTESIAN_POINT ( 'NONE',  ( -26.39599301378654772, 23.66334830103579989, 0.000000000000000000 ) ) ;
#249 = AXIS2_PLACEMENT_3D ( 'NONE', #2892, #4692, #2006 ) ;
#250 = CARTESIAN_POINT ( 'NONE',  ( -20.94010891189635259, 8.673988176926760829, -15.24466388919139881 ) ) ;
#251 = CIRCLE ( 'NONE', #4883, 2.499999999999998668 ) ;
#252 = CARTESIAN_POINT ( 'NONE',  ( 22.00000000000000000, 0.000000000000000000, -27.00000000000000000 ) ) ;
#253 = CARTESIAN_POINT ( 'NONE',  ( -23.39212872870854909, 9.685948968048029073, -11.68923983770076092 ) ) ;
#254 = CARTESIAN_POINT ( 'NONE',  ( -22.57551051473594939, -0.0002256385003873500011, -14.02299471345114057 ) ) ;
#255 = DATE_AND_TIME ( #1596, #1685 ) ;
#256 = CIRCLE ( 'NONE', #4891, 2.499999999999998668 ) ;
#257 = VERTEX_POINT ( 'NONE', #5749 ) ;
#258 = FACE_BOUND ( 'NONE', #5068, .T. ) ;
#259 = CARTESIAN_POINT ( 'NONE',  ( -24.53449844299765203, 21.99456492296554799, 0.000000000000000000 ) ) ;
#260 = CARTESIAN_POINT ( 'NONE',  ( 7.120966049811522147, 20.97126691143212440, -12.62684238506653500 ) ) ;
#261 = CARTESIAN_POINT ( 'NONE',  ( -10.95987646439434116, -21.10439082851479853, -11.97909572278083878 ) ) ;
#262 = CARTESIAN_POINT ( 'NONE',  ( -19.86420842556429278, -9.793641660732641085, -20.12690961148290825 ) ) ;
#263 = AXIS2_PLACEMENT_3D ( 'NONE', #5782, #449, #4504 ) ;
#264 = AXIS2_PLACEMENT_3D ( 'NONE', #3076, #4847, #2601 ) ;
#265 = ADVANCED_FACE ( 'NONE', ( #2201 ), #2994, .T. ) ;
#266 = CARTESIAN_POINT ( 'NONE',  ( 20.93834020346599800, 8.672732443140160896, -19.74466388919145032 ) ) ;
#267 = CARTESIAN_POINT ( 'NONE',  ( -7.120966049804227538, -20.97126691143462907, -24.12085913663464254 ) ) ;
#268 = CIRCLE ( 'NONE', #3784, 2.499999999999998668 ) ;
#269 = DIRECTION ( 'NONE',  ( 1.000000000000000000, 0.000000000000000000, 0.000000000000000000 ) ) ;
#270 = AXIS2_PLACEMENT_3D ( 'NONE', #2154, #4016, #3955 ) ;
#271 = ORIENTED_EDGE ( 'NONE', *, *, #774, .F. ) ;
#272 = DIRECTION ( 'NONE',  ( 1.000000000000000000, 0.000000000000000000, 0.000000000000000000 ) ) ;
#273 = ORIENTED_EDGE ( 'NONE', *, *, #1482, .F. ) ;
#274 = CIRCLE ( 'NONE', #3871, 35.45000000000000284 ) ;
#275 = AXIS2_PLACEMENT_3D ( 'NONE', #2975, #1138, #2005 ) ;
#276 = ORIENTED_EDGE ( 'NONE', *, *, #3050, .F. ) ;
#277 = CARTESIAN_POINT ( 'NONE',  ( -20.85324299678839921, -8.637034744021820032, -24.66855618722794929 ) ) ;
#278 = CARTESIAN_POINT ( 'NONE',  ( 24.53449844299759874, -21.99456492296560128, 17.50000000000000000 ) ) ;
#279 = CARTESIAN_POINT ( 'NONE',  ( 16.18138622916974967, 16.18177755497389825, -18.99402064658089984 ) ) ;
#280 = CIRCLE ( 'NONE', #3881, 5.000000000000000888 ) ;
#281 = EDGE_CURVE ( 'NONE', #2187, #307, #4207, .T. ) ;
#282 = CARTESIAN_POINT ( 'NONE',  ( 17.63278414266540040, -17.63415220383244986, -17.67001597436700067 ) ) ;
#283 = CARTESIAN_POINT ( 'NONE',  ( 8.640310085566479614, -20.85704060951570327, -22.27299471345100201 ) ) ;
#284 = PERSON_AND_ORGANIZATION ( #1259, #3397 ) ;
#285 = ORIENTED_EDGE ( 'NONE', *, *, #3483, .T. ) ;
#286 = AXIS2_PLACEMENT_3D ( 'NONE', #5581, #3847, #3433 ) ;
#287 = AXIS2_PLACEMENT_3D ( 'NONE', #5314, #3034, #1731 ) ;
#288 = EDGE_CURVE ( 'NONE', #2803, #245, #2971, .T. ) ;
#289 = LINE ( 'NONE', #5745, #3530 ) ;
#290 = CARTESIAN_POINT ( 'NONE',  ( -22.26383696860014894, -9.221577970918879430, -25.31242905611420113 ) ) ;
#291 = FACE_OUTER_BOUND ( 'NONE', #4454, .T. ) ;
#292 = EDGE_CURVE ( 'NONE', #2612, #3404, #3967, .T. ) ;
#293 = LINE ( 'NONE', #5698, #4433 ) ;
#294 = CARTESIAN_POINT ( 'NONE',  ( 0.000000000000000000, 0.000000000000000000, 20.00000000000000000 ) ) ;
#295 = CARTESIAN_POINT ( 'NONE',  ( 8.636532171835700211, -20.84788496382144984, -22.75258339428614818 ) ) ;
#296 = CARTESIAN_POINT ( 'NONE',  ( 0.000000000000000000, 0.000000000000000000, 0.000000000000000000 ) ) ;
#297 = ORIENTED_EDGE ( 'NONE', *, *, #2508, .T. ) ;
#298 = ORIENTED_EDGE ( 'NONE', *, *, #2281, .F. ) ;
#299 = CARTESIAN_POINT ( 'NONE',  ( -5.698029938853609977, -21.26486472184920018, -8.961470248819461304 ) ) ;
#300 = VERTEX_POINT ( 'NONE', #761 ) ;
#301 = ORIENTED_EDGE ( 'NONE', *, *, #555, .F. ) ;
#302 = CARTESIAN_POINT ( 'NONE',  ( -5.693838915648810506, -21.24920029299734736, -8.267422474891180428 ) ) ;
#303 = DIRECTION ( 'NONE',  ( 0.000000000000000000, 0.000000000000000000, 1.000000000000000000 ) ) ;
#304 = DIRECTION ( 'NONE',  ( -5.551115123125777969E-15, 5.204170427930429961E-15, -1.000000000000000000 ) ) ;
#305 = CC_DESIGN_PERSON_AND_ORGANIZATION_ASSIGNMENT ( #850, #3484, ( #4436 ) ) ;
#306 = CARTESIAN_POINT ( 'NONE',  ( -8.364954723482540544, -21.53142902258734992, -6.910064954231150303 ) ) ;
#307 = VERTEX_POINT ( 'NONE', #2576 ) ;
#308 = DIRECTION ( 'NONE',  ( -1.000000000000000000, 0.000000000000000000, 0.000000000000000000 ) ) ;
#309 = AXIS2_PLACEMENT_3D ( 'NONE', #5823, #5444, #838 ) ;
#310 = CARTESIAN_POINT ( 'NONE',  ( 0.001511957947670819827, 24.93693469153324926, -13.17001597436702198 ) ) ;
#311 = AXIS2_PLACEMENT_3D ( 'NONE', #5324, #1679, #3432 ) ;
#312 = CARTESIAN_POINT ( 'NONE',  ( 22.57572742508084929, -0.001009105696419645851, -20.02299471345099846 ) ) ;
#313 = COORDINATED_UNIVERSAL_TIME_OFFSET ( 8, 0, .BEHIND. ) ;
#314 = VERTEX_POINT ( 'NONE', #5301 ) ;
#315 = FACE_BOUND ( 'NONE', #246, .T. ) ;
#316 = CARTESIAN_POINT ( 'NONE',  ( 9.223317749120930387, 22.26518096583989959, -17.81242905611419758 ) ) ;
#317 = DIRECTION ( 'NONE',  ( 0.000000000000000000, 0.000000000000000000, -1.000000000000000000 ) ) ;
#318 = CARTESIAN_POINT ( 'NONE',  ( 34.74478138222850276, -6.780602746975559647, 17.50000000000000000 ) ) ;
#319 = DIRECTION ( 'NONE',  ( 1.000000000000000000, 0.000000000000000000, 0.000000000000000000 ) ) ;
#320 = FACE_OUTER_BOUND ( 'NONE', #786, .T. ) ;
#321 = CARTESIAN_POINT ( 'NONE',  ( 22.19685693710970043, 0.000000000000000000, -30.00775636383835021 ) ) ;
#322 = CARTESIAN_POINT ( 'NONE',  ( 20.84821907273589758, 8.636789991170788383, -31.75258339428625121 ) ) ;
#323 = ORIENTED_EDGE ( 'NONE', *, *, #2212, .F. ) ;
#324 = CARTESIAN_POINT ( 'NONE',  ( -9.827155490863374254, -19.92058634959350982, -12.37174325050124324 ) ) ;
#325 = DIRECTION ( 'NONE',  ( 0.000000000000000000, 0.000000000000000000, 1.000000000000000000 ) ) ;
#326 = ORIENTED_EDGE ( 'NONE', *, *, #332, .T. ) ;
#327 = CARTESIAN_POINT ( 'NONE',  ( -31.31510118997309888, 10.25021645926300096, 17.50000000000000000 ) ) ;
#328 = ORIENTED_EDGE ( 'NONE', *, *, #3423, .F. ) ;
#329 = ORIENTED_EDGE ( 'NONE', *, *, #1780, .F. ) ;
#330 = ADVANCED_FACE ( 'NONE', ( #320 ), #2410, .T. ) ;
#331 = CARTESIAN_POINT ( 'NONE',  ( 22.00080367872894982, 2.879688038387689719, -29.99027453730045067 ) ) ;
#332 = EDGE_CURVE ( 'NONE', #2396, #1237, #1717, .T. ) ;
#333 = DIRECTION ( 'NONE',  ( 1.000000000000000000, 0.000000000000000000, 0.000000000000000000 ) ) ;
#334 = CARTESIAN_POINT ( 'NONE',  ( -8.340321928137841567, -21.58539548962910359, -11.95532592279961470 ) ) ;
#335 = CARTESIAN_POINT ( 'NONE',  ( -8.594077269163397759, -22.41839674646309888, -11.33306427007644146 ) ) ;
#336 = VERTEX_POINT ( 'NONE', #3078 ) ;
#337 = AXIS2_PLACEMENT_3D ( 'NONE', #3110, #4916, #1810 ) ;
#338 = EDGE_CURVE ( 'NONE', #3905, #5530, #4925, .T. ) ;
#339 = CARTESIAN_POINT ( 'NONE',  ( 0.000000000000000000, 0.000000000000000000, 17.50000000000000000 ) ) ;
#340 = CARTESIAN_POINT ( 'NONE',  ( 9.541940996530948738, -23.04059785487664769, -18.42001597436710014 ) ) ;
#341 = CARTESIAN_POINT ( 'NONE',  ( -20.85385477229620221, -8.639044662181028400, -12.66855618722780008 ) ) ;
#342 = APPROVAL_STATUS ( 'not_yet_approved' ) ;
#343 = VERTEX_POINT ( 'NONE', #3888 ) ;
#344 = EDGE_CURVE ( 'NONE', #3755, #4395, #132, .T. ) ;
#345 = CIRCLE ( 'NONE', #3670, 2.500000000000000000 ) ;
#346 = VERTEX_POINT ( 'NONE', #3587 ) ;
#347 = CARTESIAN_POINT ( 'NONE',  ( 10.25021645926286062, -31.31510118997314507, 17.50000000000000000 ) ) ;
#348 = CARTESIAN_POINT ( 'NONE',  ( 17.22527526280930132, 17.22501633331149762, -18.39970357527319678 ) ) ;
#349 = CYLINDRICAL_SURFACE ( 'NONE', #5190, 35.45000000000000284 ) ;
#350 = AXIS2_PLACEMENT_3D ( 'NONE', #4923, #1663, #392 ) ;
#351 = CARTESIAN_POINT ( 'NONE',  ( -26.58986581671794980, -20.57137661531030304, 0.000000000000000000 ) ) ;
#352 = CARTESIAN_POINT ( 'NONE',  ( -8.441899738557436805, -21.92368672943896257, -7.134267559238314682 ) ) ;
#353 = CARTESIAN_POINT ( 'NONE',  ( 21.99456492296544852, -24.53449844299775151, 17.50000000000000000 ) ) ;
#354 = CARTESIAN_POINT ( 'NONE',  ( -20.93794167614695212, -8.673778997392529888, -13.74466388919134019 ) ) ;
#355 = EDGE_LOOP ( 'NONE', ( #2177, #1558, #5116, #3279 ) ) ;
#356 = CARTESIAN_POINT ( 'NONE',  ( 0.000000000000000000, 0.000000000000000000, 0.000000000000000000 ) ) ;
#357 = CARTESIAN_POINT ( 'NONE',  ( -7.295064260403020029, 34.69127465857359738, 20.00000000000000000 ) ) ;
#358 = ORIENTED_EDGE ( 'NONE', *, *, #5794, .F. ) ;
#359 = CARTESIAN_POINT ( 'NONE',  ( -5.610225936771859878, -20.93668721571079772, -9.001774226559909664 ) ) ;
#360 = VERTEX_POINT ( 'NONE', #920 ) ;
#361 = VECTOR ( 'NONE', #1246, 1000.000000000000000 ) ;
#362 = ORIENTED_EDGE ( 'NONE', *, *, #292, .F. ) ;
#363 = AXIS2_PLACEMENT_3D ( 'NONE', #790, #2637, #2166 ) ;
#364 = VECTOR ( 'NONE', #5357, 1000.000000000000000 ) ;
#365 = CARTESIAN_POINT ( 'NONE',  ( 22.00080106196644891, 2.879684298587310121, -31.16855618722784982 ) ) ;
#366 = FACE_OUTER_BOUND ( 'NONE', #2207, .T. ) ;
#367 = LINE ( 'NONE', #801, #5212 ) ;
#368 = CYLINDRICAL_SURFACE ( 'NONE', #4736, 2.500000000000002220 ) ;
#369 = CARTESIAN_POINT ( 'NONE',  ( -8.399778010831690622, -21.69078764217785249, -11.91419392942709976 ) ) ;
#370 = DIRECTION ( 'NONE',  ( 1.000000000000000000, -8.881784197001252323E-15, 0.000000000000000000 ) ) ;
#371 = AXIS2_PLACEMENT_3D ( 'NONE', #2022, #5636, #1570 ) ;
#372 = ORIENTED_EDGE ( 'NONE', *, *, #5217, .T. ) ;
#373 = AXIS2_PLACEMENT_3D ( 'NONE', #3660, #5442, #5107 ) ;
#374 = DIRECTION ( 'NONE',  ( 0.000000000000000000, 0.000000000000000000, -1.000000000000000000 ) ) ;
#375 = CARTESIAN_POINT ( 'NONE',  ( -22.45478981994209988, 9.301910542234519852, -22.26496339966604765 ) ) ;
#376 = CARTESIAN_POINT ( 'NONE',  ( 8.636805175219558706, 20.85248148171815075, -30.16339838996564993 ) ) ;
#377 = CIRCLE ( 'NONE', #2653, 2.499999999999998668 ) ;
#378 = EDGE_CURVE ( 'NONE', #946, #360, #5167, .T. ) ;
#379 = CALENDAR_DATE ( 2026, 22, 6 ) ;
#380 = ORIENTED_EDGE ( 'NONE', *, *, #2159, .T. ) ;
#381 = ORIENTED_EDGE ( 'NONE', *, *, #3118, .T. ) ;
#382 = CARTESIAN_POINT ( 'NONE',  ( 22.22075046271050525, -0.000000000000000000, -29.99103267687010899 ) ) ;
#383 = CARTESIAN_POINT ( 'NONE',  ( -9.320955887840890242, 22.50303443529150016, -16.14970357527315059 ) ) ;
#384 = CARTESIAN_POINT ( 'NONE',  ( 17.57187852535478712, 13.48077440072608013, -13.75183759973177899 ) ) ;
#385 = DIRECTION ( 'NONE',  ( 0.000000000000000000, 0.000000000000000000, 1.000000000000000000 ) ) ;
#386 = DIRECTION ( 'NONE',  ( 0.000000000000000000, 0.000000000000000000, 1.000000000000000000 ) ) ;
#387 = FACE_OUTER_BOUND ( 'NONE', #4763, .T. ) ;
#388 = VECTOR ( 'NONE', #1175, 1000.000000000000000 ) ;
#389 = VECTOR ( 'NONE', #3339, 1000.000000000000000 ) ;
#390 = CARTESIAN_POINT ( 'NONE',  ( -15.95573810880434884, -15.95540507553904952, -25.00258339428609844 ) ) ;
#391 = FACE_OUTER_BOUND ( 'NONE', #5633, .T. ) ;
#392 = DIRECTION ( 'NONE',  ( 1.000000000000000000, 0.000000000000000000, 0.000000000000000000 ) ) ;
#393 = ADVANCED_FACE ( 'NONE', ( #1841 ), #950, .T. ) ;
#394 = CARTESIAN_POINT ( 'NONE',  ( -5.771838488692480063, -21.54073262357945140, -11.99402064658090161 ) ) ;
#395 = ORIENTED_EDGE ( 'NONE', *, *, #5030, .T. ) ;
#396 = CARTESIAN_POINT ( 'NONE',  ( -5.708753802342429573, -21.30494638888589876, -8.959779655611599836 ) ) ;
#397 = ORIENTED_EDGE ( 'NONE', *, *, #981, .F. ) ;
#398 = CARTESIAN_POINT ( 'NONE',  ( -15.96297513256705258, 15.96281796915640250, -25.74027453730045067 ) ) ;
#399 = DIRECTION ( 'NONE',  ( -1.000000000000000000, 2.775557561562891351E-15, 0.000000000000000000 ) ) ;
#400 = DIRECTION ( 'NONE',  ( 1.000000000000000000, 0.000000000000000000, 0.000000000000000000 ) ) ;
#401 = FACE_OUTER_BOUND ( 'NONE', #4965, .T. ) ;
#402 = B_SPLINE_SURFACE_WITH_KNOTS ( 'NONE', 3, 3, ( 
 ( #5127, #2880, #4682, #630, #415, #3992, #5746, #3107, #5325, #1742, #290, #1680, #1714, #3489, #2227, #2132, #3965, #5298, #4820, #1239, #316, #1302, #3937, #4913, #855, #4022, #788, #2572, #4441, #3045, #5807 ),
 ( #3520, #4846, #2669, #1269, #3075, #3548, #5777, #5355, #2545, #5835, #2600, #3020, #4469, #816, #1773, #4405, #4877, #4349, #3584, #348, #2633, #5394, #383, #2196, #2991, #4790, #732, #2107, #3907, #5721, #1656 ),
 ( #2162, #3460, #5265, #1209, #758, #4377, #2785, #2813, #65, #5521, #2313, #2342, #2727, #1904, #1456, #5064, #3258, #4974, #2286, #1837, #4614, #1007, #11, #4527, #475, #38, #5490, #1932, #4499, #3646, #3735 ),
 ( #568, #1427, #502, #2377, #1394, #4085, #5457, #3614, #1368, #3200, #4179, #5004, #4585, #127, #4113, #3710, #947, #1867, #2757, #1337, #3141, #4561, #917, #4945, #3676, #3230, #98, #5033, #886, #2698, #445 ),
 ( #2254, #4053, #979, #533, #1807, #4143, #5425, #3171, #4676, #1151, #4732, #4263, #625, #5203, #205, #5629, #228, #2459, #4286, #5091, #2507, #5602, #5574, #2042, #3366, #1592, #2870, #2015, #1039, #2482, #1540 ),
 ( #2068, #2931, #1988, #2429, #1064, #4314, #3839, #4703, #5656, #4757, #3817, #1091, #4230, #3342, #5174, #1563, #178, #1118, #2959, #679, #3401, #649, #701, #3793, #253, #5546, #1488, #3285, #3317, #5147, #2901 ),
 ( #4208, #2845, #4650, #597, #2404, #153, #1959, #3766, #1514, #5123, #5769, #1649, #2627, #3513, #340, #282, #4341, #1674, #4464, #3039, #1706, #310, #2101, #808, #1737, #5740, #1295, #5318, #3542, #4904, #3454 ),
 ( #5259, #3099, #782, #1203, #4429, #3011, #5348, #2662, #375, #846, #2189, #3930, #3069, #408, #753, #2594, #726, #3987, #4870, #1177, #2984, #3478, #4397, #5800, #2126, #5292, #1232, #3902, #4372, #3874, #1622 ),
 ( #5689, #4839, #3426, #5231, #1263, #4815, #2155, #4783, #2535, #5713, #2566, #3956, #5483, #4522, #5419, #3607, #5058, #5028, #1390, #973, #1452, #4557, #3640, #908, #4080, #1861, #499, #3166, #3671, #3705, #941 ),
 ( #3133, #1362, #5383, #4109, #2779, #4940, #1002, #4968, #2721, #4046, #2807, #1802, #2750, #5451, #880, #468, #2282, #5518, #4581, #33, #2308, #1830, #3254, #62, #3194, #4609, #4998, #1422, #3224, #4493, #2248 ),
 ( #528, #440, #2336, #91, #4138, #2220, #1897, #4017, #5829, #1766, #3576, #1330, #2693, #4, #1561, #594, #3283, #2899, #2451, #4671, #2840, #623, #2954, #1589, #3837, #3364, #3312, #673, #4699, #5170, #3730 ) ),
 .UNSPECIFIED., .F., .F., .F.,
 ( 4, 1, 1, 1, 1, 1, 1, 1, 4 ),
 ( 4, 1, 1, 1, 1, 1, 1, 1, 1, 1, 1, 1, 1, 1, 1, 1, 1, 1, 1, 1, 1, 1, 1, 1, 1, 1, 1, 1, 4 ),
 ( 0.000000000000000000, 0.1250000000000000000, 0.2500000000000000000, 0.3750000000000000000, 0.5000000000000000000, 0.6250000000000000000, 0.7500000000000000000, 0.8750000000000000000, 1.000000000000000000 ),
 ( 0.000000000000000000, 0.03658536585365854826, 0.07317073170731711040, 0.1097560975609755962, 0.1463414634146342208, 0.1829268292682925123, 0.2195121951219514977, 0.2560975609756099836, 0.2926829268292684971, 0.3292682926829270107, 0.3658536585365855243, 0.4024390243902439823, 0.4390243902439024959, 0.4756097560975610095, 0.5121951219512199671, 0.5487804878048780921, 0.5853658536585369943, 0.6219512195121950082, 0.6585365853658540214, 0.6951219512195119243, 0.7317073170731710485, 0.7682926829268299507, 0.8048780487804879646, 0.8414634146341469778, 0.8780487804878049918, 0.9146341463414640049, 0.9512195121951220189, 0.9878048780487810321, 1.000000000000000000 ),
 .UNSPECIFIED. ) ;
#403 = CARTESIAN_POINT ( 'NONE',  ( -8.501244787228179334, -22.06950748160809894, -11.65077998215942046 ) ) ;
#404 = DIRECTION ( 'NONE',  ( 0.000000000000000000, 0.000000000000000000, 1.000000000000000000 ) ) ;
#405 = ORIENTED_EDGE ( 'NONE', *, *, #3740, .F. ) ;
#406 = ADVANCED_FACE ( 'NONE', ( #5006 ), #5649, .T. ) ;
#407 = DIRECTION ( 'NONE',  ( 1.000000000000000000, 0.000000000000000000, 0.000000000000000000 ) ) ;
#408 = CARTESIAN_POINT ( 'NONE',  ( 0.0001906184721688625042, -24.30592092480839739, -18.51496339966604765 ) ) ;
#409 = CARTESIAN_POINT ( 'NONE',  ( -8.639105930112869203, -20.85488688244719668, -24.10827761439389860 ) ) ;
#410 = APPROVAL_STATUS ( 'not_yet_approved' ) ;
#411 = VERTEX_POINT ( 'NONE', #3145 ) ;
#412 = AXIS2_PLACEMENT_3D ( 'NONE', #3074, #2571, #2599 ) ;
#413 = EDGE_CURVE ( 'NONE', #618, #5248, #1863, .T. ) ;
#414 = CARTESIAN_POINT ( 'NONE',  ( -35.45000000000000284, 4.152809267445049311E-14, 0.000000000000000000 ) ) ;
#415 = CARTESIAN_POINT ( 'NONE',  ( 9.222275847876240107, 22.26329313341139837, -29.81242905611420113 ) ) ;
#416 = AXIS2_PLACEMENT_3D ( 'NONE', #2603, #5781, #4768 ) ;
#417 = CARTESIAN_POINT ( 'NONE',  ( 22.00081087482589837, 2.879698322838744939, -26.75000000000000000 ) ) ;
#418 = FACE_OUTER_BOUND ( 'NONE', #3058, .T. ) ;
#419 = DIRECTION ( 'NONE',  ( 0.000000000000000000, 0.000000000000000000, 1.000000000000000000 ) ) ;
#420 = CARTESIAN_POINT ( 'NONE',  ( -12.72499999999999964, 30.70060056415834993, 17.50000000000000000 ) ) ;
#421 = CC_DESIGN_DATE_AND_TIME_ASSIGNMENT ( #2223, #2723, ( #5628 ) ) ;
#422 = CARTESIAN_POINT ( 'NONE',  ( 21.62777217360500259, 8.958003672591880573, -31.65349006216974814 ) ) ;
#423 = DIRECTION ( 'NONE',  ( 1.000000000000000000, 0.000000000000000000, 0.000000000000000000 ) ) ;
#424 = EDGE_CURVE ( 'NONE', #2062, #2500, #2809, .T. ) ;
#425 = CARTESIAN_POINT ( 'NONE',  ( 22.10000000000000142, 1.732349136746535199E-14, -15.00183228269314917 ) ) ;
#426 = CARTESIAN_POINT ( 'NONE',  ( -22.66348022270614848, -0.0001846165429291654885, -14.49466388919153914 ) ) ;
#427 = ORIENTED_EDGE ( 'NONE', *, *, #4538, .T. ) ;
#428 = CARTESIAN_POINT ( 'NONE',  ( -5.641707782358689194, -21.05435421639835170, -9.001750032014349756 ) ) ;
#429 = ORIENTED_EDGE ( 'NONE', *, *, #2221, .T. ) ;
#430 = EDGE_CURVE ( 'NONE', #5568, #4346, #4875, .T. ) ;
#431 = CARTESIAN_POINT ( 'NONE',  ( 20.85362821027314695, 8.637519329625220621, -19.60827761439399808 ) ) ;
#432 = CYLINDRICAL_SURFACE ( 'NONE', #4758, 5.000000000000000000 ) ;
#433 = CARTESIAN_POINT ( 'NONE',  ( 33.31318758815234560, 4.520401831316839925, 17.50000000000000000 ) ) ;
#434 = CARTESIAN_POINT ( 'NONE',  ( -26.39599301378660101, -23.66334830103570042, 0.000000000000000000 ) ) ;
#435 = CARTESIAN_POINT ( 'NONE',  ( -8.502535924093960418, -22.07433239616199927, -11.64697900803686004 ) ) ;
#436 = CARTESIAN_POINT ( 'NONE',  ( 26.58986581671785032, -20.57137661531045225, 0.000000000000000000 ) ) ;
#437 = VERTEX_POINT ( 'NONE', #4530 ) ;
#438 = AXIS2_PLACEMENT_3D ( 'NONE', #1080, #193, #1976 ) ;
#439 = DIRECTION ( 'NONE',  ( 0.000000000000000000, 0.000000000000000000, -1.000000000000000000 ) ) ;
#440 = CARTESIAN_POINT ( 'NONE',  ( 22.00081087482589837, 2.879698322838744939, -26.75000000000000000 ) ) ;
#441 = CARTESIAN_POINT ( 'NONE',  ( 22.57193352979904688, -0.001017074806210848054, -20.35827761439389860 ) ) ;
#442 = VERTEX_POINT ( 'NONE', #2345 ) ;
#443 = CLOSED_SHELL ( 'NONE', ( #1204, #5833, #2932, #265, #2348, #3268, #2885, #4738, #1868, #4848, #5059, #5361, #3870, #131, #4694, #5539, #4402, #1838, #4837, #3496, #4243, #2455, #4987, #1726, #5778, #5191, #1704, #1524, #4667, #962, #2615, #2570, #4494, #406, #1755, #3681, #716, #5657, #5158, #177, #2564, #4302, #3627, #2516, #3195, #4579, #4061, #2710, #3360, #5152, #1292, #330, #2382, #1358, #4512, #1036, #103, #5458, #4619, #3880, #5118, #2279, #4107, #2963, #4972, #2501, #1949, #990, #1576, #650, #3324, #5113, #5608, #4784, #393, #1461, #4727, #5548, #3490, #5556, #1972, #678, #2014, #104, #2894, #3525, #5179, #1454, #5611, #2140, #3854, #800, #1271, #5601, #3185, #3131, #5505, #2574, #4716, #2640, #3824, #5237, #3272, #1344, #3321, #1487, #525, #2752, #5404, #4035, #5634, #1842, #1090, #2442, #5038, #4105, #43, #3885, #2824, #1693, #5417, #677, #5844, #682, #5288, #5679, #2696, #4471, #4000, #826 ) ) ;
#444 = CARTESIAN_POINT ( 'NONE',  ( -5.942690510164459816, -22.17931160626829978, -9.024973354720369656 ) ) ;
#445 = CARTESIAN_POINT ( 'NONE',  ( -6.368599009902280450, -23.77119336533609939, -10.24954139175622103 ) ) ;
#446 = CARTESIAN_POINT ( 'NONE',  ( -5.693838915648810506, -21.24920029299734736, -6.500000000000000000 ) ) ;
#447 = DIRECTION ( 'NONE',  ( -5.551115123125781913E-15, 2.775557561562894901E-15, -1.000000000000000000 ) ) ;
#448 = CARTESIAN_POINT ( 'NONE',  ( -1.446441617590290551, -22.09999999999999787, -18.12687943439421900 ) ) ;
#449 = DIRECTION ( 'NONE',  ( 0.000000000000000000, 0.000000000000000000, -1.000000000000000000 ) ) ;
#450 = AXIS2_PLACEMENT_3D ( 'NONE', #46, #2261, #2233 ) ;
#451 = CARTESIAN_POINT ( 'NONE',  ( 8.755718451295500415, 21.13903155911309995, -30.24402064658085010 ) ) ;
#452 = DIRECTION ( 'NONE',  ( -0.8221469494880889739, 0.5692753230620750671, 0.000000000000000000 ) ) ;
#453 = CARTESIAN_POINT ( 'NONE',  ( -33.69105727418959617, -11.02792635753779926, 0.000000000000000000 ) ) ;
#454 = CARTESIAN_POINT ( 'NONE',  ( 22.26579983491330239, 9.220900910003450690, -31.31242905611425442 ) ) ;
#455 = DIRECTION ( 'NONE',  ( 0.000000000000000000, 0.000000000000000000, -1.000000000000000000 ) ) ;
#456 = CARTESIAN_POINT ( 'NONE',  ( -8.286680618088469785, -21.32966733731820241, -6.853656639815689289 ) ) ;
#457 = ORIENTED_EDGE ( 'NONE', *, *, #2408, .F. ) ;
#458 = CARTESIAN_POINT ( 'NONE',  ( -15.96515119684775108, 15.96500353492780278, -27.52299471345100201 ) ) ;
#459 = DIRECTION ( 'NONE',  ( 0.000000000000000000, 0.000000000000000000, 1.000000000000000000 ) ) ;
#460 = DIRECTION ( 'NONE',  ( 1.000000000000000000, 0.000000000000000000, 0.000000000000000000 ) ) ;
#461 = CYLINDRICAL_SURFACE ( 'NONE', #1834, 2.500000000000002220 ) ;
#462 = CARTESIAN_POINT ( 'NONE',  ( -34.69127465857359738, -7.295064260402980061, 20.00000000000000000 ) ) ;
#463 = CARTESIAN_POINT ( 'NONE',  ( 17.72500000000000142, -30.70060056415840322, 17.50000000000000000 ) ) ;
#464 = ORIENTED_EDGE ( 'NONE', *, *, #5683, .F. ) ;
#465 = CIRCLE ( 'NONE', #1312, 2.499999999999998668 ) ;
#466 = AXIS2_PLACEMENT_3D ( 'NONE', #4406, #2108, #3491 ) ;
#467 = CARTESIAN_POINT ( 'NONE',  ( 0.000000000000000000, 0.000000000000000000, -32.50000000000000000 ) ) ;
#468 = CARTESIAN_POINT ( 'NONE',  ( 16.16426258795515025, -16.16451522506520178, -16.50000000000000000 ) ) ;
#469 = CIRCLE ( 'NONE', #566, 2.500000000000000444 ) ;
#470 = CARTESIAN_POINT ( 'NONE',  ( -10.26518842987930036, -19.76575739041309987, -12.27494428106055935 ) ) ;
#471 = CIRCLE ( 'NONE', #4812, 5.000000000000000888 ) ;
#472 = EDGE_CURVE ( 'NONE', #5541, #5607, #1575, .T. ) ;
#473 = EDGE_LOOP ( 'NONE', ( #5559, #3359, #5542, #4957 ) ) ;
#474 = DIRECTION ( 'NONE',  ( 0.000000000000000000, 0.000000000000000000, -1.000000000000000000 ) ) ;
#475 = CARTESIAN_POINT ( 'NONE',  ( -22.93177313845064802, 9.495974797445759563, -14.23658235219510004 ) ) ;
#476 = CARTESIAN_POINT ( 'NONE',  ( 8.637365088855540662, 20.85347200581399818, -13.33914082496373865 ) ) ;
#477 = CARTESIAN_POINT ( 'NONE',  ( -10.25021645926304004, -31.31510118997309888, 17.50000000000000000 ) ) ;
#478 = CARTESIAN_POINT ( 'NONE',  ( 11.07542989873717687, -19.17907833842012266, -17.00186245978183308 ) ) ;
#479 = CARTESIAN_POINT ( 'NONE',  ( 21.56931987018840147, 0.000000000000000000, -29.49788144411694901 ) ) ;
#480 = EDGE_CURVE ( 'NONE', #3720, #5139, #538, .T. ) ;
#481 = EDGE_CURVE ( 'NONE', #3162, #1380, #2672, .T. ) ;
#482 = CARTESIAN_POINT ( 'NONE',  ( 16.55174668164475094, -16.55241688153299862, -21.90349006216970196 ) ) ;
#483 = DIRECTION ( 'NONE',  ( 0.9966378054316047397, 0.08193341677529829281, 0.000000000000000000 ) ) ;
#484 = CYLINDRICAL_SURFACE ( 'NONE', #5267, 2.499999999999998668 ) ;
#485 = CARTESIAN_POINT ( 'NONE',  ( -2.426894787342789920E-05, 23.83944250046375046, -29.22515453695519838 ) ) ;
#486 = CARTESIAN_POINT ( 'NONE',  ( 22.10000000000000142, 0.000000000000000000, -29.34339416700144909 ) ) ;
#487 = CARTESIAN_POINT ( 'NONE',  ( -8.237588110753838677, -21.14074591215830168, -6.795695531387830002 ) ) ;
#488 = ORIENTED_EDGE ( 'NONE', *, *, #1218, .F. ) ;
#489 = CARTESIAN_POINT ( 'NONE',  ( -15.96247406452140005, 15.96300607851855169, -15.52299471345104998 ) ) ;
#490 = CARTESIAN_POINT ( 'NONE',  ( 0.000000000000000000, 0.000000000000000000, 17.50000000000000000 ) ) ;
#491 = DIRECTION ( 'NONE',  ( 1.000000000000000000, -1.734723475976805517E-15, 0.000000000000000000 ) ) ;
#492 = CYLINDRICAL_SURFACE ( 'NONE', #510, 35.45000000000000284 ) ;
#493 = CARTESIAN_POINT ( 'NONE',  ( -8.779929526997380052, -23.08215461062780349, -8.708615630619139125 ) ) ;
#494 = CARTESIAN_POINT ( 'NONE',  ( -33.31318758815234560, 4.520401831317000685, 17.50000000000000000 ) ) ;
#495 = ORIENTED_EDGE ( 'NONE', *, *, #4443, .F. ) ;
#496 = ORIENTED_EDGE ( 'NONE', *, *, #166, .F. ) ;
#497 = FACE_OUTER_BOUND ( 'NONE', #3534, .T. ) ;
#498 = CC_DESIGN_DATE_AND_TIME_ASSIGNMENT ( #5831, #3515, ( #1546 ) ) ;
#499 = CARTESIAN_POINT ( 'NONE',  ( -21.67773819966534887, -8.979302980946538781, -8.338419329384940681 ) ) ;
#500 = CARTESIAN_POINT ( 'NONE',  ( 0.001005299720811123976, 22.57146371203809920, -29.35827761439395189 ) ) ;
#501 = EDGE_LOOP ( 'NONE', ( #768, #1074 ) ) ;
#502 = CARTESIAN_POINT ( 'NONE',  ( 23.33002951340644771, 9.659410164787340491, -29.99954139175620327 ) ) ;
#503 = DIRECTION ( 'NONE',  ( 1.000000000000000000, 0.000000000000000000, 0.000000000000000000 ) ) ;
#504 = FACE_OUTER_BOUND ( 'NONE', #3673, .T. ) ;
#505 = DIRECTION ( 'NONE',  ( 0.5000000000000001110, 0.8660254037844385966, 0.000000000000000000 ) ) ;
#506 = CARTESIAN_POINT ( 'NONE',  ( 23.96853071073080343, 2.499282912195764705, -27.74806949562724867 ) ) ;
#507 = CARTESIAN_POINT ( 'NONE',  ( 22.88207438478944766, -0.0006727177393255480246, -20.49402064658079681 ) ) ;
#508 = CARTESIAN_POINT ( 'NONE',  ( -20.42374441781540639, -8.733464920005770793, -13.72347639864421787 ) ) ;
#509 = FACE_OUTER_BOUND ( 'NONE', #5832, .T. ) ;
#510 = AXIS2_PLACEMENT_3D ( 'NONE', #3187, #5375, #1322 ) ;
#511 = CARTESIAN_POINT ( 'NONE',  ( -16.85663521306204871, -16.85713670471974979, -24.72515453695514864 ) ) ;
#512 = DIRECTION ( 'NONE',  ( -0.8660254037844389297, 0.4999999999999995559, 0.000000000000000000 ) ) ;
#513 = CARTESIAN_POINT ( 'NONE',  ( -8.048386394173171254, -20.41286701813420024, -6.717257685830349878 ) ) ;
#514 = VERTEX_POINT ( 'NONE', #2230 ) ;
#515 = ORIENTED_EDGE ( 'NONE', *, *, #2878, .F. ) ;
#516 = APPROVAL_PERSON_ORGANIZATION ( #5453, #2590, #3642 ) ;
#517 = CARTESIAN_POINT ( 'NONE',  ( 20.85227034995364903, -8.636959263542170362, -21.10827761439395189 ) ) ;
#518 = CARTESIAN_POINT ( 'NONE',  ( -12.74181097284204078, -31.11026764803485278, 17.50000000000000000 ) ) ;
#519 = FACE_OUTER_BOUND ( 'NONE', #473, .T. ) ;
#520 = CARTESIAN_POINT ( 'NONE',  ( -8.458748077218238848, -21.91130410102045190, -11.76597901215455977 ) ) ;
#521 = CARTESIAN_POINT ( 'NONE',  ( -8.611703308618949393, -22.46764109195050096, -7.590487216035100460 ) ) ;
#522 = CARTESIAN_POINT ( 'NONE',  ( 33.69105727418954643, -11.02792635753794137, 17.50000000000000000 ) ) ;
#523 = ORIENTED_EDGE ( 'NONE', *, *, #4930, .F. ) ;
#524 = EDGE_LOOP ( 'NONE', ( #971, #5054, #5596, #3531, #4124 ) ) ;
#525 = ADVANCED_FACE ( 'NONE', ( #4026 ), #2379, .T. ) ;
#526 = CARTESIAN_POINT ( 'NONE',  ( -17.72500000000000142, 30.70060056415834993, 0.000000000000000000 ) ) ;
#527 = ORIENTED_EDGE ( 'NONE', *, *, #4048, .T. ) ;
#528 = CARTESIAN_POINT ( 'NONE',  ( 22.00000000000000000, 0.000000000000000000, -27.00000000000000000 ) ) ;
#529 = CARTESIAN_POINT ( 'NONE',  ( 0.0001233608826188305999, -22.56592055825269938, -23.50258339428625121 ) ) ;
#530 = EDGE_LOOP ( 'NONE', ( #2238, #2142, #221, #2124, #2979 ) ) ;
#531 = EDGE_CURVE ( 'NONE', #3945, #5063, #5209, .T. ) ;
#532 = EDGE_LOOP ( 'NONE', ( #2475, #5775, #4329, #3271 ) ) ;
#533 = CARTESIAN_POINT ( 'NONE',  ( 17.99356083546560114, 17.99249173305595306, -28.35399774898195346 ) ) ;
#534 = CARTESIAN_POINT ( 'NONE',  ( -22.57266373321159847, -0.0002571224954794390353, -9.000000000000000000 ) ) ;
#535 = DIRECTION ( 'NONE',  ( 0.000000000000000000, -1.000000000000000000, -5.551115123125781913E-15 ) ) ;
#536 = CARTESIAN_POINT ( 'NONE',  ( -31.31510118997314507, -10.25021645926292102, 0.000000000000000000 ) ) ;
#537 = CARTESIAN_POINT ( 'NONE',  ( 24.45732454705874659, 2.494294391942979860, -28.56393085348150152 ) ) ;
#538 = CIRCLE ( 'NONE', #2902, 2.500000000000002220 ) ;
#539 = CARTESIAN_POINT ( 'NONE',  ( 16.55268783473900029, 16.55225410560219856, -30.90349006216959893 ) ) ;
#540 = CARTESIAN_POINT ( 'NONE',  ( -7.734001875518999647, -20.70254126887489932, -12.17863851505227935 ) ) ;
#541 = VECTOR ( 'NONE', #1139, 1000.000000000000000 ) ;
#542 = DIRECTION ( 'NONE',  ( 0.000000000000000000, 5.204170427930420494E-15, -1.000000000000000000 ) ) ;
#543 = CARTESIAN_POINT ( 'NONE',  ( -10.84204654341878005, -20.87733864050455068, -12.14182120362185913 ) ) ;
#544 = FACE_OUTER_BOUND ( 'NONE', #1191, .T. ) ;
#545 = CARTESIAN_POINT ( 'NONE',  ( -7.958412310920668808, -20.07771700643660040, -6.720710739177610193 ) ) ;
#546 = EDGE_CURVE ( 'NONE', #1168, #1626, #5353, .T. ) ;
#547 = VECTOR ( 'NONE', #3150, 1000.000000000000000 ) ;
#548 = CARTESIAN_POINT ( 'NONE',  ( 0.0009981559218801838718, 22.57525999093264701, -29.02299471345099846 ) ) ;
#549 = CARTESIAN_POINT ( 'NONE',  ( 22.28859557536866731, 2.231789590606577001, -32.28257664635049906 ) ) ;
#550 = CARTESIAN_POINT ( 'NONE',  ( -14.05047700880656159, 17.11544633158609585, -22.68897116795609747 ) ) ;
#551 = CARTESIAN_POINT ( 'NONE',  ( -8.484793147355699006, -21.91183927255500308, -11.79139741530443786 ) ) ;
#552 = AXIS2_PLACEMENT_3D ( 'NONE', #1079, #637, #217 ) ;
#553 = CARTESIAN_POINT ( 'NONE',  ( 10.25021645926286062, -31.31510118997314507, 20.00000000000000000 ) ) ;
#554 = ORIENTED_EDGE ( 'NONE', *, *, #3199, .T. ) ;
#555 = EDGE_CURVE ( 'NONE', #628, #1236, #2246, .T. ) ;
#556 = ORIENTED_EDGE ( 'NONE', *, *, #5363, .F. ) ;
#557 = DIRECTION ( 'NONE',  ( 5.551115123125781913E-15, 0.000000000000000000, -1.000000000000000000 ) ) ;
#558 = ORIENTED_EDGE ( 'NONE', *, *, #3546, .T. ) ;
#559 = CARTESIAN_POINT ( 'NONE',  ( -24.53449844299765203, 21.99456492296554799, 17.50000000000000000 ) ) ;
#560 = CARTESIAN_POINT ( 'NONE',  ( 8.634721504756949884, 20.84694712715115017, -18.25258339428620147 ) ) ;
#561 = LOCAL_TIME ( 21, 1, 52.00000000000000000, #3071 ) ;
#562 = ITEM_DEFINED_TRANSFORMATION ( 'NONE', 'NONE', #2638,  #937 ) ;
#563 = AXIS2_PLACEMENT_3D ( 'NONE', #631, #604, #211 ) ;
#564 = ORIENTED_EDGE ( 'NONE', *, *, #4795, .T. ) ;
#565 = AXIS2_PLACEMENT_3D ( 'NONE', #5401, #1748, #1782 ) ;
#566 = AXIS2_PLACEMENT_3D ( 'NONE', #2593, #5258, #1202 ) ;
#567 = AXIS2_PLACEMENT_3D ( 'NONE', #4822, #4879, #4849 ) ;
#568 = CARTESIAN_POINT ( 'NONE',  ( 24.61069918637165088, 0.000000000000000000, -30.74954139175619972 ) ) ;
#569 = CARTESIAN_POINT ( 'NONE',  ( -22.57170628101659915, -0.0008276010193791759643, -24.24027453730039738 ) ) ;
#570 = CARTESIAN_POINT ( 'NONE',  ( -19.99498524782887188, 9.517273536663134692, -27.34449675050212747 ) ) ;
#571 = CARTESIAN_POINT ( 'NONE',  ( 21.59678906844730051, 2.490537962467370470, -26.78071714406035042 ) ) ;
#572 = CIRCLE ( 'NONE', #4159, 5.000000000000000888 ) ;
#573 = CIRCLE ( 'NONE', #373, 2.500000000000000888 ) ;
#574 = CARTESIAN_POINT ( 'NONE',  ( -6.078512556599419803, -22.68696204839885411, -11.56242905611419935 ) ) ;
#575 = DIRECTION ( 'NONE',  ( 0.000000000000000000, 0.000000000000000000, -1.000000000000000000 ) ) ;
#576 = DIRECTION ( 'NONE',  ( 0.000000000000000000, 0.000000000000000000, 1.000000000000000000 ) ) ;
#577 = AXIS2_PLACEMENT_3D ( 'NONE', #1761, #2961, #370 ) ;
#578 = CARTESIAN_POINT ( 'NONE',  ( 23.83952791461785026, 0.0003980364459982994852, -20.22515453695515220 ) ) ;
#579 = CARTESIAN_POINT ( 'NONE',  ( 24.09844120003245038, 0.0006885919828675549298, -20.06242905611415139 ) ) ;
#580 = VECTOR ( 'NONE', #5566, 1000.000000000000000 ) ;
#581 = CARTESIAN_POINT ( 'NONE',  ( -5.579357209154339969, -20.82131181359930139, -9.920895680642368930 ) ) ;
#582 = CARTESIAN_POINT ( 'NONE',  ( -20.85299900833240017, 8.637182921984090100, -27.16339838996579914 ) ) ;
#583 = CARTESIAN_POINT ( 'NONE',  ( 24.31021082165871405, 2.481078540245857944, -30.86336339304295251 ) ) ;
#584 = CARTESIAN_POINT ( 'NONE',  ( 8.318290540207044614, 20.52219407843877619, -24.73752988352374871 ) ) ;
#585 = EDGE_LOOP ( 'NONE', ( #2194, #3788, #1918, #5480 ) ) ;
#586 = CARTESIAN_POINT ( 'NONE',  ( -8.500248154283671198, -21.96929583842159772, -11.75191580860866125 ) ) ;
#587 = CARTESIAN_POINT ( 'NONE',  ( -4.520401831316960717, 33.31318758815234560, 0.000000000000000000 ) ) ;
#588 = EDGE_LOOP ( 'NONE', ( #3626, #3707, #381, #4874 ) ) ;
#589 = VECTOR ( 'NONE', #4283, 1000.000000000000000 ) ;
#590 = AXIS2_PLACEMENT_3D ( 'NONE', #5227, #4227, #3363 ) ;
#591 = VERTEX_POINT ( 'NONE', #5176 ) ;
#592 = EDGE_LOOP ( 'NONE', ( #2059, #3947, #4135, #2623 ) ) ;
#593 = CARTESIAN_POINT ( 'NONE',  ( 22.38420240358651725, -0.000000000000000000, -29.58047976447927496 ) ) ;
#594 = CARTESIAN_POINT ( 'NONE',  ( 15.96014691364154992, -15.96024844755575245, -16.50000000000000000 ) ) ;
#595 = CARTESIAN_POINT ( 'NONE',  ( 8.634427336722829693, 20.84675399117390171, -30.25258339428614818 ) ) ;
#596 = EDGE_CURVE ( 'NONE', #5164, #811, #5235, .T. ) ;
#597 = CARTESIAN_POINT ( 'NONE',  ( 17.63489238050640040, 17.63403281879679696, -26.67001597436705040 ) ) ;
#598 = CARTESIAN_POINT ( 'NONE',  ( -8.637643770113101027, 20.85411520449745026, -26.49027453730040094 ) ) ;
#599 = CARTESIAN_POINT ( 'NONE',  ( 22.00922865479605051, 0.008061294732536859395, -32.50000000000000000 ) ) ;
#600 = CARTESIAN_POINT ( 'NONE',  ( 23.71167302970409807, 2.479131010479014741, -31.59789388228220020 ) ) ;
#601 = EDGE_CURVE ( 'NONE', #3720, #2836, #3661, .T. ) ;
#602 = CARTESIAN_POINT ( 'NONE',  ( 16.85674186096255056, -16.85763352925210157, -21.72515453695519838 ) ) ;
#603 = CARTESIAN_POINT ( 'NONE',  ( -31.31510118997309888, 10.25021645926300096, 0.000000000000000000 ) ) ;
#604 = DIRECTION ( 'NONE',  ( 0.000000000000000000, -1.000000000000000000, 0.000000000000000000 ) ) ;
#605 = CARTESIAN_POINT ( 'NONE',  ( 24.09844120003245038, 0.0006885919828675549298, -20.06242905611415139 ) ) ;
#606 = CARTESIAN_POINT ( 'NONE',  ( 6.780602746975439743, 32.24478138222849566, 17.50000000000000000 ) ) ;
#607 = CARTESIAN_POINT ( 'NONE',  ( -8.620966380665088025, -22.59775332005120063, -7.776500742125290522 ) ) ;
#608 = ORIENTED_EDGE ( 'NONE', *, *, #1919, .F. ) ;
#609 = CIRCLE ( 'NONE', #1365, 2.499999999999998668 ) ;
#610 = CARTESIAN_POINT ( 'NONE',  ( -6.620661760215310387, -20.99930438971939850, -11.99673172329910109 ) ) ;
#611 = CARTESIAN_POINT ( 'NONE',  ( 23.35668022916114950, 2.480377847627174948, -31.86044239992549976 ) ) ;
#612 = CIRCLE ( 'NONE', #5437, 20.00000000000000000 ) ;
#613 = CARTESIAN_POINT ( 'NONE',  ( -6.780602746975519679, -32.24478138222849566, 17.50000000000000000 ) ) ;
#614 = EDGE_CURVE ( 'NONE', #3833, #4660, #3316, .T. ) ;
#615 = AXIS2_PLACEMENT_3D ( 'NONE', #76, #5500, #5043 ) ;
#616 = CARTESIAN_POINT ( 'NONE',  ( 24.47955063067277948, 2.493502552965380481, -28.67468788720932338 ) ) ;
#617 = CARTESIAN_POINT ( 'NONE',  ( -5.719988482647019978, -21.34693729222965075, -8.964066394042600194 ) ) ;
#618 = VERTEX_POINT ( 'NONE', #436 ) ;
#619 = EDGE_CURVE ( 'NONE', #4217, #2836, #1803, .T. ) ;
#620 = ORIENTED_EDGE ( 'NONE', *, *, #2761, .F. ) ;
#621 = CARTESIAN_POINT ( 'NONE',  ( 20.85453101574299950, 8.639370035133028480, -26.83914082496374931 ) ) ;
#622 = CARTESIAN_POINT ( 'NONE',  ( 6.780602746975369577, -32.24478138222849566, 0.000000000000000000 ) ) ;
#623 = CARTESIAN_POINT ( 'NONE',  ( -0.0006650971267825881361, 22.57144268762310091, -12.00000000000000000 ) ) ;
#624 = CARTESIAN_POINT ( 'NONE',  ( 21.99411591924894793, 2.878796915150115154, -32.25258339428614818 ) ) ;
#625 = CARTESIAN_POINT ( 'NONE',  ( -9.733002989405649785, -23.50740381453564964, -21.60399774898204939 ) ) ;
#626 = CARTESIAN_POINT ( 'NONE',  ( 8.637358197650470970, 20.85337167412749793, -15.99027453730044890 ) ) ;
#627 = CARTESIAN_POINT ( 'NONE',  ( 22.01948704561320014, 0.005383099266457899712, -32.50000000000000000 ) ) ;
#628 = VERTEX_POINT ( 'NONE', #3403 ) ;
#629 = CARTESIAN_POINT ( 'NONE',  ( 9.222062098367780791, -22.26588498761569923, -22.31242905611420113 ) ) ;
#630 = CARTESIAN_POINT ( 'NONE',  ( 17.04151006044805072, 17.04084916933349803, -30.56242905611409810 ) ) ;
#631 = CARTESIAN_POINT ( 'NONE',  ( -10.22499999999999964, 30.70060056415834993, 17.50000000000000000 ) ) ;
#632 = CARTESIAN_POINT ( 'NONE',  ( -13.48077440074625599, 17.57187852533938965, -16.24587580569912504 ) ) ;
#633 = CARTESIAN_POINT ( 'NONE',  ( -24.10089259004044848, 0.0004366619407503560053, -14.06242905611419935 ) ) ;
#634 = CARTESIAN_POINT ( 'NONE',  ( 9.223317749120930387, 22.26518096583989959, -17.81242905611419758 ) ) ;
#635 = CARTESIAN_POINT ( 'NONE',  ( -0.0007134399460476189983, 22.57487952453064750, -17.45525588809369921 ) ) ;
#636 = CARTESIAN_POINT ( 'NONE',  ( 20.97126691143463262, -7.120966049804208886, -21.12083366977983445 ) ) ;
#637 = DIRECTION ( 'NONE',  ( 5.551115123125781913E-15, -2.775557561562894901E-15, -1.000000000000000000 ) ) ;
#638 = EDGE_CURVE ( 'NONE', #3338, #961, #3598, .T. ) ;
#639 = CARTESIAN_POINT ( 'NONE',  ( 0.000000000000000000, 0.000000000000000000, 20.00000000000000000 ) ) ;
#640 = CYLINDRICAL_SURFACE ( 'NONE', #73, 2.500000000000000444 ) ;
#641 = EDGE_LOOP ( 'NONE', ( #2499, #5138 ) ) ;
#642 = VERTEX_POINT ( 'NONE', #5206 ) ;
#643 = CARTESIAN_POINT ( 'NONE',  ( -15.96295664903350087, 15.96279088598460305, -24.26742247489114845 ) ) ;
#644 = EDGE_LOOP ( 'NONE', ( #2709, #5389, #620 ) ) ;
#645 = CARTESIAN_POINT ( 'NONE',  ( 0.000000000000000000, 0.000000000000000000, -32.50000000000000000 ) ) ;
#646 = CIRCLE ( 'NONE', #724, 2.500000000000000444 ) ;
#647 = CARTESIAN_POINT ( 'NONE',  ( -20.47041103550798979, -8.615367137615457693, -8.240414819283166992 ) ) ;
#648 = CARTESIAN_POINT ( 'NONE',  ( -6.621856013581090217, -21.00310174684264908, -12.03858922142701893 ) ) ;
#649 = CARTESIAN_POINT ( 'NONE',  ( 0.001857421301068750167, 25.31825815431655258, -13.93923983770065966 ) ) ;
#650 = ADVANCED_FACE ( 'NONE', ( #2484 ), #3122, .T. ) ;
#651 = CARTESIAN_POINT ( 'NONE',  ( 20.85453680767425055, 8.639377406347339416, -28.01742247489119819 ) ) ;
#652 = CARTESIAN_POINT ( 'NONE',  ( 1.762525663467281234, 22.07422555647608320, -29.64788697900800329 ) ) ;
#653 = ORIENTED_EDGE ( 'NONE', *, *, #4599, .F. ) ;
#654 = ORIENTED_EDGE ( 'NONE', *, *, #1768, .T. ) ;
#655 = LOCAL_TIME ( 21, 1, 52.00000000000000000, #810 ) ;
#656 = CIRCLE ( 'NONE', #5675, 2.500000000000000888 ) ;
#657 = CARTESIAN_POINT ( 'NONE',  ( 23.23576410927859826, 0.000000000000000000, -32.22515453695520193 ) ) ;
#658 = CARTESIAN_POINT ( 'NONE',  ( -21.99456492296554799, 24.53449844299765203, 17.50000000000000000 ) ) ;
#659 = CARTESIAN_POINT ( 'NONE',  ( 22.09744835515519767, 0.4063496789770350004, -29.00213051848328405 ) ) ;
#660 = CARTESIAN_POINT ( 'NONE',  ( -17.04051706104064934, -17.03925811403690105, -12.56242905611419935 ) ) ;
#661 = CIRCLE ( 'NONE', #3962, 2.499999999999999556 ) ;
#662 = FACE_OUTER_BOUND ( 'NONE', #5224, .T. ) ;
#663 = EDGE_CURVE ( 'NONE', #2754, #4292, #5112, .T. ) ;
#664 = CARTESIAN_POINT ( 'NONE',  ( -5.693647018444900176, -21.24848305523684999, -11.85827761439395900 ) ) ;
#665 = CARTESIAN_POINT ( 'NONE',  ( 19.17907833842019372, -11.07542989873704897, -21.49583685313668369 ) ) ;
#666 = DIRECTION ( 'NONE',  ( 1.000000000000000000, 1.154631945610161855E-14, 0.000000000000000000 ) ) ;
#667 = CARTESIAN_POINT ( 'NONE',  ( 23.64446578641199892, 2.499942480857858751, -27.44988098356165196 ) ) ;
#668 = CARTESIAN_POINT ( 'NONE',  ( -5.787353580094636740, -21.59872205325406824, -9.146287466035323277 ) ) ;
#669 = VERTEX_POINT ( 'NONE', #5415 ) ;
#670 = VERTEX_POINT ( 'NONE', #3604 ) ;
#671 = CARTESIAN_POINT ( 'NONE',  ( -22.57263991202654907, -0.0002535850368009224631, -9.589140824963770626 ) ) ;
#672 = CARTESIAN_POINT ( 'NONE',  ( 22.14582782953095474, -0.000000000000000000, -29.35194607108116571 ) ) ;
#673 = CARTESIAN_POINT ( 'NONE',  ( -15.96003489755834792, -15.95975964804535074, -7.500000000000000000 ) ) ;
#674 = CARTESIAN_POINT ( 'NONE',  ( -0.0004305102186143854883, 22.88114177868409982, -17.49402064658089984 ) ) ;
#675 = CIRCLE ( 'NONE', #5211, 7.500000000000000000 ) ;
#676 = CIRCLE ( 'NONE', #1708, 2.500000000000002220 ) ;
#677 = ADVANCED_FACE ( 'NONE', ( #877 ), #1331, .T. ) ;
#678 = ADVANCED_FACE ( 'NONE', ( #3129 ), #1359, .F. ) ;
#679 = CARTESIAN_POINT ( 'NONE',  ( 17.90404483834285188, 17.90337167123534812, -15.43923983770064901 ) ) ;
#680 = CARTESIAN_POINT ( 'NONE',  ( 22.00080367872894982, 2.879688038387689719, -29.99027453730045067 ) ) ;
#681 = CARTESIAN_POINT ( 'NONE',  ( 22.01744691189950132, 0.007292172340170410480, -32.50000000000000000 ) ) ;
#682 = ADVANCED_FACE ( 'NONE', ( #4898 ), #4290, .T. ) ;
#683 = ORIENTED_EDGE ( 'NONE', *, *, #5719, .T. ) ;
#684 = CARTESIAN_POINT ( 'NONE',  ( -9.221728171538369878, 22.26372680763894962, -16.31242905611420113 ) ) ;
#685 = CARTESIAN_POINT ( 'NONE',  ( 0.000000000000000000, 0.000000000000000000, 17.50000000000000000 ) ) ;
#686 = DIRECTION ( 'NONE',  ( 0.8221469494880896400, -0.5692753230620739568, 0.000000000000000000 ) ) ;
#687 = CARTESIAN_POINT ( 'NONE',  ( -8.533958785852405526, -22.19087383565610594, -11.57797794117507806 ) ) ;
#688 = CARTESIAN_POINT ( 'NONE',  ( 20.85372764281289903, 8.637560612934310100, -19.66339838996574940 ) ) ;
#689 = CARTESIAN_POINT ( 'NONE',  ( -5.730144764051574136, -21.39316793595818567, -23.99585807551568806 ) ) ;
#690 = LINE ( 'NONE', #2420, #3574 ) ;
#691 = CYLINDRICAL_SURFACE ( 'NONE', #1486, 35.45000000000000284 ) ;
#692 = CARTESIAN_POINT ( 'NONE',  ( -10.25021645926301872, -31.31510118997309888, 20.00000000000000000 ) ) ;
#693 = VERTEX_POINT ( 'NONE', #4761 ) ;
#694 = EDGE_LOOP ( 'NONE', ( #1207, #1388, #898, #1420 ) ) ;
#695 = AXIS2_PLACEMENT_3D ( 'NONE', #1182, #5776, #757 ) ;
#696 = CARTESIAN_POINT ( 'NONE',  ( 20.85442556849400120, 8.637855015548719706, -14.83914082496376174 ) ) ;
#697 = FACE_OUTER_BOUND ( 'NONE', #3896, .T. ) ;
#698 = SPHERICAL_SURFACE ( 'NONE', #4356, 2.500000000000000000 ) ;
#699 = CARTESIAN_POINT ( 'NONE',  ( 8.671912413610609605, 20.93708236899330188, -30.24466388919140059 ) ) ;
#700 = DIRECTION ( 'NONE',  ( 0.000000000000000000, -1.000000000000000000, 0.000000000000000000 ) ) ;
#701 = CARTESIAN_POINT ( 'NONE',  ( -9.688626210379439385, 23.38964812940725224, -13.18923983770072006 ) ) ;
#702 = CARTESIAN_POINT ( 'NONE',  ( -10.26554339433385898, -19.76643377223165032, -11.33522285389449991 ) ) ;
#703 = CARTESIAN_POINT ( 'NONE',  ( 12.74181097284190045, -31.11026764803489897, 0.000000000000000000 ) ) ;
#704 = CARTESIAN_POINT ( 'NONE',  ( 0.000000000000000000, 0.000000000000000000, 0.000000000000000000 ) ) ;
#705 = EDGE_CURVE ( 'NONE', #946, #146, #2551, .T. ) ;
#706 = ORIENTED_EDGE ( 'NONE', *, *, #5727, .F. ) ;
#707 = DIRECTION ( 'NONE',  ( 1.000000000000000000, 0.000000000000000000, 0.000000000000000000 ) ) ;
#708 = CARTESIAN_POINT ( 'NONE',  ( 17.72500000000000142, 30.70060056415825400, 0.000000000000000000 ) ) ;
#709 = CARTESIAN_POINT ( 'NONE',  ( 7.295064260403020029, 34.69127465857359738, 17.50000000000000000 ) ) ;
#710 = CARTESIAN_POINT ( 'NONE',  ( -20.57137661531040251, -26.58986581671785032, 0.000000000000000000 ) ) ;
#711 = VECTOR ( 'NONE', #996, 1000.000000000000000 ) ;
#712 = CARTESIAN_POINT ( 'NONE',  ( 20.84799647557279911, 8.635178191693769989, -19.75258339428625121 ) ) ;
#713 = FACE_OUTER_BOUND ( 'NONE', #355, .T. ) ;
#714 = DIRECTION ( 'NONE',  ( 1.000000000000000000, 0.000000000000000000, 0.000000000000000000 ) ) ;
#715 = ORIENTED_EDGE ( 'NONE', *, *, #3959, .T. ) ;
#716 = ADVANCED_FACE ( 'NONE', ( #3161 ), #4937, .T. ) ;
#717 = SPHERICAL_SURFACE ( 'NONE', #2812, 2.500000000000000000 ) ;
#718 = EDGE_LOOP ( 'NONE', ( #5370, #1929, #405 ) ) ;
#719 = VERTEX_POINT ( 'NONE', #703 ) ;
#720 = CARTESIAN_POINT ( 'NONE',  ( -20.85597116647394955, 8.639213692030649483, -9.750000000000000000 ) ) ;
#721 = DIRECTION ( 'NONE',  ( 0.6675133512280878589, 0.7445978283155595401, 0.000000000000000000 ) ) ;
#722 = CARTESIAN_POINT ( 'NONE',  ( -16.02468326079719674, 16.02510692614395182, -15.99466388919144855 ) ) ;
#723 = EDGE_CURVE ( 'NONE', #2776, #670, #847, .T. ) ;
#724 = AXIS2_PLACEMENT_3D ( 'NONE', #74, #1815, #542 ) ;
#725 = EDGE_CURVE ( 'NONE', #719, #5164, #750, .T. ) ;
#726 = CARTESIAN_POINT ( 'NONE',  ( 22.45243482459895290, -9.300566564454999963, -16.26496339966610094 ) ) ;
#727 = CARTESIAN_POINT ( 'NONE',  ( -5.693838915648810506, -21.24920029299734736, -9.740274537300480873 ) ) ;
#728 = DIRECTION ( 'NONE',  ( 0.000000000000000000, 0.000000000000000000, -1.000000000000000000 ) ) ;
#729 = DIRECTION ( 'NONE',  ( 0.000000000000000000, 0.000000000000000000, 1.000000000000000000 ) ) ;
#730 = ORIENTED_EDGE ( 'NONE', *, *, #1591, .T. ) ;
#731 = CARTESIAN_POINT ( 'NONE',  ( 0.000000000000000000, 0.000000000000000000, 0.000000000000000000 ) ) ;
#732 = CARTESIAN_POINT ( 'NONE',  ( -22.50527445572980056, -9.321112189077179977, -13.14970357527318079 ) ) ;
#733 = CARTESIAN_POINT ( 'NONE',  ( 22.06289508239251873, 1.280102167463041951, -28.09992858781421532 ) ) ;
#734 = CYLINDRICAL_SURFACE ( 'NONE', #2543, 2.499999999999998668 ) ;
#735 = DIRECTION ( 'NONE',  ( 0.000000000000000000, 0.000000000000000000, -1.000000000000000000 ) ) ;
#736 = AXIS2_PLACEMENT_3D ( 'NONE', #5582, #1995, #3799 ) ;
#737 = CARTESIAN_POINT ( 'NONE',  ( -15.95815771623604995, 15.95801580355549909, -28.00258339428620147 ) ) ;
#738 = CARTESIAN_POINT ( 'NONE',  ( 22.10000000000000142, -1.859189673619904928E-14, -20.49582836418510112 ) ) ;
#739 = DIRECTION ( 'NONE',  ( 1.000000000000000000, 0.000000000000000000, 0.000000000000000000 ) ) ;
#740 = AXIS2_PLACEMENT_3D ( 'NONE', #1262, #1329, #4045 ) ;
#741 = ORIENTED_EDGE ( 'NONE', *, *, #5560, .F. ) ;
#742 = CARTESIAN_POINT ( 'NONE',  ( -5.709565849462109988, -21.30798150792699985, -8.959834436616372244 ) ) ;
#743 = ORIENTED_EDGE ( 'NONE', *, *, #4902, .T. ) ;
#744 = AXIS2_PLACEMENT_3D ( 'NONE', #2204, #766, #2139 ) ;
#745 = EDGE_LOOP ( 'NONE', ( #5680, #4490, #2806, #5758 ) ) ;
#746 = CARTESIAN_POINT ( 'NONE',  ( 8.637355134892658270, 20.85332708226680154, -17.16855618722784982 ) ) ;
#747 = DIRECTION ( 'NONE',  ( 0.9503824336865880351, 0.3110839593099555267, 0.000000000000000000 ) ) ;
#748 = CARTESIAN_POINT ( 'NONE',  ( 24.53449844299759874, -21.99456492296560128, 20.00000000000000000 ) ) ;
#749 = CARTESIAN_POINT ( 'NONE',  ( -8.320496641018378270, -21.36080672335454977, -6.843388270745919932 ) ) ;
#750 = CIRCLE ( 'NONE', #4640, 5.000000000000001776 ) ;
#751 = ORIENTED_EDGE ( 'NONE', *, *, #3558, .F. ) ;
#752 = CARTESIAN_POINT ( 'NONE',  ( -21.99456492296560128, -24.53449844299759874, 17.50000000000000000 ) ) ;
#753 = CARTESIAN_POINT ( 'NONE',  ( 9.300116395790999135, -22.45497351029094801, -17.76496339966615068 ) ) ;
#754 = CARTESIAN_POINT ( 'NONE',  ( 0.0001306510764974231893, -22.57282414255369929, -22.41855618722789956 ) ) ;
#755 = PERSON_AND_ORGANIZATION_ROLE ( 'design_supplier' ) ;
#756 = EDGE_LOOP ( 'NONE', ( #2245, #2216, #2718, #5790 ) ) ;
#757 = DIRECTION ( 'NONE',  ( 1.000000000000000000, 0.000000000000000000, 0.000000000000000000 ) ) ;
#758 = CARTESIAN_POINT ( 'NONE',  ( 9.498475895184219198, 22.92884257432285011, -29.23658235219505030 ) ) ;
#759 = CARTESIAN_POINT ( 'NONE',  ( -19.17907833841206156, 11.07542989875107686, -10.00185355084765071 ) ) ;
#760 = DIRECTION ( 'NONE',  ( 1.000000000000000000, 2.775557561562891351E-15, 0.000000000000000000 ) ) ;
#761 = CARTESIAN_POINT ( 'NONE',  ( -25.70060056415834993, 17.72500000000000142, 17.50000000000000000 ) ) ;
#762 = CARTESIAN_POINT ( 'NONE',  ( 22.19027864730109911, 0.000000000000000000, -30.00988074175720044 ) ) ;
#763 = EDGE_CURVE ( 'NONE', #5317, #2541, #2087, .T. ) ;
#764 = EDGE_CURVE ( 'NONE', #811, #1751, #280, .T. ) ;
#765 = CARTESIAN_POINT ( 'NONE',  ( -16.02486344974054688, -16.02459462805809665, -24.99466388919135085 ) ) ;
#766 = DIRECTION ( 'NONE',  ( 0.000000000000000000, 0.000000000000000000, 1.000000000000000000 ) ) ;
#767 = DIRECTION ( 'NONE',  ( 1.000000000000000000, -2.498001805406602216E-14, 0.000000000000000000 ) ) ;
#768 = ORIENTED_EDGE ( 'NONE', *, *, #5732, .F. ) ;
#769 = CARTESIAN_POINT ( 'NONE',  ( -27.03449844299769822, -21.99456492296550181, 20.00000000000000000 ) ) ;
#770 = EDGE_LOOP ( 'NONE', ( #2297, #715, #2977 ) ) ;
#771 = EDGE_CURVE ( 'NONE', #1725, #4994, #377, .T. ) ;
#772 = ORIENTED_EDGE ( 'NONE', *, *, #3260, .F. ) ;
#773 = CARTESIAN_POINT ( 'NONE',  ( 0.0001384279434766956085, -22.57286999654990112, -21.24027453730044712 ) ) ;
#774 = EDGE_CURVE ( 'NONE', #2062, #307, #849, .T. ) ;
#775 = CARTESIAN_POINT ( 'NONE',  ( -10.25021645926296010, 31.31510118997309888, 0.000000000000000000 ) ) ;
#776 = CARTESIAN_POINT ( 'NONE',  ( -8.220425863464063454, -21.35074851282520569, -12.05736823130519575 ) ) ;
#777 = EDGE_CURVE ( 'NONE', #314, #5210, #4447, .T. ) ;
#778 = CARTESIAN_POINT ( 'NONE',  ( -8.339412726672859932, -21.43347924197965071, -6.869787737464809751 ) ) ;
#779 = VERTEX_POINT ( 'NONE', #522 ) ;
#780 = DIRECTION ( 'NONE',  ( 0.000000000000000000, 0.000000000000000000, -1.000000000000000000 ) ) ;
#781 = AXIS2_PLACEMENT_3D ( 'NONE', #2214, #2715, #1796 ) ;
#782 = CARTESIAN_POINT ( 'NONE',  ( 22.45480271296304764, 9.298760125155718370, -26.76496339966605120 ) ) ;
#783 = CARTESIAN_POINT ( 'NONE',  ( 8.637355134892658270, 20.85332708226680154, -17.16855618722784982 ) ) ;
#784 = PERSON_AND_ORGANIZATION ( #1259, #3397 ) ;
#785 = EDGE_LOOP ( 'NONE', ( #1096, #2688, #149 ) ) ;
#786 = EDGE_LOOP ( 'NONE', ( #2158, #3500, #4400, #5677 ) ) ;
#787 = CARTESIAN_POINT ( 'NONE',  ( -22.10000000000000142, -3.014506772600575066E-11, -14.49589534044019956 ) ) ;
#788 = CARTESIAN_POINT ( 'NONE',  ( -22.26568666542445030, -9.222158979150890445, -13.31242905611417982 ) ) ;
#789 = DIRECTION ( 'NONE',  ( 1.000000000000000000, 3.700743415417188731E-15, 0.000000000000000000 ) ) ;
#790 = CARTESIAN_POINT ( 'NONE',  ( 0.000000000000000000, 0.000000000000000000, -32.50000000000000000 ) ) ;
#791 = CARTESIAN_POINT ( 'NONE',  ( -16.02468326079719674, 16.02510692614395182, -15.99466388919144855 ) ) ;
#792 = DIRECTION ( 'NONE',  ( -1.000000000000000000, 0.000000000000000000, 0.000000000000000000 ) ) ;
#793 = DIRECTION ( 'NONE',  ( 0.000000000000000000, 0.000000000000000000, -1.000000000000000000 ) ) ;
#794 = EDGE_LOOP ( 'NONE', ( #4034, #427, #2825, #157 ) ) ;
#795 = CARTESIAN_POINT ( 'NONE',  ( -5.701120984018559490, -21.27641785689479903, -8.960910231391119751 ) ) ;
#796 = VERTEX_POINT ( 'NONE', #3249 ) ;
#797 = EDGE_LOOP ( 'NONE', ( #4069, #297, #5485, #2446 ) ) ;
#798 = CARTESIAN_POINT ( 'NONE',  ( -8.637643770113101027, 20.85411520449745026, -26.49027453730040094 ) ) ;
#799 = CARTESIAN_POINT ( 'NONE',  ( -1.446441617605976671, 22.09999999999902087, -17.37086324765129319 ) ) ;
#800 = ADVANCED_FACE ( 'NONE', ( #2802 ), #3220, .F. ) ;
#801 = CARTESIAN_POINT ( 'NONE',  ( -26.39599301378660101, -23.66334830103570042, 20.00000000000000000 ) ) ;
#802 = CYLINDRICAL_SURFACE ( 'NONE', #5303, 35.45000000000000284 ) ;
#803 = CARTESIAN_POINT ( 'NONE',  ( -8.034282522354329714, -20.26426342717354956, -6.695872102401729364 ) ) ;
#804 = VERTEX_POINT ( 'NONE', #2363 ) ;
#805 = AXIS2_PLACEMENT_3D ( 'NONE', #536, #859, #1373 ) ;
#806 = FACE_OUTER_BOUND ( 'NONE', #3726, .T. ) ;
#807 = CIRCLE ( 'NONE', #3562, 2.499999999999999112 ) ;
#808 = CARTESIAN_POINT ( 'NONE',  ( -17.63386776641545239, 17.63167930239915293, -11.67001597436703975 ) ) ;
#809 = CARTESIAN_POINT ( 'NONE',  ( -15.96009291638340244, -15.95972319951609997, -11.91855618722794041 ) ) ;
#810 = COORDINATED_UNIVERSAL_TIME_OFFSET ( 8, 0, .BEHIND. ) ;
#811 = VERTEX_POINT ( 'NONE', #1856 ) ;
#812 = AXIS2_PLACEMENT_3D ( 'NONE', #3848, #2413, #1603 ) ;
#813 = VERTEX_POINT ( 'NONE', #2395 ) ;
#814 = EDGE_CURVE ( 'NONE', #119, #4541, #1333, .T. ) ;
#815 = DIRECTION ( 'NONE',  ( 0.000000000000000000, 0.000000000000000000, -1.000000000000000000 ) ) ;
#816 = CARTESIAN_POINT ( 'NONE',  ( 0.0001627569393750275103, -24.36039542755634812, -22.89970357527315059 ) ) ;
#817 = CARTESIAN_POINT ( 'NONE',  ( 1.446441617599546037, 22.09999999999936549, -12.12684451188198942 ) ) ;
#818 = VECTOR ( 'NONE', #460, 1000.000000000000000 ) ;
#819 = CARTESIAN_POINT ( 'NONE',  ( 0.000000000000000000, 0.000000000000000000, 0.000000000000000000 ) ) ;
#820 = CARTESIAN_POINT ( 'NONE',  ( -8.388716485541914736, -21.71799704733414771, -7.005774914572135970 ) ) ;
#821 = DIRECTION ( 'NONE',  ( -1.387778780781445873E-15, 5.551115123125786646E-15, -1.000000000000000000 ) ) ;
#822 = CARTESIAN_POINT ( 'NONE',  ( 21.99411591924894793, 2.878796915150115154, -32.25258339428614818 ) ) ;
#823 = CARTESIAN_POINT ( 'NONE',  ( 20.57137661531049844, 26.58986581671780058, 0.000000000000000000 ) ) ;
#824 = FACE_OUTER_BOUND ( 'NONE', #59, .T. ) ;
#825 = CARTESIAN_POINT ( 'NONE',  ( 8.757345859955890433, -21.14046292663054771, -22.74402064658085010 ) ) ;
#826 = ADVANCED_FACE ( 'NONE', ( #1925 ), #1386, .T. ) ;
#827 = CC_DESIGN_SECURITY_CLASSIFICATION ( #3209, ( #2453 ) ) ;
#828 = ORIENTED_EDGE ( 'NONE', *, *, #3792, .F. ) ;
#829 = CARTESIAN_POINT ( 'NONE',  ( -5.668724675440839356, -21.15533294612700033, -8.989735252796689835 ) ) ;
#830 = ORIENTED_EDGE ( 'NONE', *, *, #2306, .F. ) ;
#831 = AXIS2_PLACEMENT_3D ( 'NONE', #3944, #4855, #5306 ) ;
#832 = ORIENTED_EDGE ( 'NONE', *, *, #4342, .F. ) ;
#833 = APPROVAL_PERSON_ORGANIZATION ( #231, #4362, #3843 ) ;
#834 = AXIS2_PLACEMENT_3D ( 'NONE', #236, #4296, #2050 ) ;
#835 = CARTESIAN_POINT ( 'NONE',  ( 15.96007631387425363, -15.96025618063509910, -19.74027453730045067 ) ) ;
#836 = CARTESIAN_POINT ( 'NONE',  ( 21.99456492296565102, 24.53449844299754901, 0.000000000000000000 ) ) ;
#837 = DIRECTION ( 'NONE',  ( 0.000000000000000000, 0.000000000000000000, -1.000000000000000000 ) ) ;
#838 = DIRECTION ( 'NONE',  ( 1.000000000000000000, 0.000000000000000000, 0.000000000000000000 ) ) ;
#839 = CARTESIAN_POINT ( 'NONE',  ( -8.327214316479249590, -21.38662097753755020, -6.852621792513629906 ) ) ;
#840 = CARTESIAN_POINT ( 'NONE',  ( 32.24478138222845303, -6.780602746975559647, 17.50000000000000000 ) ) ;
#841 = AXIS2_PLACEMENT_3D ( 'NONE', #4063, #3265, #483 ) ;
#842 = ORIENTED_EDGE ( 'NONE', *, *, #2481, .F. ) ;
#843 = AXIS2_PLACEMENT_3D ( 'NONE', #2770, #5562, #4662 ) ;
#844 = EDGE_CURVE ( 'NONE', #936, #4707, #3665, .T. ) ;
#845 = DIRECTION ( 'NONE',  ( 1.387778780781446070E-15, -9.523845489794349440E-16, 1.000000000000000000 ) ) ;
#846 = CARTESIAN_POINT ( 'NONE',  ( -24.30373835583959874, 0.001001234031716083904, -21.51496339966615068 ) ) ;
#847 = CIRCLE ( 'NONE', #5686, 7.500000000000000000 ) ;
#848 = CARTESIAN_POINT ( 'NONE',  ( -6.620661760215310387, -20.99930438971939850, -11.99673172329910109 ) ) ;
#849 = CIRCLE ( 'NONE', #5202, 2.500000000000000000 ) ;
#850 = PERSON_AND_ORGANIZATION ( #1259, #3397 ) ;
#851 = ORIENTED_EDGE ( 'NONE', *, *, #3803, .F. ) ;
#852 = EDGE_CURVE ( 'NONE', #336, #346, #3725, .T. ) ;
#853 = EDGE_CURVE ( 'NONE', #3545, #50, #2376, .T. ) ;
#854 = CARTESIAN_POINT ( 'NONE',  ( 22.39695906899251909, -0.000000000000000000, -29.64979373669917706 ) ) ;
#855 = CARTESIAN_POINT ( 'NONE',  ( -22.26625945080239788, 9.221310490644579971, -14.81242905611419935 ) ) ;
#856 = CARTESIAN_POINT ( 'NONE',  ( -22.57170787157350134, -0.0008042261018340739502, -21.58914082496369957 ) ) ;
#857 = EDGE_CURVE ( 'NONE', #60, #3338, #1503, .T. ) ;
#858 = CARTESIAN_POINT ( 'NONE',  ( 6.780602746975449513, 32.24478138222849566, 17.50000000000000000 ) ) ;
#859 = DIRECTION ( 'NONE',  ( 0.000000000000000000, 0.000000000000000000, -1.000000000000000000 ) ) ;
#860 = CARTESIAN_POINT ( 'NONE',  ( 21.36696673968955196, 0.000000000000000000, -30.54323834926034920 ) ) ;
#861 = VECTOR ( 'NONE', #1520, 1000.000000000000000 ) ;
#862 = CIRCLE ( 'NONE', #590, 35.45000000000000284 ) ;
#863 = UNCERTAINTY_MEASURE_WITH_UNIT (LENGTH_MEASURE( 1.000000000000000082E-05 ), #4234, 'distance_accuracy_value', 'NONE');
#864 = CARTESIAN_POINT ( 'NONE',  ( 21.62711093226080195, 8.959041987964599940, -19.65349006216969840 ) ) ;
#865 = CARTESIAN_POINT ( 'NONE',  ( 6.780602746975369577, -32.24478138222849566, 20.00000000000000000 ) ) ;
#867 = B_SPLINE_CURVE_WITH_KNOTS ( 'NONE', 3,
 ( #3851, #2025, #2467, #2051, #5614, #5157, #1523, #5557, #1073, #3296, #2884, #3775, #2389, #5585, #3379, #4686, #3802, #579, #1969, #1998, #634, #5184, #2437, #4244, #189, #1495, #1549, #3269, #162, #5073, #1101 ),
 .UNSPECIFIED., .F., .F.,
 ( 4, 1, 1, 1, 1, 1, 1, 1, 1, 1, 1, 1, 1, 1, 1, 1, 1, 1, 1, 1, 1, 1, 1, 1, 1, 1, 1, 1, 4 ),
 ( 0.009853391491086400250, 0.03658536585365854826, 0.07317073170731711040, 0.1097560975609755962, 0.1463414634146342208, 0.1829268292682925123, 0.2195121951219514977, 0.2560975609756099836, 0.2926829268292684971, 0.3292682926829270107, 0.3658536585365855243, 0.4024390243902439823, 0.4390243902439024959, 0.4756097560975610095, 0.5121951219512199671, 0.5487804878048780921, 0.5853658536585369943, 0.6219512195121950082, 0.6585365853658540214, 0.6951219512195119243, 0.7317073170731710485, 0.7682926829268299507, 0.8048780487804879646, 0.8414634146341469778, 0.8780487804878049918, 0.9146341463414640049, 0.9512195121951221299, 0.9878048780487810321, 0.9900645476877769635 ),
 .UNSPECIFIED. ) ;
#866 = DIRECTION ( 'NONE',  ( 0.000000000000000000, 0.000000000000000000, -1.000000000000000000 ) ) ;
#868 = CARTESIAN_POINT ( 'NONE',  ( -0.0006328334954218559549, 22.66242299213654832, -17.49466388919145032 ) ) ;
#869 = CARTESIAN_POINT ( 'NONE',  ( 22.10000000000000142, 0.000000000000000000, -32.50000000000000000 ) ) ;
#870 = CARTESIAN_POINT ( 'NONE',  ( -5.558626337420299990, -20.74382780803640003, -9.001815578260160322 ) ) ;
#871 = EDGE_LOOP ( 'NONE', ( #4836, #1902, #2178, #3372 ) ) ;
#872 = CARTESIAN_POINT ( 'NONE',  ( 0.0001244337021338319982, -22.57202519477460001, -23.35827761439400163 ) ) ;
#873 = DIRECTION ( 'NONE',  ( 0.000000000000000000, 0.000000000000000000, -1.000000000000000000 ) ) ;
#874 = CARTESIAN_POINT ( 'NONE',  ( -10.25021645926296010, 31.31510118997309888, 17.50000000000000000 ) ) ;
#875 = CYLINDRICAL_SURFACE ( 'NONE', #4551, 35.45000000000000284 ) ;
#876 = CARTESIAN_POINT ( 'NONE',  ( -8.491715619562869577, -22.03392009384749883, -11.67836022513355942 ) ) ;
#877 = FACE_OUTER_BOUND ( 'NONE', #1440, .T. ) ;
#878 = ORIENTED_EDGE ( 'NONE', *, *, #5794, .T. ) ;
#879 = CARTESIAN_POINT ( 'NONE',  ( -10.25021645926301872, -31.31510118997309888, 20.00000000000000000 ) ) ;
#880 = CARTESIAN_POINT ( 'NONE',  ( 8.749292696941040504, -21.12103559643380279, -17.25000000000000000 ) ) ;
#881 = CARTESIAN_POINT ( 'NONE',  ( 20.85385044819025069, 8.639109783498229334, -31.60827761439404782 ) ) ;
#882 = SECURITY_CLASSIFICATION_LEVEL ( 'unclassified' ) ;
#883 = VERTEX_POINT ( 'NONE', #2746 ) ;
#884 = AXIS2_PLACEMENT_3D ( 'NONE', #3488, #2131, #3760 ) ;
#885 = DIRECTION ( 'NONE',  ( 0.000000000000000000, 0.000000000000000000, 1.000000000000000000 ) ) ;
#886 = CARTESIAN_POINT ( 'NONE',  ( -11.48349679864239903, -22.11337545718369668, -10.66620805842294040 ) ) ;
#887 = CIRCLE ( 'NONE', #5537, 2.500000000000000444 ) ;
#888 = CARTESIAN_POINT ( 'NONE',  ( -22.57170822503059782, -0.0007990316757129390128, -21.00000000000000000 ) ) ;
#889 = EDGE_CURVE ( 'NONE', #198, #4687, #1136, .T. ) ;
#890 = FACE_OUTER_BOUND ( 'NONE', #532, .T. ) ;
#891 = CARTESIAN_POINT ( 'NONE',  ( 19.86420842556429278, -9.793641660732626875, -15.87684548516944716 ) ) ;
#892 = CARTESIAN_POINT ( 'NONE',  ( 21.14071107361039736, 8.757311000783710497, -31.74402064658094602 ) ) ;
#893 = DIRECTION ( 'NONE',  ( 1.000000000000000000, 0.000000000000000000, 0.000000000000000000 ) ) ;
#894 = DIRECTION ( 'NONE',  ( 0.000000000000000000, 0.000000000000000000, 1.000000000000000000 ) ) ;
#895 = CARTESIAN_POINT ( 'NONE',  ( -16.55435430492440219, 16.55396062321714723, -27.90349006216965222 ) ) ;
#896 = ORIENTED_EDGE ( 'NONE', *, *, #981, .T. ) ;
#897 = CARTESIAN_POINT ( 'NONE',  ( -8.090090331997361162, -20.57193147862529869, -6.717537136621180238 ) ) ;
#898 = ORIENTED_EDGE ( 'NONE', *, *, #1908, .F. ) ;
#899 = CARTESIAN_POINT ( 'NONE',  ( -20.85608706592680051, 8.639301189240168100, -14.16855618722783916 ) ) ;
#900 = CARTESIAN_POINT ( 'NONE',  ( 22.96282613755944979, 0.000000000000000000, -29.52497335472034834 ) ) ;
#901 = EDGE_CURVE ( 'NONE', #3447, #3905, #3123, .T. ) ;
#902 = CARTESIAN_POINT ( 'NONE',  ( -19.38141391045161299, 10.71051829446912862, -21.96595044481456682 ) ) ;
#903 = DIRECTION ( 'NONE',  ( 0.000000000000000000, 0.000000000000000000, -1.000000000000000000 ) ) ;
#904 = DIRECTION ( 'NONE',  ( 0.000000000000000000, 0.000000000000000000, 1.000000000000000000 ) ) ;
#905 = CARTESIAN_POINT ( 'NONE',  ( -6.780602746975519679, -32.24478138222849566, 17.50000000000000000 ) ) ;
#906 = ORIENTED_EDGE ( 'NONE', *, *, #3423, .T. ) ;
#907 = DIRECTION ( 'NONE',  ( 0.000000000000000000, 0.000000000000000000, 1.000000000000000000 ) ) ;
#908 = CARTESIAN_POINT ( 'NONE',  ( -16.59083592267705143, 16.59038536903065264, -10.58841932938490160 ) ) ;
#909 = EDGE_CURVE ( 'NONE', #78, #3702, #3305, .T. ) ;
#910 = CARTESIAN_POINT ( 'NONE',  ( 0.0001240720448498190090, -22.57213196077935180, -23.41339838996574940 ) ) ;
#911 = APPROVAL_DATE_TIME ( #1485, #2590 ) ;
#912 = ORIENTED_EDGE ( 'NONE', *, *, #4611, .F. ) ;
#913 = EDGE_CURVE ( 'NONE', #2557, #3561, #4731, .T. ) ;
#914 = VECTOR ( 'NONE', #4094, 1000.000000000000000 ) ;
#915 = VERTEX_POINT ( 'NONE', #3189 ) ;
#916 = CARTESIAN_POINT ( 'NONE',  ( 22.28536665376124759, 0.000000000000000000, -29.95038001657502136 ) ) ;
#917 = CARTESIAN_POINT ( 'NONE',  ( -9.662682320028439520, 23.32715221356919955, -14.99954139175623880 ) ) ;
#918 = CARTESIAN_POINT ( 'NONE',  ( -15.96059666899470031, -15.96020238275700009, -20.08914082496369957 ) ) ;
#919 = CARTESIAN_POINT ( 'NONE',  ( 0.000000000000000000, 0.000000000000000000, 17.50000000000000000 ) ) ;
#920 = CARTESIAN_POINT ( 'NONE',  ( -31.11026764803489897, -12.74181097284191999, 17.50000000000000000 ) ) ;
#921 = CARTESIAN_POINT ( 'NONE',  ( 22.36970742376065147, 0.000000000000000000, -29.54681939200694885 ) ) ;
#922 = AXIS2_PLACEMENT_3D ( 'NONE', #5247, #1190, #739 ) ;
#923 = CARTESIAN_POINT ( 'NONE',  ( -21.62738881816235192, -8.958532343255200203, -13.65349006216962024 ) ) ;
#924 = DIRECTION ( 'NONE',  ( -0.5000000000000002220, 0.8660254037844385966, 0.000000000000000000 ) ) ;
#925 = CARTESIAN_POINT ( 'NONE',  ( 10.25021645926311997, 31.31510118997304915, 17.50000000000000000 ) ) ;
#926 = CARTESIAN_POINT ( 'NONE',  ( 22.02631385020205101, 9.122221630219240041, -31.47515453695524812 ) ) ;
#927 = DIRECTION ( 'NONE',  ( 0.000000000000000000, 0.000000000000000000, 1.000000000000000000 ) ) ;
#928 = CARTESIAN_POINT ( 'NONE',  ( -8.294646509980379889, -21.36028620142919721, -6.864343262302769588 ) ) ;
#929 = ORIENTED_EDGE ( 'NONE', *, *, #2225, .F. ) ;
#930 = CC_DESIGN_PERSON_AND_ORGANIZATION_ASSIGNMENT ( #4317, #2485, ( #84 ) ) ;
#931 = CARTESIAN_POINT ( 'NONE',  ( -20.85385477229620221, -8.639044662181028400, -12.66855618722780008 ) ) ;
#932 = DIRECTION ( 'NONE',  ( 0.000000000000000000, 0.000000000000000000, -1.000000000000000000 ) ) ;
#933 = FACE_OUTER_BOUND ( 'NONE', #1954, .T. ) ;
#934 = CARTESIAN_POINT ( 'NONE',  ( -8.540743540101249920, -22.20098192004359916, -7.325523331142350436 ) ) ;
#935 = DIRECTION ( 'NONE',  ( 0.000000000000000000, 0.000000000000000000, -1.000000000000000000 ) ) ;
#936 = VERTEX_POINT ( 'NONE', #4519 ) ;
#937 = AXIS2_PLACEMENT_3D ( 'NONE', #2873, #5207, #1991 ) ;
#938 = AXIS2_PLACEMENT_3D ( 'NONE', #2941, #3378, #2436 ) ;
#939 = VERTEX_POINT ( 'NONE', #2275 ) ;
#940 = DIRECTION ( 'NONE',  ( 1.000000000000000000, 0.000000000000000000, 0.000000000000000000 ) ) ;
#941 = CARTESIAN_POINT ( 'NONE',  ( -5.918309536531269899, -22.08818492713679760, -6.588419329384910483 ) ) ;
#942 = CIRCLE ( 'NONE', #841, 2.500000000000000444 ) ;
#943 = CARTESIAN_POINT ( 'NONE',  ( -20.85314452071384750, -8.638755654620108970, -13.60827761439383998 ) ) ;
#944 = CIRCLE ( 'NONE', #1987, 2.500000000000000888 ) ;
#945 = APPROVAL_STATUS ( 'not_yet_approved' ) ;
#946 = VERTEX_POINT ( 'NONE', #4075 ) ;
#947 = CARTESIAN_POINT ( 'NONE',  ( 23.32727377274710179, -9.663300354978579421, -19.49954139175619972 ) ) ;
#948 = CARTESIAN_POINT ( 'NONE',  ( 22.00000000000000000, 0.000000000000000000, -27.00000000000000000 ) ) ;
#949 = CARTESIAN_POINT ( 'NONE',  ( -32.24478138222849566, -6.780602746975399775, 17.50000000000000000 ) ) ;
#950 = CYLINDRICAL_SURFACE ( 'NONE', #337, 2.500000000000000444 ) ;
#951 = CARTESIAN_POINT ( 'NONE',  ( 24.57297378516635078, 2.491114071034190136, -29.01413160674839986 ) ) ;
#952 = CARTESIAN_POINT ( 'NONE',  ( 0.0001406764996228095750, -23.41010799024470046, -23.40349006216969840 ) ) ;
#953 = CARTESIAN_POINT ( 'NONE',  ( -6.721749471292996603, -21.05593472517871945, -10.83757657599421265 ) ) ;
#954 = DIRECTION ( 'NONE',  ( 1.000000000000000000, 0.000000000000000000, 0.000000000000000000 ) ) ;
#955 = VECTOR ( 'NONE', #3094, 1000.000000000000000 ) ;
#956 = CARTESIAN_POINT ( 'NONE',  ( -9.122272139064190100, -22.02646286935090103, -23.97515453695520193 ) ) ;
#957 = AXIS2_PLACEMENT_3D ( 'NONE', #4011, #5822, #3723 ) ;
#958 = EDGE_CURVE ( 'NONE', #779, #883, #29, .T. ) ;
#959 = CARTESIAN_POINT ( 'NONE',  ( -27.94999999999999929, 4.152809267445049311E-14, 20.00000000000000000 ) ) ;
#960 = CARTESIAN_POINT ( 'NONE',  ( -5.763357597580629488, -21.50903432248920311, -9.597943379894291027 ) ) ;
#961 = VERTEX_POINT ( 'NONE', #494 ) ;
#962 = ADVANCED_FACE ( 'NONE', ( #2303 ), #640, .T. ) ;
#963 = CARTESIAN_POINT ( 'NONE',  ( -22.57094303501034815, -0.0008470693415713879178, -26.35827761439385242 ) ) ;
#964 = CARTESIAN_POINT ( 'NONE',  ( 27.03449844299759874, -21.99456492296560128, 17.50000000000000000 ) ) ;
#965 = DIRECTION ( 'NONE',  ( -1.000000000000000000, 0.000000000000000000, 0.000000000000000000 ) ) ;
#966 = CARTESIAN_POINT ( 'NONE',  ( -24.53449844299765203, 21.99456492296554799, 17.50000000000000000 ) ) ;
#967 = EDGE_CURVE ( 'NONE', #4395, #1335, #1637, .T. ) ;
#968 = CARTESIAN_POINT ( 'NONE',  ( -8.519697789851100822, -22.04178001188899927, -11.69857375804441979 ) ) ;
#969 = CARTESIAN_POINT ( 'NONE',  ( 7.295064260403020029, 34.69127465857359738, 20.00000000000000000 ) ) ;
#970 = ORIENTED_EDGE ( 'NONE', *, *, #4679, .F. ) ;
#971 = ORIENTED_EDGE ( 'NONE', *, *, #4554, .T. ) ;
#972 = FACE_OUTER_BOUND ( 'NONE', #5016, .T. ) ;
#973 = CARTESIAN_POINT ( 'NONE',  ( 16.59239053972279976, 16.59254308065060357, -13.58841932938483943 ) ) ;
#974 = CARTESIAN_POINT ( 'NONE',  ( 21.99925753482105151, 0.000000000000000000, -32.35827761439394834 ) ) ;
#975 = APPLICATION_CONTEXT ( 'configuration controlled 3d designs of mechanical parts and assemblies' ) ;
#976 = VERTEX_POINT ( 'NONE', #169 ) ;
#977 = B_SPLINE_SURFACE_WITH_KNOTS ( 'NONE', 3, 3, ( 
 ( #252, #3564, #2958, #1320, #3125, #4756, #4932, #4423, #2240, #5313, #1699, #4037, #2506, #2067, #5688, #3063, #4863, #2952, #247, #4281, #4258, #3362, #3812, #2063, #720, #2447, #1980, #1616, #1113, #3787, #4752 ),
 ( #223, #197, #621, #2009, #4202, #5226, #3421, #5198, #5622, #5168, #1560, #3864, #148, #2923, #5595, #1172, #4726, #1534, #696, #3337, #5681, #2980, #2502, #4777, #4306, #671, #3391, #1953, #1085, #2477, #1060 ),
 ( #1506, #2896, #2035, #4696, #3757, #5140, #3835, #643, #172, #5650, #1586, #5569, #1142, #3309, #5115, #2865, #4669, #2425, #4226, #1226, #5340, #3033, #4832, #3923, #1282, #2654, #4931, #4009, #4422, #2558, #302 ),
 ( #5820, #331, #4456, #4893, #4390, #2530, #798, #398, #2210, #3979, #5252, #4335, #5792, #773, #5734, #835, #2587, #2119, #2147, #3091, #1756, #4862, #3950, #5761, #1698, #2181, #2616, #3473, #1729, #3563, #1253 ),
 ( #5372, #365, #5707, #3535, #1319, #3448, #3124, #1668, #5282, #4364, #277, #3506, #3062, #5312, #1197, #2095, #3898, #1642, #3004, #4806, #746, #4988, #5506, #2712, #899, #3628, #931, #5441, #2741, #3156, #4513 ),
 ( #3183, #4959, #3215, #2270, #5047, #548, #1443, #458, #4597, #5533, #3243, #3721, #993, #4543, #80, #2358, #1381, #3659, #3599, #3694, #1885, #4036, #5849, #489, #1411, #2797, #2298, #4097, #52, #4070, #1851 ),
 ( #24, #4161, #112, #1920, #5472, #1820, #2326, #5018, #1469, #963, #2769, #4573, #3273, #872, #2682, #4483, #517, #4126, #431, #2239, #1793, #5410, #1353, #5185, #1578, #1076, #5076, #3354, #1133, #4744, #664 ),
 ( #2469, #5160, #2915, #2054, #4713, #2439, #191, #3855, #582, #2943, #4688, #5561, #2494, #5670, #5616, #3381, #2391, #5133, #688, #4274, #2418, #4298, #215, #4194, #1104, #3828, #139, #1608, #4218, #610, #1051 ),
 ( #3748, #164, #1973, #3776, #2027, #1022, #1945, #5588, #2826, #1552, #5641, #239, #4634, #1526, #3330, #1498, #3298, #2887, #5106, #4247, #2858, #635, #4661, #2000, #3805, #1720, #3081, #3052, #4884, #4448, #2995 ),
 ( #1188, #822, #322, #4796, #3526, #1275, #5331, #737, #4354, #3914, #2642, #390, #2086, #2550, #295, #2111, #1687, #3998, #712, #5725, #5812, #5751, #5305, #2203, #3497, #1661, #3465, #5700, #3889, #1219, #3412 ),
 ( #5218, #5271, #1162, #2171, #2972, #1245, #3026, #2578, #4825, #4769, #2522, #765, #4384, #4326, #2137, #3942, #3969, #4853, #266, #1633, #5785, #3439, #5245, #791, #2605, #4413, #354, #4534, #4475, #4567, #2762 ),
 ( #2259, #5039, #892, #2731, #451, #3591, #4505, #4950, #71, #2702, #1876, #5496, #986, #5432, #1345, #3205, #4062, #507, #17, #1813, #3148, #2319, #3682, #4149, #3235, #3652, #1781, #5400, #3554, #1432, #2790 ),
 ( #4118, #4591, #422, #539, #1308, #2351, #3620, #1403, #1747, #5010, #44, #5464, #5364, #952, #4979, #482, #3113, #4921, #864, #1375, #2231, #2674, #4028, #2291, #5840, #3176, #923, #4090, #1844, #3292, #2021 ),
 ( #657, #1519, #2818, #2411, #2849, #1569, #4708, #5552, #4681, #4212, #2463, #1938, #133, #4655, #158, #602, #1964, #2383, #3741, #3771, #209, #1492, #1909, #4270, #3822, #183, #5580, #5126, #3322, #5635, #2487 ),
 ( #3374, #5096, #1097, #1044, #4623, #2433, #1993, #1068, #4184, #2879, #105, #1126, #5180, #2907, #629, #2938, #4237, #4739, #3264, #3797, #5609, #1544, #684, #3348, #5153, #3714, #5526, #1462, #5069, #1013, #574 ) ),
 .UNSPECIFIED., .F., .F., .F.,
 ( 4, 1, 1, 1, 1, 1, 1, 1, 1, 1, 1, 1, 4 ),
 ( 4, 1, 1, 1, 1, 1, 1, 1, 1, 1, 1, 1, 1, 1, 1, 1, 1, 1, 1, 1, 1, 1, 1, 1, 1, 1, 1, 1, 4 ),
 ( 0.000000000000000000, 0.2500000000000000000, 0.5000000000000000000, 0.6250000000000000000, 0.7500000000000000000, 0.7578125000000000000, 0.7656250000000000000, 0.7734375000000000000, 0.7773437500000000000, 0.7812500000000000000, 0.8125000000000000000, 0.8750000000000000000, 1.000000000000000000 ),
 ( 0.000000000000000000, 0.03658536585365854826, 0.07317073170731711040, 0.1097560975609755962, 0.1463414634146342208, 0.1829268292682925123, 0.2195121951219514977, 0.2560975609756099836, 0.2926829268292684971, 0.3292682926829270107, 0.3658536585365855243, 0.4024390243902439823, 0.4390243902439024959, 0.4756097560975610095, 0.5121951219512199671, 0.5487804878048780921, 0.5853658536585369943, 0.6219512195121950082, 0.6585365853658540214, 0.6951219512195119243, 0.7317073170731710485, 0.7682926829268299507, 0.8048780487804879646, 0.8414634146341469778, 0.8780487804878049918, 0.9146341463414640049, 0.9512195121951220189, 0.9878048780487810321, 1.000000000000000000 ),
 .UNSPECIFIED. ) ;
#978 = ORIENTED_EDGE ( 'NONE', *, *, #126, .F. ) ;
#979 = CARTESIAN_POINT ( 'NONE',  ( 23.50843009764610159, 9.732916164289751038, -29.10399774898194991 ) ) ;
#980 = DIRECTION ( 'NONE',  ( 0.000000000000000000, 0.000000000000000000, 1.000000000000000000 ) ) ;
#981 = EDGE_CURVE ( 'NONE', #437, #3921, #5640, .T. ) ;
#982 = DIRECTION ( 'NONE',  ( 0.000000000000000000, 0.000000000000000000, -1.000000000000000000 ) ) ;
#983 = CARTESIAN_POINT ( 'NONE',  ( 21.99456492296565102, 24.53449844299754901, 17.50000000000000000 ) ) ;
#984 = CARTESIAN_POINT ( 'NONE',  ( 22.04722661388409932, 2.492534660751310138, -26.79122064693619976 ) ) ;
#985 = CIRCLE ( 'NONE', #2117, 20.00000000000000000 ) ;
#986 = CARTESIAN_POINT ( 'NONE',  ( -8.757322923741449827, -21.14153447757470161, -24.24402064658080036 ) ) ;
#987 = DIRECTION ( 'NONE',  ( 1.000000000000000000, 0.000000000000000000, 0.000000000000000000 ) ) ;
#988 = DIRECTION ( 'NONE',  ( 0.9503824336865888123, 0.3110839593099529732, 0.000000000000000000 ) ) ;
#989 = CARTESIAN_POINT ( 'NONE',  ( -6.013233931054910109, -22.44297571488989718, -11.72515453695521970 ) ) ;
#990 = ADVANCED_FACE ( 'NONE', ( #1977 ), #717, .T. ) ;
#991 = LINE ( 'NONE', #21, #1369 ) ;
#992 = CARTESIAN_POINT ( 'NONE',  ( -5.683900794024549619, -21.21205542610034911, -9.658665894589519851 ) ) ;
#993 = CARTESIAN_POINT ( 'NONE',  ( -8.640549504202232001, -20.85839448863984913, -23.77299471345100201 ) ) ;
#994 = CARTESIAN_POINT ( 'NONE',  ( 11.02792635753802131, 33.69105727418954643, 17.50000000000000000 ) ) ;
#995 = DIRECTION ( 'NONE',  ( -0.8221469494880873086, 0.5692753230620771765, 0.000000000000000000 ) ) ;
#996 = DIRECTION ( 'NONE',  ( 0.000000000000000000, 0.000000000000000000, -1.000000000000000000 ) ) ;
#997 = DIRECTION ( 'NONE',  ( 0.000000000000000000, 0.000000000000000000, 1.000000000000000000 ) ) ;
#998 = EDGE_LOOP ( 'NONE', ( #2462, #3700, #89, #2586 ) ) ;
#999 = ORIENTED_EDGE ( 'NONE', *, *, #5604, .F. ) ;
#1000 = FACE_OUTER_BOUND ( 'NONE', #5798, .T. ) ;
#1001 = ORIENTED_EDGE ( 'NONE', *, *, #2624, .T. ) ;
#1002 = CARTESIAN_POINT ( 'NONE',  ( -8.748477511673460327, 21.12064791367334848, -23.25000000000000000 ) ) ;
#1003 = CARTESIAN_POINT ( 'NONE',  ( 20.84664267212954769, -8.634623832841020530, -21.25258339428619792 ) ) ;
#1004 = SHAPE_DEFINITION_REPRESENTATION ( #1119, #2041 ) ;
#1005 = ORIENTED_EDGE ( 'NONE', *, *, #601, .T. ) ;
#1006 = CIRCLE ( 'NONE', #2237, 2.500000000000002220 ) ;
#1007 = CARTESIAN_POINT ( 'NONE',  ( 0.001372086538556830000, 24.81958659052605043, -16.48658235219505030 ) ) ;
#1008 = CARTESIAN_POINT ( 'NONE',  ( 15.96007631387425363, -15.96025618063509910, -19.74027453730045067 ) ) ;
#1009 = CARTESIAN_POINT ( 'NONE',  ( 13.41853270137568011, 17.61592775798861155, -30.73896656093184276 ) ) ;
#1010 = CARTESIAN_POINT ( 'NONE',  ( 21.75554817619924819, 2.490671474058335111, -26.78230181585285052 ) ) ;
#1011 = VERTEX_POINT ( 'NONE', #1613 ) ;
#1012 = EDGE_CURVE ( 'NONE', #119, #1168, #5359, .T. ) ;
#1013 = CARTESIAN_POINT ( 'NONE',  ( -7.067681359732429947, -22.42080801329445094, -11.64576238944754039 ) ) ;
#1014 = DIRECTION ( 'NONE',  ( 0.000000000000000000, 0.000000000000000000, 1.000000000000000000 ) ) ;
#1015 = AXIS2_PLACEMENT_3D ( 'NONE', #3358, #1695, #5730 ) ;
#1016 = DIRECTION ( 'NONE',  ( 1.000000000000000000, 0.000000000000000000, 0.000000000000000000 ) ) ;
#1017 = CARTESIAN_POINT ( 'NONE',  ( -9.122500455235860173, 22.02441917998635290, -16.47515453695520193 ) ) ;
#1018 = CARTESIAN_POINT ( 'NONE',  ( 22.02576641218800191, 0.000000000000000000, -32.50000000595355232 ) ) ;
#1019 = CARTESIAN_POINT ( 'NONE',  ( -8.010281962101039710, -20.27092108844619744, -6.718702816502299946 ) ) ;
#1020 = ORIENTED_EDGE ( 'NONE', *, *, #2331, .T. ) ;
#1021 = CIRCLE ( 'NONE', #922, 35.45000000000000284 ) ;
#1022 = CARTESIAN_POINT ( 'NONE',  ( 0.001003078525451119810, 22.57565427205755171, -29.45525588809364947 ) ) ;
#1023 = CARTESIAN_POINT ( 'NONE',  ( 35.45000000000000284, -1.324557592679437988E-13, 0.000000000000000000 ) ) ;
#1024 = EDGE_CURVE ( 'NONE', #5032, #1475, #5171, .T. ) ;
#1025 = DIRECTION ( 'NONE',  ( 1.000000000000000000, -3.469446951953611033E-15, 0.000000000000000000 ) ) ;
#1026 = CARTESIAN_POINT ( 'NONE',  ( -8.477360594557659113, -21.88403282485995405, -11.81007680950379957 ) ) ;
#1027 = CIRCLE ( 'NONE', #5848, 2.499999999999998668 ) ;
#1028 = CARTESIAN_POINT ( 'NONE',  ( 0.000000000000000000, 0.000000000000000000, 17.50000000000000000 ) ) ;
#1029 = ORIENTED_EDGE ( 'NONE', *, *, #4719, .T. ) ;
#1030 = B_SPLINE_CURVE_WITH_KNOTS ( 'NONE', 3,
 ( #4164, #2828, #82, #5020, #2300, #5475, #5050, #3696, #4545, #4600, #5078, #5508, #584, #1472, #4196, #1413, #3275, #114, #3217, #3601, #1445, #5412, #4961, #550, #1355, #1922, #3158, #902, #2743, #2714, #4515, #4072, #2272, #26 ),
 .UNSPECIFIED., .F., .F.,
 ( 4, 2, 2, 2, 2, 2, 2, 2, 2, 2, 2, 2, 2, 2, 2, 2, 4 ),
 ( 0.000000000000000000, 0.06250000000000015266, 0.1250000000000003053, 0.1875000000000004441, 0.2500000000000006106, 0.3125000000000006661, 0.3750000000000006661, 0.4375000000000006661, 0.5000000000000005551, 0.5625000000000004441, 0.6250000000000004441, 0.6875000000000003331, 0.7500000000000002220, 0.8125000000000002220, 0.8750000000000001110, 0.9375000000000001110, 1.000000000000000000 ),
 .UNSPECIFIED. ) ;
#1031 = ORIENTED_EDGE ( 'NONE', *, *, #1169, .F. ) ;
#1032 = CYLINDRICAL_SURFACE ( 'NONE', #5287, 2.499999999999998668 ) ;
#1033 = CARTESIAN_POINT ( 'NONE',  ( 22.37135008245144618, 0.000000000000000000, -29.83862905385031894 ) ) ;
#1034 = CARTESIAN_POINT ( 'NONE',  ( -20.84750917150149974, -8.636428822793339677, -13.75258339428609844 ) ) ;
#1035 = TOROIDAL_SURFACE ( 'NONE', #2927, 7.500000000000000000, 2.500000000000000000 ) ;
#1036 = ADVANCED_FACE ( 'NONE', ( #5110 ), #2444, .T. ) ;
#1037 = AXIS2_PLACEMENT_3D ( 'NONE', #5055, #4580, #940 ) ;
#1038 = AXIS2_PLACEMENT_3D ( 'NONE', #1764, #2188, #407 ) ;
#1039 = CARTESIAN_POINT ( 'NONE',  ( -11.57128093373354005, -22.28252468448744850, -9.770664415648719014 ) ) ;
#1040 = CARTESIAN_POINT ( 'NONE',  ( -8.637028675438500613, 20.85343051284259985, -13.01742247489116089 ) ) ;
#1041 = DIRECTION ( 'NONE',  ( -1.000000000000000000, 0.000000000000000000, 0.000000000000000000 ) ) ;
#1042 = CARTESIAN_POINT ( 'NONE',  ( 24.59079563450690031, 2.483715047692115263, -30.07719030761430190 ) ) ;
#1043 = EDGE_CURVE ( 'NONE', #3361, #2667, #2091, .T. ) ;
#1044 = CARTESIAN_POINT ( 'NONE',  ( 17.04151006044805072, 17.04084916933349803, -30.56242905611409810 ) ) ;
#1045 = CARTESIAN_POINT ( 'NONE',  ( -5.824187514885437622, -21.31901678746837447, -9.740703234035580138 ) ) ;
#1046 = DIRECTION ( 'NONE',  ( 1.000000000000000000, 0.000000000000000000, 0.000000000000000000 ) ) ;
#1047 = AXIS2_PLACEMENT_3D ( 'NONE', #1624, #230, #2072 ) ;
#1048 = LINE ( 'NONE', #1967, #3780 ) ;
#1049 = LINE ( 'NONE', #2855, #2218 ) ;
#1050 = CARTESIAN_POINT ( 'NONE',  ( -8.480319089555591106, -22.06946140318110139, -7.241437454205529534 ) ) ;
#1051 = CARTESIAN_POINT ( 'NONE',  ( -5.693674432331170543, -21.24858551777404969, -11.91339838996571920 ) ) ;
#1052 = CARTESIAN_POINT ( 'NONE',  ( 22.23007456869730802, 2.205839717857801752, -32.29247704950262943 ) ) ;
#1053 = CARTESIAN_POINT ( 'NONE',  ( 31.11026764803479949, -12.74181097284206032, 0.000000000000000000 ) ) ;
#1054 = CARTESIAN_POINT ( 'NONE',  ( 24.51154222435435770, 2.492763692417596211, -28.77953140539182897 ) ) ;
#1055 = CARTESIAN_POINT ( 'NONE',  ( 31.31510118997309888, -10.25021645926306135, 17.50000000000000000 ) ) ;
#1056 = ORIENTED_EDGE ( 'NONE', *, *, #3935, .F. ) ;
#1057 = CIRCLE ( 'NONE', #3414, 2.499999999999998668 ) ;
#1058 = CIRCLE ( 'NONE', #4455, 2.500000000000002220 ) ;
#1059 = EDGE_LOOP ( 'NONE', ( #3666, #3155, #5310, #1896 ) ) ;
#1060 = CARTESIAN_POINT ( 'NONE',  ( -5.693838915648810506, -21.24920029299734736, -7.089140824963750198 ) ) ;
#1061 = CARTESIAN_POINT ( 'NONE',  ( -26.39599301378654772, 23.66334830103579989, 17.50000000000000000 ) ) ;
#1062 = CARTESIAN_POINT ( 'NONE',  ( -22.10000000000000142, 1.929542825997040183E-11, -9.001857804478541780 ) ) ;
#1063 = CARTESIAN_POINT ( 'NONE',  ( -10.26709261136904061, -19.76942745779440358, -12.37192255476025871 ) ) ;
#1064 = CARTESIAN_POINT ( 'NONE',  ( 9.689569791174999835, 23.38925600400135352, -26.68923983770075026 ) ) ;
#1065 = CARTESIAN_POINT ( 'NONE',  ( -8.639351645460198625, -20.85552850384040013, -21.99027453730045067 ) ) ;
#1066 = CARTESIAN_POINT ( 'NONE',  ( -15.02452064846620594, 16.26781208141940382, -28.07188313845135497 ) ) ;
#1067 = ORIENTED_EDGE ( 'NONE', *, *, #2739, .F. ) ;
#1068 = CARTESIAN_POINT ( 'NONE',  ( -17.04231097319850008, 17.04170971210359653, -27.56242905611415139 ) ) ;
#1069 = DIRECTION ( 'NONE',  ( 1.000000000000000000, 0.000000000000000000, 0.000000000000000000 ) ) ;
#1070 = CARTESIAN_POINT ( 'NONE',  ( 34.74478138222845303, -6.780602746975559647, 20.00000000000000000 ) ) ;
#1071 = CARTESIAN_POINT ( 'NONE',  ( -20.97126691144332966, 7.120966049778712836, -15.12088836374695688 ) ) ;
#1072 = DIRECTION ( 'NONE',  ( 0.000000000000000000, 0.000000000000000000, -1.000000000000000000 ) ) ;
#1073 = CARTESIAN_POINT ( 'NONE',  ( -22.26549353722950286, 9.223400533111599131, -26.81242905611419758 ) ) ;
#1074 = ORIENTED_EDGE ( 'NONE', *, *, #901, .F. ) ;
#1075 = CIRCLE ( 'NONE', #3346, 2.500000000000000000 ) ;
#1076 = CARTESIAN_POINT ( 'NONE',  ( -22.57168460780750152, -0.0002252799933069194870, -14.35827761439405847 ) ) ;
#1077 = DIRECTION ( 'NONE',  ( 0.2057846053710264966, -0.9785973105380431081, 1.041722224057582082E-14 ) ) ;
#1078 = AXIS2_PLACEMENT_3D ( 'NONE', #347, #815, #2544 ) ;
#1079 = CARTESIAN_POINT ( 'NONE',  ( 10.25021645926311997, 31.31510118997304915, 17.50000000000000000 ) ) ;
#1080 = CARTESIAN_POINT ( 'NONE',  ( 0.000000000000000000, 0.000000000000000000, 20.00000000000000000 ) ) ;
#1081 = DIRECTION ( 'NONE',  ( 0.000000000000000000, 0.000000000000000000, -1.000000000000000000 ) ) ;
#1082 = ORIENTED_EDGE ( 'NONE', *, *, #4365, .T. ) ;
#1083 = EDGE_CURVE ( 'NONE', #411, #4751, #807, .T. ) ;
#1084 = ORIENTED_EDGE ( 'NONE', *, *, #2618, .T. ) ;
#1085 = CARTESIAN_POINT ( 'NONE',  ( -10.26557839288688001, -19.76647015959209952, -7.505807491630410944 ) ) ;
#1086 = ORIENTED_EDGE ( 'NONE', *, *, #472, .T. ) ;
#1087 = DIRECTION ( 'NONE',  ( 1.000000000000000000, 0.000000000000000000, 0.000000000000000000 ) ) ;
#1088 = DIRECTION ( 'NONE',  ( -0.3110839593099550271, -0.9503824336865881461, -4.163336342344333082E-15 ) ) ;
#1089 = CARTESIAN_POINT ( 'NONE',  ( 8.640457620422029805, -20.85739197920890220, -22.70525588809359974 ) ) ;
#1090 = ADVANCED_FACE ( 'NONE', ( #3334 ), #5137, .T. ) ;
#1091 = CARTESIAN_POINT ( 'NONE',  ( -17.90146812161435008, -17.90289779012230298, -21.43923983770070407 ) ) ;
#1092 = CARTESIAN_POINT ( 'NONE',  ( -22.57259226965640053, -0.0002465101194438869877, -10.76742247489121951 ) ) ;
#1093 = CARTESIAN_POINT ( 'NONE',  ( 21.60219608989629592, 4.870631861086555325, -32.07250827217207956 ) ) ;
#1094 =( NAMED_UNIT ( * ) PLANE_ANGLE_UNIT ( ) SI_UNIT ( $, .RADIAN. ) );
#1095 = EDGE_CURVE ( 'NONE', #5081, #2776, #1765, .T. ) ;
#1096 = ORIENTED_EDGE ( 'NONE', *, *, #1393, .T. ) ;
#1097 = CARTESIAN_POINT ( 'NONE',  ( 22.26579983491330239, 9.220900910003450690, -31.31242905611425442 ) ) ;
#1098 = DIRECTION ( 'NONE',  ( 0.000000000000000000, 0.000000000000000000, 1.000000000000000000 ) ) ;
#1099 = DIRECTION ( 'NONE',  ( 0.000000000000000000, 0.000000000000000000, 1.000000000000000000 ) ) ;
#1100 = CARTESIAN_POINT ( 'NONE',  ( -24.09914700631710005, 0.0007479543134519389940, -26.06242905611415139 ) ) ;
#1101 = CARTESIAN_POINT ( 'NONE',  ( -8.458748077218238848, -21.91130410102045190, -11.76597901215455977 ) ) ;
#1102 = AXIS2_PLACEMENT_3D ( 'NONE', #3319, #5149, #1490 ) ;
#1103 = ORIENTED_EDGE ( 'NONE', *, *, #2521, .T. ) ;
#1104 = CARTESIAN_POINT ( 'NONE',  ( -20.85551018978935289, 8.639072032333698914, -15.16339838996569966 ) ) ;
#1105 = CARTESIAN_POINT ( 'NONE',  ( 7.120966049804366094, -20.97126691143458288, -22.87084852544513325 ) ) ;
#1106 = CYLINDRICAL_SURFACE ( 'NONE', #2914, 22.10000000000000142 ) ;
#1107 = CARTESIAN_POINT ( 'NONE',  ( 23.56304432578518870, 2.500138485878783623, -27.38297290424585739 ) ) ;
#1108 = CARTESIAN_POINT ( 'NONE',  ( 22.10000000000000142, 0.000000000000000000, -32.50000000000000000 ) ) ;
#1109 = ORIENTED_EDGE ( 'NONE', *, *, #4163, .T. ) ;
#1110 = EDGE_CURVE ( 'NONE', #1380, #3361, #3845, .T. ) ;
#1111 = CIRCLE ( 'NONE', #5173, 2.499999999999999112 ) ;
#1112 = EDGE_LOOP ( 'NONE', ( #1800, #5731, #2034 ) ) ;
#1113 = CARTESIAN_POINT ( 'NONE',  ( -10.26558377727963922, -19.76647575764755160, -6.916666666666700714 ) ) ;
#1114 = CARTESIAN_POINT ( 'NONE',  ( 22.24818189934594415, 0.000000000000000000, -29.38889843911807986 ) ) ;
#1115 = CIRCLE ( 'NONE', #4419, 2.499999999999998668 ) ;
#1116 = DIRECTION ( 'NONE',  ( 1.000000000000000000, 0.000000000000000000, 0.000000000000000000 ) ) ;
#1117 = CARTESIAN_POINT ( 'NONE',  ( -20.84692929830464792, -8.634398529712969506, -25.75258339428630094 ) ) ;
#1118 = CARTESIAN_POINT ( 'NONE',  ( 25.31658567299265172, 0.002081893352355839843, -16.93923983770075026 ) ) ;
#1119 = PRODUCT_DEFINITION_SHAPE ( 'NONE', 'NONE',  #4436 ) ;
#1120 = CARTESIAN_POINT ( 'NONE',  ( 15.96010840467754832, -15.96025266559904843, -18.26742247489114845 ) ) ;
#1121 = CARTESIAN_POINT ( 'NONE',  ( 22.01185740250635092, 0.009140707384024709253, -32.49999999999155165 ) ) ;
#1122 =( LENGTH_UNIT ( ) NAMED_UNIT ( * ) SI_UNIT ( .MILLI., .METRE. ) );
#1123 = ORIENTED_EDGE ( 'NONE', *, *, #338, .F. ) ;
#1124 = VECTOR ( 'NONE', #3440, 1000.000000000000000 ) ;
#1125 = CIRCLE ( 'NONE', #1895, 7.500000000000000000 ) ;
#1126 = CARTESIAN_POINT ( 'NONE',  ( -17.03977246532705436, -17.04044217852004905, -24.56242905611415139 ) ) ;
#1127 = DIRECTION ( 'NONE',  ( 0.000000000000000000, 0.000000000000000000, -1.000000000000000000 ) ) ;
#1128 = CARTESIAN_POINT ( 'NONE',  ( 22.08684129076094393, 0.7626604776401992858, -28.64453369935779747 ) ) ;
#1129 = DIRECTION ( 'NONE',  ( -0.5692753230620729576, -0.8221469494880901951, 0.000000000000000000 ) ) ;
#1130 = AXIS2_PLACEMENT_3D ( 'NONE', #3206, #575, #2791 ) ;
#1131 = VECTOR ( 'NONE', #4770, 1000.000000000000000 ) ;
#1132 = DIRECTION ( 'NONE',  ( 0.000000000000000000, 0.000000000000000000, 1.000000000000000000 ) ) ;
#1133 = CARTESIAN_POINT ( 'NONE',  ( -10.26518842987930036, -19.76575739041309987, -12.27494428106055935 ) ) ;
#1134 = CYLINDRICAL_SURFACE ( 'NONE', #2645, 2.500000000000000444 ) ;
#1135 = CARTESIAN_POINT ( 'NONE',  ( 21.99456492296544852, -24.53449844299775151, 17.50000000000000000 ) ) ;
#1136 = CIRCLE ( 'NONE', #5687, 35.45000000000000284 ) ;
#1137 = ORIENTED_EDGE ( 'NONE', *, *, #3792, .T. ) ;
#1138 = DIRECTION ( 'NONE',  ( 0.4273624823695310049, -0.9040803662633939419, 0.000000000000000000 ) ) ;
#1139 = DIRECTION ( 'NONE',  ( 0.000000000000000000, 0.000000000000000000, -1.000000000000000000 ) ) ;
#1140 = ORIENTED_EDGE ( 'NONE', *, *, #1260, .F. ) ;
#1141 = ORIENTED_EDGE ( 'NONE', *, *, #126, .T. ) ;
#1142 = CARTESIAN_POINT ( 'NONE',  ( -8.639320766127669415, -20.85548548779350142, -20.51742247489115201 ) ) ;
#1143 = EDGE_CURVE ( 'NONE', #4994, #5056, #1223, .T. ) ;
#1144 = CARTESIAN_POINT ( 'NONE',  ( 22.27052016154640768, -0.000000000000000000, -29.40067519565957355 ) ) ;
#1145 = EDGE_CURVE ( 'NONE', #5826, #300, #2053, .T. ) ;
#1146 = DIRECTION ( 'NONE',  ( 0.000000000000000000, 0.000000000000000000, 1.000000000000000000 ) ) ;
#1147 = CARTESIAN_POINT ( 'NONE',  ( -16.17918095825875113, -16.17861073198890054, -12.99402064658094069 ) ) ;
#1148 = AXIS2_PLACEMENT_3D ( 'NONE', #3900, #3450, #3035 ) ;
#1149 = CIRCLE ( 'NONE', #4178, 7.500000000000000000 ) ;
#1150 = CARTESIAN_POINT ( 'NONE',  ( -31.31510118997309888, 10.25021645926300096, 17.50000000000000000 ) ) ;
#1151 = CARTESIAN_POINT ( 'NONE',  ( -25.44410228888999725, 0.002168891572656385033, -23.85399774898199965 ) ) ;
#1152 = CARTESIAN_POINT ( 'NONE',  ( -8.638173084211031139, 20.85632500659484734, -16.27299471345099846 ) ) ;
#1153 = DIRECTION ( 'NONE',  ( 1.000000000000000000, -1.154631945610161855E-14, 0.000000000000000000 ) ) ;
#1154 = DIRECTION ( 'NONE',  ( 1.000000000000000000, 0.000000000000000000, 0.000000000000000000 ) ) ;
#1155 = VERTEX_POINT ( 'NONE', #4005 ) ;
#1156 = EDGE_CURVE ( 'NONE', #4985, #4361, #1865, .T. ) ;
#1157 = FACE_OUTER_BOUND ( 'NONE', #5567, .T. ) ;
#1158 = CARTESIAN_POINT ( 'NONE',  ( 24.53449844299759874, -21.99456492296560128, 17.50000000000000000 ) ) ;
#1159 = CARTESIAN_POINT ( 'NONE',  ( -17.57187852534301697, 13.48077440074142253, -10.25185248743992972 ) ) ;
#1160 = CARTESIAN_POINT ( 'NONE',  ( -9.221728171538369878, 22.26372680763894962, -16.31242905611420113 ) ) ;
#1161 = CARTESIAN_POINT ( 'NONE',  ( -8.717310351842538552, -22.94979252972682104, -8.413193095137392774 ) ) ;
#1162 = CARTESIAN_POINT ( 'NONE',  ( 20.93861375225480259, 8.674036997864298826, -31.74466388919150361 ) ) ;
#1163 = CARTESIAN_POINT ( 'NONE',  ( 1.446441617590376039, -22.09999999999999787, -23.37085276992094407 ) ) ;
#1164 = EDGE_CURVE ( 'NONE', #5826, #4496, #3373, .T. ) ;
#1165 = CYLINDRICAL_SURFACE ( 'NONE', #2817, 2.499999999999998668 ) ;
#1166 = CARTESIAN_POINT ( 'NONE',  ( 24.53449844299775151, 21.99456492296544852, 20.00000000000000000 ) ) ;
#1167 = CARTESIAN_POINT ( 'NONE',  ( -5.767917811373468595, -21.52607864341430144, -9.579346399267903323 ) ) ;
#1168 = VERTEX_POINT ( 'NONE', #4417 ) ;
#1169 = EDGE_CURVE ( 'NONE', #2754, #915, #1187, .T. ) ;
#1170 = ORIENTED_EDGE ( 'NONE', *, *, #3972, .T. ) ;
#1171 = CIRCLE ( 'NONE', #4287, 2.500000000000000444 ) ;
#1172 = CARTESIAN_POINT ( 'NONE',  ( 15.96013407732020006, -15.96024985357015069, -17.08914082496369957 ) ) ;
#1173 = AXIS2_PLACEMENT_3D ( 'NONE', #2265, #455, #4067 ) ;
#1174 = DIRECTION ( 'NONE',  ( 4.163336342344337027E-15, 1.000000000000000000, 0.000000000000000000 ) ) ;
#1175 = DIRECTION ( 'NONE',  ( 0.000000000000000000, 0.000000000000000000, -1.000000000000000000 ) ) ;
#1176 = CARTESIAN_POINT ( 'NONE',  ( -20.93769550132545021, 8.672335096939960408, -27.24466388919150006 ) ) ;
#1177 = CARTESIAN_POINT ( 'NONE',  ( 17.18661455330115118, 17.18639439335045083, -14.01496339966605831 ) ) ;
#1178 = CARTESIAN_POINT ( 'NONE',  ( -10.26555416311940050, -19.76644496834255094, -10.15694120396709899 ) ) ;
#1179 = CARTESIAN_POINT ( 'NONE',  ( -32.24478138222849566, 6.780602746975479711, 17.50000000000000000 ) ) ;
#1180 = SHAPE_REPRESENTATION_RELATIONSHIP ( 'NONE' , 'NONE' ,  #2041, #4724 ) ;
#1181 = ORIENTED_EDGE ( 'NONE', *, *, #3546, .F. ) ;
#1182 = CARTESIAN_POINT ( 'NONE',  ( -30.70060056415834993, 17.72500000000000142, 20.00000000000000000 ) ) ;
#1183 = LINE ( 'NONE', #5696, #2457 ) ;
#1184 = CARTESIAN_POINT ( 'NONE',  ( -2.892847469050837450, 21.95754145786595402, -11.75184610699357357 ) ) ;
#1185 = DIRECTION ( 'NONE',  ( 0.000000000000000000, 0.000000000000000000, 1.000000000000000000 ) ) ;
#1186 = CARTESIAN_POINT ( 'NONE',  ( -8.490153870170642492, -22.10629092213338964, -7.274584038738284519 ) ) ;
#1187 = CIRCLE ( 'NONE', #4500, 2.500000000000001776 ) ;
#1188 = CARTESIAN_POINT ( 'NONE',  ( 21.99331781338964831, 0.000000000000000000, -32.50258339428619792 ) ) ;
#1189 = CARTESIAN_POINT ( 'NONE',  ( -1.446441617590224160, -22.10000000000001208, -23.62085489215884593 ) ) ;
#1190 = DIRECTION ( 'NONE',  ( 0.000000000000000000, 0.000000000000000000, 1.000000000000000000 ) ) ;
#1191 = EDGE_LOOP ( 'NONE', ( #4553, #1476, #5339, #1531 ) ) ;
#1192 = ORIENTED_EDGE ( 'NONE', *, *, #2508, .F. ) ;
#1193 = CARTESIAN_POINT ( 'NONE',  ( -5.784896451977679988, -21.58953825572130114, -9.134120602060949778 ) ) ;
#1194 = ORIENTED_EDGE ( 'NONE', *, *, #5090, .T. ) ;
#1195 = ORIENTED_EDGE ( 'NONE', *, *, #4312, .F. ) ;
#1196 = AXIS2_PLACEMENT_3D ( 'NONE', #2355, #2323, #5014 ) ;
#1197 = CARTESIAN_POINT ( 'NONE',  ( 8.639143929015251189, -20.85422477338564917, -21.66855618722784982 ) ) ;
#1198 = CARTESIAN_POINT ( 'NONE',  ( 11.02792635753802131, 33.69105727418954643, 20.00000000000000000 ) ) ;
#1199 = CARTESIAN_POINT ( 'NONE',  ( -8.294545919526328248, -21.26099124811809915, -6.810124975592289687 ) ) ;
#1200 = CARTESIAN_POINT ( 'NONE',  ( 22.88207438478944766, -0.0006727177393255480246, -20.49402064658079681 ) ) ;
#1201 = AXIS2_PLACEMENT_3D ( 'NONE', #2792, #3593, #5402 ) ;
#1202 = DIRECTION ( 'NONE',  ( 1.000000000000000000, 0.000000000000000000, 0.000000000000000000 ) ) ;
#1203 = CARTESIAN_POINT ( 'NONE',  ( 17.18635642310275102, 17.18572675295330399, -26.01496339966604765 ) ) ;
#1204 = ADVANCED_FACE ( 'NONE', ( #2611 ), #4411, .T. ) ;
#1205 = CARTESIAN_POINT ( 'NONE',  ( 0.0001267218634191695980, -22.57585013059024703, -23.02299471345110149 ) ) ;
#1206 = APPLICATION_PROTOCOL_DEFINITION ( 'international standard', 'config_control_design', 1994, #1574 ) ;
#1207 = ORIENTED_EDGE ( 'NONE', *, *, #1143, .F. ) ;
#1208 = CARTESIAN_POINT ( 'NONE',  ( 22.07010123170955396, 1.362173107969235852, -31.51481517681370548 ) ) ;
#1209 = CARTESIAN_POINT ( 'NONE',  ( 17.55179671074565206, 17.55090355386980150, -29.98658235219499701 ) ) ;
#1210 = CC_DESIGN_PERSON_AND_ORGANIZATION_ASSIGNMENT ( #4909, #3544, ( #4566 ) ) ;
#1211 = CARTESIAN_POINT ( 'NONE',  ( -13.48077440071840449, 17.57187852536067396, -10.75185036062447708 ) ) ;
#1212 = DIRECTION ( 'NONE',  ( 0.000000000000000000, 0.000000000000000000, 1.000000000000000000 ) ) ;
#1213 = DIRECTION ( 'NONE',  ( 1.000000000000000000, 0.000000000000000000, 0.000000000000000000 ) ) ;
#1214 = CARTESIAN_POINT ( 'NONE',  ( 22.12195464265125011, 0.000000000000000000, -30.05414045518774913 ) ) ;
#1215 = AXIS2_PLACEMENT_3D ( 'NONE', #2701, #3996, #3079 ) ;
#1216 = AXIS2_PLACEMENT_3D ( 'NONE', #4407, #5300, #2134 ) ;
#1217 = EDGE_CURVE ( 'NONE', #3389, #3561, #2510, .T. ) ;
#1218 = EDGE_CURVE ( 'NONE', #1848, #4346, #1958, .T. ) ;
#1219 = CARTESIAN_POINT ( 'NONE',  ( -6.618846947960570049, -20.99353270929770332, -12.08591672761959934 ) ) ;
#1220 = CARTESIAN_POINT ( 'NONE',  ( -7.734001875518999647, -20.70254126887489932, -12.17863851505227935 ) ) ;
#1221 = DIRECTION ( 'NONE',  ( 0.000000000000000000, 0.000000000000000000, 1.000000000000000000 ) ) ;
#1222 = ORIENTED_EDGE ( 'NONE', *, *, #4554, .F. ) ;
#1223 = LINE ( 'NONE', #769, #1577 ) ;
#1224 = ORIENTED_EDGE ( 'NONE', *, *, #3922, .F. ) ;
#1225 = ORIENTED_EDGE ( 'NONE', *, *, #4843, .F. ) ;
#1226 = CARTESIAN_POINT ( 'NONE',  ( 15.96242885645975029, 15.96296941011454962, -15.26742247489115023 ) ) ;
#1227 = FACE_OUTER_BOUND ( 'NONE', #2775, .T. ) ;
#1228 = CARTESIAN_POINT ( 'NONE',  ( -31.31510118997314507, -10.25021645926292102, 17.50000000000000000 ) ) ;
#1229 = CARTESIAN_POINT ( 'NONE',  ( -8.460137565985389685, -21.91635294404035150, -11.76257988473293992 ) ) ;
#1230 = ORIENTED_EDGE ( 'NONE', *, *, #4368, .T. ) ;
#1231 = DIRECTION ( 'NONE',  ( 1.000000000000000000, 0.000000000000000000, 0.000000000000000000 ) ) ;
#1232 = CARTESIAN_POINT ( 'NONE',  ( -22.45481958606885087, -9.300253197753280077, -8.764963399666189758 ) ) ;
#1233 = CIRCLE ( 'NONE', #202, 2.500000000000000444 ) ;
#1234 = CARTESIAN_POINT ( 'NONE',  ( -8.639376348926218085, -20.85556291667795037, -23.16855618722784982 ) ) ;
#1235 = DATE_TIME_ROLE ( 'classification_date' ) ;
#1236 = VERTEX_POINT ( 'NONE', #4517 ) ;
#1237 = VERTEX_POINT ( 'NONE', #3698 ) ;
#1238 = DIRECTION ( 'NONE',  ( -1.000000000000000000, 1.224646799147351975E-16, 0.000000000000000000 ) ) ;
#1239 = CARTESIAN_POINT ( 'NONE',  ( 17.04207090362369925, 17.04192590036090138, -18.56242905611419758 ) ) ;
#1240 = LINE ( 'NONE', #2133, #3303 ) ;
#1241 = FACE_OUTER_BOUND ( 'NONE', #5470, .T. ) ;
#1242 = CARTESIAN_POINT ( 'NONE',  ( -8.718374020912005307, -22.95358158586852682, -8.422989086951609750 ) ) ;
#1243 = CARTESIAN_POINT ( 'NONE',  ( -31.11026764803485278, 12.74181097284199815, 17.50000000000000000 ) ) ;
#1244 = EDGE_CURVE ( 'NONE', #146, #1848, #5051, .T. ) ;
#1245 = CARTESIAN_POINT ( 'NONE',  ( 0.0009326346462042169830, 22.66313612318170101, -29.49466388919140059 ) ) ;
#1246 = DIRECTION ( 'NONE',  ( 0.000000000000000000, 0.000000000000000000, -1.000000000000000000 ) ) ;
#1247 = DIRECTION ( 'NONE',  ( 0.000000000000000000, 0.000000000000000000, 1.000000000000000000 ) ) ;
#1248 = EDGE_LOOP ( 'NONE', ( #3821, #4644, #1688, #1326 ) ) ;
#1249 = CARTESIAN_POINT ( 'NONE',  ( -5.664955794391849153, -21.14124632189275133, -8.996978504392910025 ) ) ;
#1250 = ORIENTED_EDGE ( 'NONE', *, *, #1568, .T. ) ;
#1251 = ORIENTED_EDGE ( 'NONE', *, *, #3540, .F. ) ;
#1252 = ORIENTED_EDGE ( 'NONE', *, *, #2349, .F. ) ;
#1253 = CARTESIAN_POINT ( 'NONE',  ( -5.693838915648810506, -21.24920029299734736, -9.740274537300480873 ) ) ;
#1254 = CARTESIAN_POINT ( 'NONE',  ( 17.57187852534856987, 13.48077440073429756, -19.24584231757156516 ) ) ;
#1255 = DIRECTION ( 'NONE',  ( -0.8660254037844385966, -0.5000000000000002220, 0.000000000000000000 ) ) ;
#1256 = CARTESIAN_POINT ( 'NONE',  ( 34.69127465857365422, 7.295064260402890355, 0.000000000000000000 ) ) ;
#1257 = CARTESIAN_POINT ( 'NONE',  ( -8.457839460951198873, -21.90779100682734892, -11.76833556257824043 ) ) ;
#1258 = ORIENTED_EDGE ( 'NONE', *, *, #4368, .F. ) ;
#1259 = PERSON ( 'UNSPECIFIED', 'UNSPECIFIED', 'UNSPECIFIED', ('UNSPECIFIED'), ('UNSPECIFIED'), ('UNSPECIFIED') ) ;
#1260 = EDGE_CURVE ( 'NONE', #2278, #300, #3276, .T. ) ;
#1261 = AXIS2_PLACEMENT_3D ( 'NONE', #4440, #1301, #5393 ) ;
#1262 = CARTESIAN_POINT ( 'NONE',  ( -21.99456492296554799, 24.53449844299765203, 17.50000000000000000 ) ) ;
#1263 = CARTESIAN_POINT ( 'NONE',  ( 8.978587232833808329, 21.67593548055854669, -24.83841932938490160 ) ) ;
#1264 = CARTESIAN_POINT ( 'NONE',  ( -15.96058629199284873, -15.96024325842474845, -23.91855618722780008 ) ) ;
#1265 = APPROVAL_ROLE ( '' ) ;
#1266 = ORIENTED_EDGE ( 'NONE', *, *, #3143, .F. ) ;
#1267 = ORIENTED_EDGE ( 'NONE', *, *, #5683, .T. ) ;
#1268 = CARTESIAN_POINT ( 'NONE',  ( 31.31510118997309888, -10.25021645926306135, 17.50000000000000000 ) ) ;
#1269 = CARTESIAN_POINT ( 'NONE',  ( 17.22499157906534961, 17.22424619083530217, -30.39970357527310085 ) ) ;
#1270 = CARTESIAN_POINT ( 'NONE',  ( 5.730144764059416751, 21.39316793595606114, -12.50184291677040171 ) ) ;
#1271 = ADVANCED_FACE ( 'NONE', ( #5676 ), #2421, .F. ) ;
#1272 = CARTESIAN_POINT ( 'NONE',  ( -24.53449844299769822, -21.99456492296550181, 0.000000000000000000 ) ) ;
#1273 = CARTESIAN_POINT ( 'NONE',  ( -22.10000000000000142, 2.783670549010809553E-14, -21.00192281395920091 ) ) ;
#1274 = DIRECTION ( 'NONE',  ( 0.000000000000000000, -1.000000000000000000, -5.551115123125785858E-15 ) ) ;
#1275 = CARTESIAN_POINT ( 'NONE',  ( 0.001011984038318653866, 22.56537732928840256, -29.50258339428620147 ) ) ;
#1276 = DIRECTION ( 'NONE',  ( 0.000000000000000000, 0.000000000000000000, -1.000000000000000000 ) ) ;
#1277 = LINE ( 'NONE', #357, #1502 ) ;
#1278 = EDGE_LOOP ( 'NONE', ( #3290, #4697 ) ) ;
#1279 = CARTESIAN_POINT ( 'NONE',  ( -5.713605197438260674, -21.32307903325395060, -8.960535990525279715 ) ) ;
#1280 = EDGE_LOOP ( 'NONE', ( #5454, #3691, #5705, #1056 ) ) ;
#1281 = ORIENTED_EDGE ( 'NONE', *, *, #3118, .F. ) ;
#1282 = CARTESIAN_POINT ( 'NONE',  ( -20.85601752625510130, 8.639248690914460127, -11.51742247489116089 ) ) ;
#1283 = CARTESIAN_POINT ( 'NONE',  ( 11.07542989872845141, 19.17907833842521015, -18.49585068960345069 ) ) ;
#1284 = DIRECTION ( 'NONE',  ( -1.387778780781445873E-15, -8.326672684688678786E-15, -1.000000000000000000 ) ) ;
#1285 = CARTESIAN_POINT ( 'NONE',  ( -32.24478138222849566, 6.780602746975479711, 20.00000000000000000 ) ) ;
#1286 = CC_DESIGN_PERSON_AND_ORGANIZATION_ASSIGNMENT ( #2128, #1298, ( #5628 ) ) ;
#1287 = CARTESIAN_POINT ( 'NONE',  ( -8.521147272157890029, -22.14397370847720126, -11.59022836265429923 ) ) ;
#1288 = EDGE_CURVE ( 'NONE', #3251, #4020, #1612, .T. ) ;
#1289 = DIRECTION ( 'NONE',  ( 0.000000000000000000, 0.000000000000000000, 1.000000000000000000 ) ) ;
#1290 = EDGE_LOOP ( 'NONE', ( #3834, #1170, #1109, #1992 ) ) ;
#1291 = AXIS2_PLACEMENT_3D ( 'NONE', #4948, #4588, #505 ) ;
#1292 = ADVANCED_FACE ( 'NONE', ( #4222 ), #2948, .T. ) ;
#1293 = DIRECTION ( 'NONE',  ( 1.000000000000000000, 0.000000000000000000, 0.000000000000000000 ) ) ;
#1294 = AXIS2_PLACEMENT_3D ( 'NONE', #4387, #3974, #5277 ) ;
#1295 = CARTESIAN_POINT ( 'NONE',  ( -23.04051335947739787, -9.542158027320390090, -9.420015974367171196 ) ) ;
#1296 = CARTESIAN_POINT ( 'NONE',  ( -20.85324478680644944, -8.638797320774770583, -13.66339838996560019 ) ) ;
#1297 = MANIFOLD_SOLID_BREP ( 'NONE', #443 ) ;
#1298 = PERSON_AND_ORGANIZATION_ROLE ( 'classification_officer' ) ;
#1299 = VERTEX_POINT ( 'NONE', #4277 ) ;
#1300 = AXIS2_PLACEMENT_3D ( 'NONE', #3684, #5012, #5434 ) ;
#1301 = DIRECTION ( 'NONE',  ( 0.000000000000000000, 0.000000000000000000, -1.000000000000000000 ) ) ;
#1302 = CARTESIAN_POINT ( 'NONE',  ( 0.0006998802877417370678, 24.09876493465755232, -17.06242905611420113 ) ) ;
#1303 = CARTESIAN_POINT ( 'NONE',  ( 8.637088463343928879, 20.85303225374185132, -25.33914082496374931 ) ) ;
#1304 = CIRCLE ( 'NONE', #1775, 35.45000000000000284 ) ;
#1305 = CYLINDRICAL_SURFACE ( 'NONE', #567, 20.00000000000000000 ) ;
#1306 = CARTESIAN_POINT ( 'NONE',  ( 22.10000000000001563, -1.446441617590214390, -15.12683416876120290 ) ) ;
#1307 = DIRECTION ( 'NONE',  ( 1.000000000000000000, 0.000000000000000000, 0.000000000000000000 ) ) ;
#1308 = CARTESIAN_POINT ( 'NONE',  ( 8.957694511603680354, 21.62573513186720220, -30.15349006216965222 ) ) ;
#1309 = CARTESIAN_POINT ( 'NONE',  ( 10.25021645926286062, -31.31510118997314507, 20.00000000000000000 ) ) ;
#1310 = CARTESIAN_POINT ( 'NONE',  ( 26.39599301378664720, 23.66334830103565068, 0.000000000000000000 ) ) ;
#1311 = CARTESIAN_POINT ( 'NONE',  ( 22.30260985614560099, 2.919602236076165092, -32.24402064658080036 ) ) ;
#1312 = AXIS2_PLACEMENT_3D ( 'NONE', #353, #3524, #1307 ) ;
#1313 = ORIENTED_EDGE ( 'NONE', *, *, #4289, .T. ) ;
#1314 = CIRCLE ( 'NONE', #3863, 2.500000000000000444 ) ;
#1315 = CARTESIAN_POINT ( 'NONE',  ( -5.751551865214219461, -21.46490904671255251, -9.006534281587141422 ) ) ;
#1316 = VERTEX_POINT ( 'NONE', #2443 ) ;
#1317 = CIRCLE ( 'NONE', #2075, 35.45000000000000284 ) ;
#1318 = AXIS2_PLACEMENT_3D ( 'NONE', #3098, #4903, #5516 ) ;
#1319 = CARTESIAN_POINT ( 'NONE',  ( 8.637062225901210866, 20.85307370776249769, -29.16855618722784982 ) ) ;
#1320 = CARTESIAN_POINT ( 'NONE',  ( 15.96032586147899934, 15.96029631152930151, -25.50000000000000000 ) ) ;
#1321 = CARTESIAN_POINT ( 'NONE',  ( -21.99456492296560128, -24.53449844299759874, 20.00000000000000000 ) ) ;
#1322 = DIRECTION ( 'NONE',  ( -1.000000000000000000, 0.000000000000000000, 0.000000000000000000 ) ) ;
#1323 = CARTESIAN_POINT ( 'NONE',  ( -8.446538816668258676, -21.86555509271130049, -11.79672305588883852 ) ) ;
#1324 = DIRECTION ( 'NONE',  ( -0.4999999999999995559, 0.8660254037844389297, 0.000000000000000000 ) ) ;
#1325 = CIRCLE ( 'NONE', #2082, 35.45000000000000284 ) ;
#1326 = ORIENTED_EDGE ( 'NONE', *, *, #5225, .F. ) ;
#1327 = AXIS2_PLACEMENT_3D ( 'NONE', #490, #1499, #5048 ) ;
#1328 = EDGE_CURVE ( 'NONE', #4751, #4331, #5827, .T. ) ;
#1329 = DIRECTION ( 'NONE',  ( 0.000000000000000000, 0.000000000000000000, 1.000000000000000000 ) ) ;
#1330 = CARTESIAN_POINT ( 'NONE',  ( -15.96059826545650040, -15.96019609419269791, -19.50000000000000000 ) ) ;
#1331 = TOROIDAL_SURFACE ( 'NONE', #3879, 7.500000000000000000, 2.500000000000000000 ) ;
#1332 = CARTESIAN_POINT ( 'NONE',  ( -20.85265765998804710, -8.636774011115461391, -25.66339838996579914 ) ) ;
#1333 = CIRCLE ( 'NONE', #4641, 2.500000000000000444 ) ;
#1334 = SECURITY_CLASSIFICATION_LEVEL ( 'unclassified' ) ;
#1335 = VERTEX_POINT ( 'NONE', #2497 ) ;
#1336 = CARTESIAN_POINT ( 'NONE',  ( 31.31510118997314507, 10.25021645926281977, 20.00000000000000000 ) ) ;
#1337 = CARTESIAN_POINT ( 'NONE',  ( 17.85619029990334994, 17.85554099944705087, -17.24954139175619972 ) ) ;
#1338 = CARTESIAN_POINT ( 'NONE',  ( 15.96241332211360131, 15.96295781254480239, -14.08914082496372089 ) ) ;
#1339 = CARTESIAN_POINT ( 'NONE',  ( 20.57137661531030304, -26.58986581671794980, 0.000000000000000000 ) ) ;
#1340 = CARTESIAN_POINT ( 'NONE',  ( 0.000000000000000000, 0.000000000000000000, 0.000000000000000000 ) ) ;
#1341 = DIRECTION ( 'NONE',  ( 0.000000000000000000, 0.000000000000000000, -1.000000000000000000 ) ) ;
#1342 = AXIS2_PLACEMENT_3D ( 'NONE', #3566, #903, #3697 ) ;
#1343 = CIRCLE ( 'NONE', #2756, 2.499999999999999112 ) ;
#1344 = ADVANCED_FACE ( 'NONE', ( #3417 ), #691, .T. ) ;
#1345 = CARTESIAN_POINT ( 'NONE',  ( 8.757345859955890433, -21.14046292663054771, -22.74402064658085010 ) ) ;
#1346 = DIRECTION ( 'NONE',  ( 0.000000000000000000, 0.000000000000000000, -1.000000000000000000 ) ) ;
#1347 = DIRECTION ( 'NONE',  ( -1.000000000000000000, 0.000000000000000000, 0.000000000000000000 ) ) ;
#1348 = CARTESIAN_POINT ( 'NONE',  ( -6.991855433148689514, -22.17968397097104827, -11.80848787028856073 ) ) ;
#1349 = ORIENTED_EDGE ( 'NONE', *, *, #4675, .T. ) ;
#1350 = CARTESIAN_POINT ( 'NONE',  ( -5.689010099873249793, -21.23115204142274948, -9.649479561170609898 ) ) ;
#1351 = VERTEX_POINT ( 'NONE', #4691 ) ;
#1352 = EDGE_CURVE ( 'NONE', #1168, #1883, #3752, .T. ) ;
#1353 = CARTESIAN_POINT ( 'NONE',  ( -8.636712317017959606, 20.85281581933620032, -16.60827761439389860 ) ) ;
#1354 = CARTESIAN_POINT ( 'NONE',  ( 19.86420842556237076, 9.793641660736644994, -19.62083813155562595 ) ) ;
#1355 = CARTESIAN_POINT ( 'NONE',  ( -15.10442217504568418, 16.19292555600728178, -22.56846771409917096 ) ) ;
#1356 = DIRECTION ( 'NONE',  ( 0.000000000000000000, 0.000000000000000000, 1.000000000000000000 ) ) ;
#1357 = CARTESIAN_POINT ( 'NONE',  ( -8.667473253287420576, -22.67513985732325210, -7.855142993470488832 ) ) ;
#1358 = ADVANCED_FACE ( 'NONE', ( #2891 ), #4252, .T. ) ;
#1359 = CYLINDRICAL_SURFACE ( 'NONE', #3405, 5.000000000000000000 ) ;
#1360 = ORIENTED_EDGE ( 'NONE', *, *, #5647, .F. ) ;
#1361 = CARTESIAN_POINT ( 'NONE',  ( 0.000000000000000000, 0.000000000000000000, 17.50000000000000000 ) ) ;
#1362 = CARTESIAN_POINT ( 'NONE',  ( 22.28212799495074847, 2.916908870787360275, -26.75000000000000000 ) ) ;
#1363 = CARTESIAN_POINT ( 'NONE',  ( -5.693647018444900176, -21.24848305523684999, -11.85827761439395900 ) ) ;
#1364 = ORIENTED_EDGE ( 'NONE', *, *, #4391, .T. ) ;
#1365 = AXIS2_PLACEMENT_3D ( 'NONE', #836, #873, #1821 ) ;
#1366 = CIRCLE ( 'NONE', #4673, 5.000000000000000000 ) ;
#1367 = CARTESIAN_POINT ( 'NONE',  ( 22.26464300286212961, -0.000000000000000000, -29.96338064975605775 ) ) ;
#1368 = CARTESIAN_POINT ( 'NONE',  ( -23.33025835121330260, 9.665290160980710255, -25.49954139175619972 ) ) ;
#1369 = VECTOR ( 'NONE', #1817, 1000.000000000000000 ) ;
#1370 = CARTESIAN_POINT ( 'NONE',  ( -15.96294186220669964, 15.96276921944720151, -23.08914082496370312 ) ) ;
#1371 = CARTESIAN_POINT ( 'NONE',  ( 32.24478138222854540, 6.780602746975319839, 20.00000000000000000 ) ) ;
#1372 = CC_DESIGN_PERSON_AND_ORGANIZATION_ASSIGNMENT ( #284, #5388, ( #2453 ) ) ;
#1373 = DIRECTION ( 'NONE',  ( 1.000000000000000000, 6.938893903907232322E-16, 0.000000000000000000 ) ) ;
#1374 = CARTESIAN_POINT ( 'NONE',  ( 22.22326600429554944, 0.000000000000000000, -29.38345812596794815 ) ) ;
#1375 = CARTESIAN_POINT ( 'NONE',  ( 16.55398531628589964, 16.55414413883205071, -18.90349006216969840 ) ) ;
#1376 = CARTESIAN_POINT ( 'NONE',  ( -30.70060056415834993, 17.72500000000000142, 0.000000000000000000 ) ) ;
#1377 = DIRECTION ( 'NONE',  ( 1.000000000000000000, 0.000000000000000000, 0.000000000000000000 ) ) ;
#1378 = CARTESIAN_POINT ( 'NONE',  ( 8.958526003502919721, -21.62766767686744984, -22.65349006216964867 ) ) ;
#1379 = CARTESIAN_POINT ( 'NONE',  ( -8.391834906884369616, -21.73263344396504948, -7.026972214684590767 ) ) ;
#1380 = VERTEX_POINT ( 'NONE', #5109 ) ;
#1381 = CARTESIAN_POINT ( 'NONE',  ( 20.85578466003829945, -8.638420683293299263, -20.77299471345104820 ) ) ;
#1382 = CARTESIAN_POINT ( 'NONE',  ( 22.58342899138109772, 2.345519288011566950, -32.21305355960378591 ) ) ;
#1383 = CYLINDRICAL_SURFACE ( 'NONE', #3380, 35.45000000000000284 ) ;
#1384 = DIRECTION ( 'NONE',  ( -0.8221469494880928597, -0.5692753230620691829, -1.387778780781444295E-15 ) ) ;
#1385 = CARTESIAN_POINT ( 'NONE',  ( -8.757124450718890785, -22.94902620015865224, -10.52553312174431888 ) ) ;
#1386 = CYLINDRICAL_SURFACE ( 'NONE', #3406, 2.500000000000000444 ) ;
#1387 = ORIENTED_EDGE ( 'NONE', *, *, #120, .T. ) ;
#1388 = ORIENTED_EDGE ( 'NONE', *, *, #771, .F. ) ;
#1389 = CARTESIAN_POINT ( 'NONE',  ( -21.99456492296554799, 24.53449844299765203, 20.00000000000000000 ) ) ;
#1390 = CARTESIAN_POINT ( 'NONE',  ( 21.67748170101390315, 8.979984924151029446, -14.33841932938490160 ) ) ;
#1391 = CARTESIAN_POINT ( 'NONE',  ( -15.96254089870835102, 15.96239661810069954, -27.91339838996569966 ) ) ;
#1392 = ORIENTED_EDGE ( 'NONE', *, *, #68, .F. ) ;
#1393 = EDGE_CURVE ( 'NONE', #5308, #4985, #1006, .T. ) ;
#1394 = CARTESIAN_POINT ( 'NONE',  ( 9.663603939894450434, 23.32673502035845203, -28.49954139175624945 ) ) ;
#1395 = EDGE_CURVE ( 'NONE', #346, #670, #1753, .T. ) ;
#1396 = CARTESIAN_POINT ( 'NONE',  ( 22.57252712270184958, -0.0009632407067318059712, -15.58914082496369957 ) ) ;
#1397 = CARTESIAN_POINT ( 'NONE',  ( 0.000000000000000000, 0.000000000000000000, 20.00000000000000000 ) ) ;
#1398 = CARTESIAN_POINT ( 'NONE',  ( -2.892847469061234911, -21.95754145786461109, -18.25188132046226031 ) ) ;
#1399 = CARTESIAN_POINT ( 'NONE',  ( 21.84801779058830107, 0.000000000000000000, -29.49797529330895074 ) ) ;
#1400 = PRODUCT_DEFINITION_SHAPE ( 'NONE', 'NONE',  #1546 ) ;
#1401 = EDGE_CURVE ( 'NONE', #804, #2424, #5643, .T. ) ;
#1402 = AXIS2_PLACEMENT_3D ( 'NONE', #4415, #1221, #3556 ) ;
#1403 = CARTESIAN_POINT ( 'NONE',  ( -16.55435430492440219, 16.55396062321714723, -27.90349006216965222 ) ) ;
#1404 = DIRECTION ( 'NONE',  ( 0.000000000000000000, 0.000000000000000000, -1.000000000000000000 ) ) ;
#1405 = DIRECTION ( 'NONE',  ( 0.000000000000000000, 0.000000000000000000, -1.000000000000000000 ) ) ;
#1406 = CARTESIAN_POINT ( 'NONE',  ( 23.40865345140704790, -8.446501972475890698E-05, -20.40349006216965222 ) ) ;
#1407 = ORIENTED_EDGE ( 'NONE', *, *, #2890, .T. ) ;
#1408 = CARTESIAN_POINT ( 'NONE',  ( -5.687792277617900183, -21.22660029137490056, -9.648011094544340693 ) ) ;
#1409 = ORIENTED_EDGE ( 'NONE', *, *, #3441, .T. ) ;
#1410 = EDGE_CURVE ( 'NONE', #3404, #4938, #3873, .T. ) ;
#1411 = CARTESIAN_POINT ( 'NONE',  ( -20.85891678516849979, 8.640474491073359076, -14.77299471345100024 ) ) ;
#1412 = CARTESIAN_POINT ( 'NONE',  ( -34.74478138222850276, -6.780602746975409545, 0.000000000000000000 ) ) ;
#1413 = CARTESIAN_POINT ( 'NONE',  ( 1.543981721610751645, 22.09005495121588680, -24.13501261423914812 ) ) ;
#1414 = CARTESIAN_POINT ( 'NONE',  ( 6.780602746975369577, -32.24478138222849566, 17.50000000000000000 ) ) ;
#1415 = CARTESIAN_POINT ( 'NONE',  ( -8.530605720489491617, -22.08251952856595324, -11.66685985753316146 ) ) ;
#1416 = DIRECTION ( 'NONE',  ( 0.000000000000000000, 0.000000000000000000, -1.000000000000000000 ) ) ;
#1417 = ORIENTED_EDGE ( 'NONE', *, *, #176, .F. ) ;
#1418 = APPROVAL_PERSON_ORGANIZATION ( #784, #5744, #4942 ) ;
#1419 = CIRCLE ( 'NONE', #4718, 2.499999999999998668 ) ;
#1420 = ORIENTED_EDGE ( 'NONE', *, *, #5062, .F. ) ;
#1421 = DIRECTION ( 'NONE',  ( 1.000000000000000000, 0.000000000000000000, 5.551115123125781913E-15 ) ) ;
#1422 = CARTESIAN_POINT ( 'NONE',  ( -16.16423291238504945, -16.16379220055885213, -7.500000000000000000 ) ) ;
#1423 = AXIS2_PLACEMENT_3D ( 'NONE', #3798, #1994, #1545 ) ;
#1424 = CARTESIAN_POINT ( 'NONE',  ( 0.001005878615055192087, 22.57157421255080010, -29.41339838996570322 ) ) ;
#1425 = EDGE_LOOP ( 'NONE', ( #1703, #1951, #4279, #2008 ) ) ;
#1426 = VECTOR ( 'NONE', #5080, 1000.000000000000000 ) ;
#1427 = CARTESIAN_POINT ( 'NONE',  ( 24.61171609600984667, 3.225038755109070010, -30.49954139175614998 ) ) ;
#1428 = CARTESIAN_POINT ( 'NONE',  ( -22.10000000000000142, 1.929542825997040183E-11, -9.001857804478541780 ) ) ;
#1429 = DIRECTION ( 'NONE',  ( 1.000000000000000000, -2.664535259100375381E-14, 0.000000000000000000 ) ) ;
#1430 = CARTESIAN_POINT ( 'NONE',  ( 17.57187852535241035, -13.48077440072922251, -16.25185114337358172 ) ) ;
#1431 = CARTESIAN_POINT ( 'NONE',  ( 22.42420538143460007, 2.495635849052310284, -26.84153642813090102 ) ) ;
#1432 = CARTESIAN_POINT ( 'NONE',  ( -6.711455879140570069, -21.28802475819404805, -12.07735397991426041 ) ) ;
#1433 = CARTESIAN_POINT ( 'NONE',  ( -8.088697255554070153, -20.56654994664859970, -6.717528848892419191 ) ) ;
#1434 = FACE_OUTER_BOUND ( 'NONE', #93, .T. ) ;
#1435 = CIRCLE ( 'NONE', #2755, 32.95000000000000284 ) ;
#1436 = CARTESIAN_POINT ( 'NONE',  ( -10.64596042014311905, -20.49949003202950237, -12.32015672883629875 ) ) ;
#1437 = AXIS2_PLACEMENT_3D ( 'NONE', #2010, #4753, #1087 ) ;
#1438 = CARTESIAN_POINT ( 'NONE',  ( -22.10000000000000142, 1.929542825997040183E-11, -9.001857804478541780 ) ) ;
#1439 = CARTESIAN_POINT ( 'NONE',  ( -5.690241564533269347, -21.23575478151935059, -9.652211309059779865 ) ) ;
#1440 = EDGE_LOOP ( 'NONE', ( #1181, #4225, #1225, #5166 ) ) ;
#1441 = EDGE_CURVE ( 'NONE', #961, #2614, #3695, .T. ) ;
#1442 = ORIENTED_EDGE ( 'NONE', *, *, #913, .F. ) ;
#1443 = CARTESIAN_POINT ( 'NONE',  ( -8.638807279052659993, 20.85690496067764599, -28.27299471345100201 ) ) ;
#1444 = CARTESIAN_POINT ( 'NONE',  ( 23.59882496997544621, 2.480010161560706639, -31.70746696667675479 ) ) ;
#1445 = CARTESIAN_POINT ( 'NONE',  ( -8.050047487399259794, 20.62889097249346548, -23.29148843724069451 ) ) ;
#1446 = CARTESIAN_POINT ( 'NONE',  ( -17.57187852536691963, 13.48077440071036115, -15.74588138705371598 ) ) ;
#1447 = CARTESIAN_POINT ( 'NONE',  ( -8.529304195531679511, -22.07765579590165217, -11.67070084522861961 ) ) ;
#1448 = CARTESIAN_POINT ( 'NONE',  ( 0.000000000000000000, 0.000000000000000000, 17.50000000000000000 ) ) ;
#1449 = ORIENTED_EDGE ( 'NONE', *, *, #4902, .F. ) ;
#1450 = ORIENTED_EDGE ( 'NONE', *, *, #5709, .T. ) ;
#1451 = CARTESIAN_POINT ( 'NONE',  ( -10.25021645926296010, 31.31510118997309888, 20.00000000000000000 ) ) ;
#1452 = CARTESIAN_POINT ( 'NONE',  ( 8.979297194886610711, 21.67737165292009749, -12.83841932938490160 ) ) ;
#1453 = CARTESIAN_POINT ( 'NONE',  ( 22.57612317799855006, -0.001013483722877003834, -20.45525588809359618 ) ) ;
#1454 = ADVANCED_FACE ( 'NONE', ( #5507 ), #5019, .F. ) ;
#1455 = VERTEX_POINT ( 'NONE', #518 ) ;
#1456 = CARTESIAN_POINT ( 'NONE',  ( 9.497168416084059928, -22.93212544186809865, -21.73658235219505030 ) ) ;
#1457 = CARTESIAN_POINT ( 'NONE',  ( 8.637362026097731516, 20.85342741395335153, -14.51742247489117865 ) ) ;
#1458 = CARTESIAN_POINT ( 'NONE',  ( 22.01432100804565195, 0.008747869229244269532, -32.50000000000000000 ) ) ;
#1459 = CARTESIAN_POINT ( 'NONE',  ( 24.62704058483564751, 2.486800999034604942, -29.62434361784724857 ) ) ;
#1460 = AXIS2_PLACEMENT_3D ( 'NONE', #4764, #3906, #4876 ) ;
#1461 = ADVANCED_FACE ( 'NONE', ( #2419 ), #2842, .T. ) ;
#1462 = CARTESIAN_POINT ( 'NONE',  ( -17.04051706104064934, -17.03925811403690105, -12.56242905611419935 ) ) ;
#1463 = DIRECTION ( 'NONE',  ( 0.5692753230620701821, -0.8221469494880921935, -1.193684770712660286E-14 ) ) ;
#1464 = DIRECTION ( 'NONE',  ( 0.000000000000000000, 0.000000000000000000, -1.000000000000000000 ) ) ;
#1465 = CARTESIAN_POINT ( 'NONE',  ( 9.122963980138649731, 22.02398364241609841, -29.97515453695519838 ) ) ;
#1466 = ORIENTED_EDGE ( 'NONE', *, *, #1599, .T. ) ;
#1467 = CARTESIAN_POINT ( 'NONE',  ( -5.734598027283390742, -21.40154213723579701, -9.638457138863760321 ) ) ;
#1468 = LOCAL_TIME ( 21, 1, 52.00000000000000000, #5000 ) ;
#1469 = CARTESIAN_POINT ( 'NONE',  ( -20.85290065384249658, 8.637141461916270302, -27.10827761439404782 ) ) ;
#1470 = CARTESIAN_POINT ( 'NONE',  ( -33.31318758815234560, 4.520401831317000685, 0.000000000000000000 ) ) ;
#1471 = EDGE_CURVE ( 'NONE', #2610, #4751, #2372, .T. ) ;
#1472 = CARTESIAN_POINT ( 'NONE',  ( 5.672856578955213003, 21.40497852227397502, -24.49652297580990279 ) ) ;
#1473 = CARTESIAN_POINT ( 'NONE',  ( -8.795726566660018619, -23.13477843312159976, -8.985180677753181300 ) ) ;
#1474 = DIRECTION ( 'NONE',  ( 0.000000000000000000, 0.000000000000000000, 1.000000000000000000 ) ) ;
#1475 = VERTEX_POINT ( 'NONE', #994 ) ;
#1476 = ORIENTED_EDGE ( 'NONE', *, *, #1260, .T. ) ;
#1477 = PLANE ( 'NONE',  #1037 ) ;
#1478 = ORIENTED_EDGE ( 'NONE', *, *, #2778, .F. ) ;
#1479 = CC_DESIGN_PERSON_AND_ORGANIZATION_ASSIGNMENT ( #2073, #3877, ( #1546 ) ) ;
#1480 = DIRECTION ( 'NONE',  ( 0.000000000000000000, 0.000000000000000000, -1.000000000000000000 ) ) ;
#1481 = DIRECTION ( 'NONE',  ( 0.000000000000000000, 0.000000000000000000, 1.000000000000000000 ) ) ;
#1482 = EDGE_CURVE ( 'NONE', #3833, #336, #4911, .T. ) ;
#1483 = CARTESIAN_POINT ( 'NONE',  ( -15.95815771623604995, 15.95801580355549909, -28.00258339428620147 ) ) ;
#1484 = PERSON ( 'NAUO-PER1', 'UNSPECIFIED', 'UNSPECIFIED', ('UNSPECIFIED'), ('UNSPECIFIED'), ('UNSPECIFIED') ) ;
#1485 = DATE_AND_TIME ( #3168, #1468 ) ;
#1486 = AXIS2_PLACEMENT_3D ( 'NONE', #3357, #3384, #3781 ) ;
#1487 = ADVANCED_FACE ( 'NONE', ( #1886 ), #1852, .T. ) ;
#1488 = CARTESIAN_POINT ( 'NONE',  ( -23.39299941816139849, -9.687744505941719098, -10.18923983770080000 ) ) ;
#1489 = CARTESIAN_POINT ( 'NONE',  ( -10.26557839288688001, -19.76647015959209952, -7.505807491630410944 ) ) ;
#1490 = DIRECTION ( 'NONE',  ( 0.4273624823695310049, -0.9040803662633937199, 0.000000000000000000 ) ) ;
#1491 = CARTESIAN_POINT ( 'NONE',  ( 21.87477842922050186, 2.490769420560119851, -26.78347300177809842 ) ) ;
#1492 = CARTESIAN_POINT ( 'NONE',  ( 0.0004585963193663599889, 23.83958184233240019, -17.22515453695520193 ) ) ;
#1493 = CARTESIAN_POINT ( 'NONE',  ( 22.06442914157206658, 1.253425388231434123, -28.12844791596795346 ) ) ;
#1494 = CARTESIAN_POINT ( 'NONE',  ( -7.067681359732429947, -22.42080801329445094, -11.64576238944754039 ) ) ;
#1495 = CARTESIAN_POINT ( 'NONE',  ( -24.10089259004044848, 0.0004366619407503560053, -14.06242905611419935 ) ) ;
#1496 = CARTESIAN_POINT ( 'NONE',  ( -8.676350968957919463, -22.80201099345029903, -8.090171316190049922 ) ) ;
#1497 = AXIS2_PLACEMENT_3D ( 'NONE', #4952, #1911, #4477 ) ;
#1498 = CARTESIAN_POINT ( 'NONE',  ( 15.96245245441060057, -15.96268766254624971, -21.95525588809369921 ) ) ;
#1499 = DIRECTION ( 'NONE',  ( 0.000000000000000000, 0.000000000000000000, 1.000000000000000000 ) ) ;
#1500 = DIRECTION ( 'NONE',  ( 1.000000000000000000, 0.000000000000000000, 0.000000000000000000 ) ) ;
#1501 = DIRECTION ( 'NONE',  ( 0.000000000000000000, 0.000000000000000000, 1.000000000000000000 ) ) ;
#1502 = VECTOR ( 'NONE', #5728, 1000.000000000000000 ) ;
#1503 = LINE ( 'NONE', #3278, #1426 ) ;
#1504 = ORIENTED_EDGE ( 'NONE', *, *, #1887, .T. ) ;
#1505 = EDGE_LOOP ( 'NONE', ( #5646, #3130, #3221, #1192 ) ) ;
#1506 = CARTESIAN_POINT ( 'NONE',  ( 22.00000000000000000, 0.000000000000000000, -28.76742247489114845 ) ) ;
#1507 = CARTESIAN_POINT ( 'NONE',  ( -12.74181097284195907, 31.11026764803485278, 17.50000000000000000 ) ) ;
#1508 = CARTESIAN_POINT ( 'NONE',  ( -8.088697255554070153, -20.56654994664859970, -6.717528848892419191 ) ) ;
#1509 = CARTESIAN_POINT ( 'NONE',  ( -20.85677045749604730, 8.638748657053348268, -27.20525588809375250 ) ) ;
#1510 = APPROVAL_PERSON_ORGANIZATION ( #5320, #5678, #1265 ) ;
#1511 = CIRCLE ( 'NONE', #2639, 2.499999999999998224 ) ;
#1512 = AXIS2_PLACEMENT_3D ( 'NONE', #4396, #4463, #3512 ) ;
#1513 = CIRCLE ( 'NONE', #1038, 7.500000000000000000 ) ;
#1514 = CARTESIAN_POINT ( 'NONE',  ( -23.04047761939125039, 9.544993707462481325, -22.92001597436699711 ) ) ;
#1515 = CARTESIAN_POINT ( 'NONE',  ( 20.85293024412020202, -8.637277075585670261, -17.51742247489114845 ) ) ;
#1516 = CARTESIAN_POINT ( 'NONE',  ( 22.02434736764919876, 0.001191160078771729943, -32.50000000000000000 ) ) ;
#1517 = MECHANICAL_CONTEXT ( 'NONE', #4193, 'mechanical' ) ;
#1518 = CIRCLE ( 'NONE', #1799, 2.499999999999999556 ) ;
#1519 = CARTESIAN_POINT ( 'NONE',  ( 23.23666484728510184, 3.043152896152809816, -31.97515453695514509 ) ) ;
#1520 = DIRECTION ( 'NONE',  ( 0.000000000000000000, 0.000000000000000000, 1.000000000000000000 ) ) ;
#1521 = CARTESIAN_POINT ( 'NONE',  ( 21.99456492296565102, 24.53449844299754901, 17.50000000000000000 ) ) ;
#1522 = DIRECTION ( 'NONE',  ( 0.000000000000000000, 0.000000000000000000, -1.000000000000000000 ) ) ;
#1523 = CARTESIAN_POINT ( 'NONE',  ( -9.223997770195600410, 22.26409177093944791, -28.31242905611415139 ) ) ;
#1524 = ADVANCED_FACE ( 'NONE', ( #3749 ), #3400, .T. ) ;
#1525 = ORIENTED_EDGE ( 'NONE', *, *, #3633, .F. ) ;
#1526 = CARTESIAN_POINT ( 'NONE',  ( 0.0001238763868199599925, -22.57621449751389875, -23.45525588809369921 ) ) ;
#1527 = CARTESIAN_POINT ( 'NONE',  ( -32.24478138222849566, -6.780602746975409545, 0.000000000000000000 ) ) ;
#1528 = DIRECTION ( 'NONE',  ( 0.000000000000000000, 0.000000000000000000, 1.000000000000000000 ) ) ;
#1529 = CARTESIAN_POINT ( 'NONE',  ( 32.24478138222849566, -6.780602746975570305, 17.50000000000000000 ) ) ;
#1530 = CARTESIAN_POINT ( 'NONE',  ( -5.759265026428812106, -21.49373786945226428, -9.608828120547823204 ) ) ;
#1531 = ORIENTED_EDGE ( 'NONE', *, *, #225, .F. ) ;
#1532 = EDGE_CURVE ( 'NONE', #2557, #1299, #573, .T. ) ;
#1533 = VERTEX_POINT ( 'NONE', #964 ) ;
#1534 = CARTESIAN_POINT ( 'NONE',  ( 22.57252712270184958, -0.0009632407067318059712, -15.58914082496369957 ) ) ;
#1535 = ORIENTED_EDGE ( 'NONE', *, *, #2093, .F. ) ;
#1536 = DIRECTION ( 'NONE',  ( 1.000000000000000000, -2.775557561562891351E-15, 0.000000000000000000 ) ) ;
#1537 = EDGE_CURVE ( 'NONE', #2424, #1236, #5273, .T. ) ;
#1538 = CARTESIAN_POINT ( 'NONE',  ( -21.99456492296560128, -24.53449844299759874, 0.000000000000000000 ) ) ;
#1539 = CARTESIAN_POINT ( 'NONE',  ( -8.635002888856648795, 20.84775450025579957, -28.75258339428614818 ) ) ;
#1540 = CARTESIAN_POINT ( 'NONE',  ( -6.417228132877549562, -23.95295027761059714, -9.353997748981999649 ) ) ;
#1541 = CARTESIAN_POINT ( 'NONE',  ( -15.96058948491650042, -15.96023068129619915, -22.74027453730040094 ) ) ;
#1542 = CARTESIAN_POINT ( 'NONE',  ( 20.81295362104085456, 7.562994922711824941, -31.83004614285567868 ) ) ;
#1543 = ORIENTED_EDGE ( 'NONE', *, *, #1768, .F. ) ;
#1544 = CARTESIAN_POINT ( 'NONE',  ( 0.0006998802877417370678, 24.09876493465755232, -17.06242905611420113 ) ) ;
#1545 = DIRECTION ( 'NONE',  ( 1.000000000000000000, 0.000000000000000000, 0.000000000000000000 ) ) ;
#1546 = PRODUCT_DEFINITION ( 'UNKNOWN', '', #2453, #1874 ) ;
#1547 = CARTESIAN_POINT ( 'NONE',  ( 30.70060056415844940, 17.72500000000000142, 17.50000000000000000 ) ) ;
#1548 = CARTESIAN_POINT ( 'NONE',  ( -22.26568666542445030, -9.222158979150890445, -13.31242905611417982 ) ) ;
#1549 = CARTESIAN_POINT ( 'NONE',  ( -22.26568666542445030, -9.222158979150890445, -13.31242905611417982 ) ) ;
#1550 = ORIENTED_EDGE ( 'NONE', *, *, #472, .F. ) ;
#1551 = CIRCLE ( 'NONE', #5627, 5.000000000000000000 ) ;
#1552 = CARTESIAN_POINT ( 'NONE',  ( -22.57513384099420151, -0.0008435574403042980004, -26.45525588809355000 ) ) ;
#1553 = CARTESIAN_POINT ( 'NONE',  ( -35.45000000000000284, 4.152809267445049311E-14, 17.50000000000000000 ) ) ;
#1554 = FACE_OUTER_BOUND ( 'NONE', #2525, .T. ) ;
#1555 = ORIENTED_EDGE ( 'NONE', *, *, #777, .T. ) ;
#1556 = CARTESIAN_POINT ( 'NONE',  ( 21.95908253317000103, 2.491725165709020029, -26.78608859909139639 ) ) ;
#1557 = DIRECTION ( 'NONE',  ( -0.9966378054316044066, 0.08193341677530394107, 0.000000000000000000 ) ) ;
#1558 = ORIENTED_EDGE ( 'NONE', *, *, #5772, .F. ) ;
#1559 = VERTEX_POINT ( 'NONE', #1412 ) ;
#1560 = CARTESIAN_POINT ( 'NONE',  ( -20.85317441524914983, -8.637076254525739571, -20.83914082496375286 ) ) ;
#1561 = CARTESIAN_POINT ( 'NONE',  ( 8.639122062238760336, -20.85423232732285115, -17.25000000000000000 ) ) ;
#1562 = CARTESIAN_POINT ( 'NONE',  ( -15.96300610556835053, -15.96267920125470141, -24.95525588809355000 ) ) ;
#1563 = CARTESIAN_POINT ( 'NONE',  ( 17.90240434368480038, -17.90399060808779907, -18.43923983770064723 ) ) ;
#1564 = CARTESIAN_POINT ( 'NONE',  ( 22.57256851625639982, -0.0009763314575592579392, -16.76742247489115201 ) ) ;
#1565 = CARTESIAN_POINT ( 'NONE',  ( 22.01136134415175150, 0.009040472696536650324, -32.49999999999155165 ) ) ;
#1566 = EDGE_LOOP ( 'NONE', ( #4305, #5615, #2738, #2090 ) ) ;
#1567 = EDGE_CURVE ( 'NONE', #4346, #946, #3216, .T. ) ;
#1568 = EDGE_CURVE ( 'NONE', #5210, #5541, #3274, .T. ) ;
#1569 = CARTESIAN_POINT ( 'NONE',  ( -2.426894787342789920E-05, 23.83944250046375046, -29.22515453695519838 ) ) ;
#1570 = DIRECTION ( 'NONE',  ( 1.000000000000000000, 1.850371707708594366E-15, 0.000000000000000000 ) ) ;
#1571 = CARTESIAN_POINT ( 'NONE',  ( 22.08916743667064253, 0.6924815067830085713, -28.71632331190780718 ) ) ;
#1572 = SPHERICAL_SURFACE ( 'NONE', #938, 2.500000000000000000 ) ;
#1573 = CARTESIAN_POINT ( 'NONE',  ( 22.02444828930275023, 0.000000000000000000, -32.50009592078174592 ) ) ;
#1574 = APPLICATION_CONTEXT ( 'configuration controlled 3d designs of mechanical parts and assemblies' ) ;
#1575 = CIRCLE ( 'NONE', #2338, 35.45000000000000284 ) ;
#1576 = ADVANCED_FACE ( 'NONE', ( #713 ), #1134, .T. ) ;
#1577 = VECTOR ( 'NONE', #3946, 1000.000000000000000 ) ;
#1578 = CARTESIAN_POINT ( 'NONE',  ( -20.85540824879380040, 8.639029464655470392, -15.10827761439395012 ) ) ;
#1579 = CARTESIAN_POINT ( 'NONE',  ( 9.793641660732756549, -19.86420842556423949, -22.62084640320724560 ) ) ;
#1580 = CARTESIAN_POINT ( 'NONE',  ( -32.24478138222849566, 6.780602746975479711, 20.00000000000000000 ) ) ;
#1581 = CARTESIAN_POINT ( 'NONE',  ( 23.49735895269295582, 2.500321728324954140, -27.33227984998202231 ) ) ;
#1582 = CARTESIAN_POINT ( 'NONE',  ( 10.25021645926311997, 31.31510118997304915, 17.50000000000000000 ) ) ;
#1583 = ORIENTED_EDGE ( 'NONE', *, *, #4776, .T. ) ;
#1584 = AXIS2_PLACEMENT_3D ( 'NONE', #4856, #4798, #3084 ) ;
#1585 = ORIENTED_EDGE ( 'NONE', *, *, #2069, .F. ) ;
#1586 = CARTESIAN_POINT ( 'NONE',  ( -20.85319551726124843, -8.637063482063000563, -22.01742247489120174 ) ) ;
#1587 = DIRECTION ( 'NONE',  ( 2.775557561562894901E-15, -4.163336342344339393E-15, -1.000000000000000000 ) ) ;
#1588 = AXIS2_PLACEMENT_3D ( 'NONE', #1135, #2472, #2889 ) ;
#1589 = CARTESIAN_POINT ( 'NONE',  ( -15.96028528034015181, 15.96087883637945026, -10.50000000000000000 ) ) ;
#1590 = CARTESIAN_POINT ( 'NONE',  ( -10.40632340952570090, -20.03771990730975006, -12.41068731324749841 ) ) ;
#1591 = EDGE_CURVE ( 'NONE', #4292, #4639, #5196, .T. ) ;
#1592 = CARTESIAN_POINT ( 'NONE',  ( -25.44680908927839980, 0.001007532159340995912, -11.85399774898188063 ) ) ;
#1593 = LOCAL_TIME ( 21, 1, 52.00000000000000000, #4466 ) ;
#1594 = CARTESIAN_POINT ( 'NONE',  ( -0.0007068218220826620905, 22.57144935654969942, -16.41855618722789600 ) ) ;
#1595 = DIRECTION ( 'NONE',  ( 1.000000000000000000, 1.387778780781446464E-15, 0.000000000000000000 ) ) ;
#1596 = CALENDAR_DATE ( 2026, 22, 6 ) ;
#1597 = EDGE_LOOP ( 'NONE', ( #2268, #5141, #4111, #2556 ) ) ;
#1598 = CIRCLE ( 'NONE', #2167, 5.000000000000000000 ) ;
#1599 = EDGE_CURVE ( 'NONE', #4722, #628, #2179, .T. ) ;
#1600 = AXIS2_PLACEMENT_3D ( 'NONE', #5666, #3410, #2081 ) ;
#1601 = CARTESIAN_POINT ( 'NONE',  ( 0.000000000000000000, 0.000000000000000000, -32.50000000000000000 ) ) ;
#1602 = DIRECTION ( 'NONE',  ( -1.000000000000000000, 3.466673899897030141E-29, -4.163336342344340182E-15 ) ) ;
#1603 = DIRECTION ( 'NONE',  ( 0.4999999999999995559, -0.8660254037844389297, 0.000000000000000000 ) ) ;
#1604 = CARTESIAN_POINT ( 'NONE',  ( -9.223997770195600410, 22.26409177093944791, -28.31242905611415139 ) ) ;
#1605 = AXIS2_PLACEMENT_3D ( 'NONE', #134, #5097, #5465 ) ;
#1606 = VECTOR ( 'NONE', #4355, 1000.000000000000000 ) ;
#1607 = DIRECTION ( 'NONE',  ( 0.000000000000000000, 0.000000000000000000, 1.000000000000000000 ) ) ;
#1608 = CARTESIAN_POINT ( 'NONE',  ( -15.95964400242349690, -15.95925339048135250, -12.91339838996580092 ) ) ;
#1609 = AXIS2_PLACEMENT_3D ( 'NONE', #1179, #5825, #319 ) ;
#1610 = DIRECTION ( 'NONE',  ( 1.000000000000000000, 0.000000000000000000, 0.000000000000000000 ) ) ;
#1611 = DIRECTION ( 'NONE',  ( 0.000000000000000000, 0.000000000000000000, -1.000000000000000000 ) ) ;
#1612 = LINE ( 'NONE', #4301, #4023 ) ;
#1613 = CARTESIAN_POINT ( 'NONE',  ( 20.00000000000000000, 2.449293598294704935E-15, -32.50000000000000000 ) ) ;
#1614 = ORIENTED_EDGE ( 'NONE', *, *, #5430, .F. ) ;
#1615 = ORIENTED_EDGE ( 'NONE', *, *, #3573, .F. ) ;
#1616 = CARTESIAN_POINT ( 'NONE',  ( -15.96003489755839766, -15.95975964804535074, -7.500000000000000000 ) ) ;
#1617 = SPHERICAL_SURFACE ( 'NONE', #1914, 2.500000000000000000 ) ;
#1618 = DIRECTION ( 'NONE',  ( 1.000000000000000000, 1.850371707708594366E-15, 0.000000000000000000 ) ) ;
#1619 = CARTESIAN_POINT ( 'NONE',  ( -16.02729094651224884, 16.02711986029385116, -27.99466388919140059 ) ) ;
#1620 = AXIS2_PLACEMENT_3D ( 'NONE', #559, #2038, #4261 ) ;
#1621 = AXIS2_PLACEMENT_3D ( 'NONE', #622, #2426, #173 ) ;
#1622 = CARTESIAN_POINT ( 'NONE',  ( -6.130036515732560254, -22.87953874210070282, -7.014963399666109822 ) ) ;
#1623 = CARTESIAN_POINT ( 'NONE',  ( -20.85666816505055010, -8.640209433516950810, -13.27299471345093806 ) ) ;
#1624 = CARTESIAN_POINT ( 'NONE',  ( 0.000000000000000000, 35.45000000000000284, 17.50000000000000000 ) ) ;
#1625 = DIRECTION ( 'NONE',  ( 1.000000000000000000, 0.000000000000000000, 0.000000000000000000 ) ) ;
#1626 = VERTEX_POINT ( 'NONE', #3890 ) ;
#1627 = DIRECTION ( 'NONE',  ( -1.000000000000000000, 1.224646799147351975E-16, 0.000000000000000000 ) ) ;
#1628 = DIRECTION ( 'NONE',  ( 0.000000000000000000, 0.000000000000000000, -1.000000000000000000 ) ) ;
#1629 = CARTESIAN_POINT ( 'NONE',  ( 9.793641660738812149, 19.86420842556122679, -12.87684132165881756 ) ) ;
#1630 = CARTESIAN_POINT ( 'NONE',  ( 12.75021645926311997, 31.31510118997304915, 17.50000000000000000 ) ) ;
#1631 = CARTESIAN_POINT ( 'NONE',  ( -8.733777901986817582, -23.00788326239505466, -8.577793316267886325 ) ) ;
#1632 = EDGE_CURVE ( 'NONE', #1751, #719, #2916, .T. ) ;
#1633 = CARTESIAN_POINT ( 'NONE',  ( 16.02678253179695034, 16.02727045395349847, -18.99466388919144677 ) ) ;
#1634 = CARTESIAN_POINT ( 'NONE',  ( 33.69105727418964591, 11.02792635753769979, 20.00000000000000000 ) ) ;
#1635 = CARTESIAN_POINT ( 'NONE',  ( -10.22499999999999964, -30.70060056415830019, 20.00000000000000000 ) ) ;
#1636 = ORIENTED_EDGE ( 'NONE', *, *, #4437, .T. ) ;
#1637 = LINE ( 'NONE', #1108, #4881 ) ;
#1638 = ORIENTED_EDGE ( 'NONE', *, *, #5801, .T. ) ;
#1639 = ORIENTED_EDGE ( 'NONE', *, *, #2624, .F. ) ;
#1640 = CIRCLE ( 'NONE', #4954, 2.500000000000000444 ) ;
#1641 = EDGE_CURVE ( 'NONE', #5139, #2754, #5701, .T. ) ;
#1642 = CARTESIAN_POINT ( 'NONE',  ( 22.57266165175409967, -0.001005785646921026006, -19.41855618722780363 ) ) ;
#1643 = VECTOR ( 'NONE', #1607, 1000.000000000000000 ) ;
#1644 = CARTESIAN_POINT ( 'NONE',  ( 23.66334830103570042, -26.39599301378664720, 17.50000000000000000 ) ) ;
#1645 = FACE_OUTER_BOUND ( 'NONE', #5026, .T. ) ;
#1646 = CARTESIAN_POINT ( 'NONE',  ( -8.099888341428419736, -20.51041367067885091, -6.693790096127390399 ) ) ;
#1647 = CARTESIAN_POINT ( 'NONE',  ( 22.30178640322194994, 0.000000000000000000, -32.49402064658085010 ) ) ;
#1648 = CYLINDRICAL_SURFACE ( 'NONE', #2740, 35.45000000000000284 ) ;
#1649 = CARTESIAN_POINT ( 'NONE',  ( -17.63203100912594934, -17.63319968298434759, -20.67001597436710014 ) ) ;
#1650 = CARTESIAN_POINT ( 'NONE',  ( 20.85715286218059816, 8.638984761298418746, -19.27299471345110149 ) ) ;
#1651 = EDGE_CURVE ( 'NONE', #1711, #813, #2996, .T. ) ;
#1652 = PERSON_AND_ORGANIZATION ( #1259, #3397 ) ;
#1653 = ORIENTED_EDGE ( 'NONE', *, *, #4391, .F. ) ;
#1654 = EDGE_CURVE ( 'NONE', #883, #5150, #1317, .T. ) ;
#1655 = DIRECTION ( 'NONE',  ( 0.000000000000000000, 0.000000000000000000, -1.000000000000000000 ) ) ;
#1656 = CARTESIAN_POINT ( 'NONE',  ( -6.143791182143930385, -22.93094838190780038, -11.39970357527317901 ) ) ;
#1657 = CARTESIAN_POINT ( 'NONE',  ( -11.02792635753784012, 33.69105727418959617, 17.50000000000000000 ) ) ;
#1658 = CARTESIAN_POINT ( 'NONE',  ( -30.70060056415834993, 17.72500000000000142, 17.50000000000000000 ) ) ;
#1659 = CARTESIAN_POINT ( 'NONE',  ( -8.722866908523020157, -22.96954175360053085, -8.465368980882926664 ) ) ;
#1660 = SPHERICAL_SURFACE ( 'NONE', #5488, 2.500000000000000000 ) ;
#1661 = CARTESIAN_POINT ( 'NONE',  ( -22.56557901269830069, -0.0002270610029111180155, -14.50258339428630094 ) ) ;
#1662 = CARTESIAN_POINT ( 'NONE',  ( -24.53449844299769822, -21.99456492296550181, 20.00000000000000000 ) ) ;
#1663 = DIRECTION ( 'NONE',  ( 0.000000000000000000, 0.000000000000000000, 1.000000000000000000 ) ) ;
#1664 = ORIENTED_EDGE ( 'NONE', *, *, #4675, .F. ) ;
#1665 = CARTESIAN_POINT ( 'NONE',  ( -5.757664314706949504, -21.48775502620510025, -9.020952789810142036 ) ) ;
#1666 = ORIENTED_EDGE ( 'NONE', *, *, #3803, .T. ) ;
#1667 = ORIENTED_EDGE ( 'NONE', *, *, #3051, .F. ) ;
#1668 = CARTESIAN_POINT ( 'NONE',  ( -15.96298991939385026, 15.96283963569379871, -26.91855618722784982 ) ) ;
#1669 = CARTESIAN_POINT ( 'NONE',  ( -8.127760300449892839, -21.19629128364204718, -12.11079001532930555 ) ) ;
#1670 = CARTESIAN_POINT ( 'NONE',  ( -8.081191212964080606, -20.43900196703044969, -6.694077690875980480 ) ) ;
#1671 = ORIENTED_EDGE ( 'NONE', *, *, #1288, .F. ) ;
#1672 = AXIS2_PLACEMENT_3D ( 'NONE', #1722, #325, #2553 ) ;
#1673 = FACE_OUTER_BOUND ( 'NONE', #4511, .T. ) ;
#1674 = CARTESIAN_POINT ( 'NONE',  ( 24.93562525100155014, 0.001665620794338859914, -16.17001597436710014 ) ) ;
#1675 = CARTESIAN_POINT ( 'NONE',  ( 0.0009933099722425169087, 22.57219551471970220, -28.41855618722784982 ) ) ;
#1676 = EDGE_CURVE ( 'NONE', #1848, #1559, #5672, .T. ) ;
#1677 = COORDINATED_UNIVERSAL_TIME_OFFSET ( 8, 0, .BEHIND. ) ;
#1678 = ORIENTED_EDGE ( 'NONE', *, *, #1591, .F. ) ;
#1679 = DIRECTION ( 'NONE',  ( 0.000000000000000000, 0.000000000000000000, -1.000000000000000000 ) ) ;
#1680 = CARTESIAN_POINT ( 'NONE',  ( -17.03977246532705436, -17.04044217852004905, -24.56242905611415139 ) ) ;
#1681 = DIRECTION ( 'NONE',  ( 0.000000000000000000, 0.000000000000000000, 1.000000000000000000 ) ) ;
#1682 = CARTESIAN_POINT ( 'NONE',  ( -27.03449844299769822, -21.99456492296550181, 17.50000000000000000 ) ) ;
#1683 = CARTESIAN_POINT ( 'NONE',  ( -8.485017783878779696, -22.08686131263331021, -7.259457226904319604 ) ) ;
#1684 = CARTESIAN_POINT ( 'NONE',  ( 22.21147903850999938, 0.000000000000000000, -30.00105243016464840 ) ) ;
#1685 = LOCAL_TIME ( 21, 1, 52.00000000000000000, #5660 ) ;
#1686 = TOROIDAL_SURFACE ( 'NONE', #4908, 7.500000000000000000, 2.500000000000000000 ) ;
#1687 = CARTESIAN_POINT ( 'NONE',  ( 20.84664267212954769, -8.634623832841020530, -21.25258339428619792 ) ) ;
#1688 = ORIENTED_EDGE ( 'NONE', *, *, #3567, .F. ) ;
#1689 = CARTESIAN_POINT ( 'NONE',  ( -16.88282502651816941, -14.43512953447904756, -13.14416219229722849 ) ) ;
#1690 = AXIS2_PLACEMENT_3D ( 'NONE', #3683, #3236, #987 ) ;
#1691 = DIRECTION ( 'NONE',  ( 0.8660254037844389297, -0.4999999999999996669, 0.000000000000000000 ) ) ;
#1692 = CIRCLE ( 'NONE', #4339, 35.45000000000000284 ) ;
#1693 = ADVANCED_FACE ( 'NONE', ( #4248 ), #4152, .T. ) ;
#1694 = ORIENTED_EDGE ( 'NONE', *, *, #2492, .T. ) ;
#1695 = DIRECTION ( 'NONE',  ( 0.4273624823695333919, 0.9040803662633927207, -1.536378726170354830E-14 ) ) ;
#1696 = VERTEX_POINT ( 'NONE', #2001 ) ;
#1697 = ORIENTED_EDGE ( 'NONE', *, *, #601, .F. ) ;
#1698 = CARTESIAN_POINT ( 'NONE',  ( -20.85605615940604807, 8.639277856650970477, -12.99027453730044002 ) ) ;
#1699 = CARTESIAN_POINT ( 'NONE',  ( -20.85316386424315027, -8.637082640757119734, -20.25000000000000000 ) ) ;
#1700 = DIRECTION ( 'NONE',  ( 4.163336342344340182E-15, 8.326672684688666165E-15, -1.000000000000000000 ) ) ;
#1701 = CARTESIAN_POINT ( 'NONE',  ( -8.263788170706249048, -21.42805498144689125, -12.02759933940015813 ) ) ;
#1702 = CARTESIAN_POINT ( 'NONE',  ( -8.727424266893061500, -22.93454860523650041, -10.51654147048638066 ) ) ;
#1703 = ORIENTED_EDGE ( 'NONE', *, *, #5230, .F. ) ;
#1704 = ADVANCED_FACE ( 'NONE', ( #2607 ), #3970, .T. ) ;
#1705 = CARTESIAN_POINT ( 'NONE',  ( -24.53449844299769822, -21.99456492296550181, 17.50000000000000000 ) ) ;
#1706 = CARTESIAN_POINT ( 'NONE',  ( 9.544899457332899573, 23.04015353864945226, -13.92001597436707883 ) ) ;
#1707 = CIRCLE ( 'NONE', #1342, 2.499999999999998668 ) ;
#1708 = AXIS2_PLACEMENT_3D ( 'NONE', #2866, #5682, #721 ) ;
#1709 = CARTESIAN_POINT ( 'NONE',  ( -20.85364356451804824, 8.637438870953339176, -26.16855618722794929 ) ) ;
#1710 = COORDINATED_UNIVERSAL_TIME_OFFSET ( 8, 0, .BEHIND. ) ;
#1711 = VERTEX_POINT ( 'NONE', #5841 ) ;
#1712 = ORIENTED_EDGE ( 'NONE', *, *, #5330, .F. ) ;
#1713 = DIRECTION ( 'NONE',  ( 0.000000000000000000, 0.000000000000000000, 1.000000000000000000 ) ) ;
#1714 = CARTESIAN_POINT ( 'NONE',  ( -9.220960529172399944, -22.26576429903154875, -23.81242905611415139 ) ) ;
#1715 = CARTESIAN_POINT ( 'NONE',  ( 21.95754145786469635, 2.892847469060425780, -14.75183334610087549 ) ) ;
#1716 = DIRECTION ( 'NONE',  ( 1.000000000000000000, 0.000000000000000000, 0.000000000000000000 ) ) ;
#1717 = LINE ( 'NONE', #710, #3913 ) ;
#1718 = CARTESIAN_POINT ( 'NONE',  ( -24.53449844299769822, -21.99456492296550181, 17.50000000000000000 ) ) ;
#1719 = EDGE_CURVE ( 'NONE', #1168, #146, #5187, .T. ) ;
#1720 = CARTESIAN_POINT ( 'NONE',  ( -22.57587427180434858, -0.0002228775478276929730, -14.45525588809375961 ) ) ;
#1721 = DIRECTION ( 'NONE',  ( 0.000000000000000000, 0.000000000000000000, -1.000000000000000000 ) ) ;
#1722 = CARTESIAN_POINT ( 'NONE',  ( 0.000000000000000000, 0.000000000000000000, 0.000000000000000000 ) ) ;
#1723 = ORIENTED_EDGE ( 'NONE', *, *, #5709, .F. ) ;
#1724 = CARTESIAN_POINT ( 'NONE',  ( -5.584637454765529974, -20.84104733584650049, -9.001794424144021534 ) ) ;
#1725 = VERTEX_POINT ( 'NONE', #2232 ) ;
#1726 = ADVANCED_FACE ( 'NONE', ( #3149 ), #2580, .T. ) ;
#1727 = ORIENTED_EDGE ( 'NONE', *, *, #2264, .T. ) ;
#1728 = ORIENTED_EDGE ( 'NONE', *, *, #852, .T. ) ;
#1729 = CARTESIAN_POINT ( 'NONE',  ( -10.26555416311940050, -19.76644496834255094, -10.15694120396709899 ) ) ;
#1730 = CARTESIAN_POINT ( 'NONE',  ( 19.17907833841766774, 11.07542989874151473, -19.49583952689426880 ) ) ;
#1731 = DIRECTION ( 'NONE',  ( 0.6675133512280869708, -0.7445978283155602062, 0.000000000000000000 ) ) ;
#1732 = DIRECTION ( 'NONE',  ( 0.000000000000000000, 0.000000000000000000, -1.000000000000000000 ) ) ;
#1733 = CARTESIAN_POINT ( 'NONE',  ( -8.487198035209560842, -22.01706620544380399, -11.69107330510960097 ) ) ;
#1734 = ORIENTED_EDGE ( 'NONE', *, *, #1827, .T. ) ;
#1735 = CIRCLE ( 'NONE', #1460, 35.45000000000000284 ) ;
#1736 = CARTESIAN_POINT ( 'NONE',  ( -31.31510118997309888, -10.25021645926289970, 17.50000000000000000 ) ) ;
#1737 = CARTESIAN_POINT ( 'NONE',  ( -23.04003718593190086, 9.540627546887790800, -10.92001597436711968 ) ) ;
#1738 = CARTESIAN_POINT ( 'NONE',  ( -20.85551018978935289, 8.639072032333698914, -15.16339838996569966 ) ) ;
#1739 = APPROVAL_ROLE ( '' ) ;
#1740 = ORIENTED_EDGE ( 'NONE', *, *, #1012, .T. ) ;
#1741 = CARTESIAN_POINT ( 'NONE',  ( 22.34707889463655661, -0.000000000000000000, -29.87727609450563904 ) ) ;
#1742 = CARTESIAN_POINT ( 'NONE',  ( -24.09914700631710005, 0.0007479543134519389940, -26.06242905611415139 ) ) ;
#1743 = CARTESIAN_POINT ( 'NONE',  ( -30.70060056415834993, 17.72500000000000142, 20.00000000000000000 ) ) ;
#1744 = DIRECTION ( 'NONE',  ( 0.000000000000000000, 0.000000000000000000, 1.000000000000000000 ) ) ;
#1745 = DIRECTION ( 'NONE',  ( 1.000000000000000000, 0.000000000000000000, 0.000000000000000000 ) ) ;
#1746 = DIRECTION ( 'NONE',  ( 0.000000000000000000, 0.000000000000000000, -1.000000000000000000 ) ) ;
#1747 = CARTESIAN_POINT ( 'NONE',  ( -21.62716555966959930, 8.958481908474700717, -27.15349006216974814 ) ) ;
#1748 = DIRECTION ( 'NONE',  ( 0.000000000000000000, 0.000000000000000000, -1.000000000000000000 ) ) ;
#1749 = DIRECTION ( 'NONE',  ( 0.7445978283155615385, 0.6675133512280856385, 0.000000000000000000 ) ) ;
#1750 = CARTESIAN_POINT ( 'NONE',  ( 20.93861375225480259, 8.674036997864298826, -31.74466388919150361 ) ) ;
#1751 = VERTEX_POINT ( 'NONE', #4414 ) ;
#1752 = CARTESIAN_POINT ( 'NONE',  ( -5.738369969034780027, -21.41564020119555067, -8.983068170975510469 ) ) ;
#1753 = CIRCLE ( 'NONE', #275, 2.500000000000000000 ) ;
#1754 = ORIENTED_EDGE ( 'NONE', *, *, #5350, .F. ) ;
#1755 = ADVANCED_FACE ( 'NONE', ( #3498 ), #5384, .T. ) ;
#1756 = CARTESIAN_POINT ( 'NONE',  ( 8.637358197650470970, 20.85337167412749793, -15.99027453730044890 ) ) ;
#1757 = DIRECTION ( 'NONE',  ( -0.9503824336865885902, 0.3110839593099537503, -4.163336342344335449E-15 ) ) ;
#1758 = DIRECTION ( 'NONE',  ( 0.000000000000000000, 0.000000000000000000, 1.000000000000000000 ) ) ;
#1759 = CARTESIAN_POINT ( 'NONE',  ( -24.53449844299765203, 21.99456492296554799, 17.50000000000000000 ) ) ;
#1760 = CARTESIAN_POINT ( 'NONE',  ( -8.211298214843321119, -20.94035668438369768, -6.731254342155430948 ) ) ;
#1761 = CARTESIAN_POINT ( 'NONE',  ( 0.000000000000000000, 0.000000000000000000, 17.50000000000000000 ) ) ;
#1762 = EDGE_LOOP ( 'NONE', ( #3335, #730, #3169 ) ) ;
#1763 = ORIENTED_EDGE ( 'NONE', *, *, #2652, .F. ) ;
#1764 = CARTESIAN_POINT ( 'NONE',  ( -17.72500000000000142, -30.70060056415830019, 20.00000000000000000 ) ) ;
#1765 = CIRCLE ( 'NONE', #1015, 2.500000000000000888 ) ;
#1766 = CARTESIAN_POINT ( 'NONE',  ( -22.57170822503054808, -0.0007990316757129460601, -21.00000000000000000 ) ) ;
#1767 = CARTESIAN_POINT ( 'NONE',  ( -8.637343499421618276, 20.85338353923834731, -28.60827761439389860 ) ) ;
#1768 = EDGE_CURVE ( 'NONE', #2667, #3162, #3868, .T. ) ;
#1769 = PERSON_AND_ORGANIZATION ( #1259, #3397 ) ;
#1770 = ORIENTED_EDGE ( 'NONE', *, *, #2998, .F. ) ;
#1771 = AXIS2_PLACEMENT_3D ( 'NONE', #5528, #3622, #1016 ) ;
#1772 = DIRECTION ( 'NONE',  ( 0.000000000000000000, 0.000000000000000000, -1.000000000000000000 ) ) ;
#1773 = CARTESIAN_POINT ( 'NONE',  ( 9.320981221136639405, -22.50544238791835028, -22.14970357527314704 ) ) ;
#1774 = CARTESIAN_POINT ( 'NONE',  ( -15.96059826545650040, -15.96019609419269791, -19.50000000000000000 ) ) ;
#1775 = AXIS2_PLACEMENT_3D ( 'NONE', #3751, #4771, #714 ) ;
#1776 = CARTESIAN_POINT ( 'NONE',  ( 30.70060056415830019, -17.72500000000000142, 0.000000000000000000 ) ) ;
#1777 = CARTESIAN_POINT ( 'NONE',  ( 21.39316793595819277, -5.730144764051555484, -15.50183982696531793 ) ) ;
#1778 = CARTESIAN_POINT ( 'NONE',  ( -12.72499999999999964, -30.70060056415830019, 17.50000000000000000 ) ) ;
#1779 = EDGE_CURVE ( 'NONE', #1857, #336, #1598, .T. ) ;
#1780 = EDGE_CURVE ( 'NONE', #36, #5530, #2703, .T. ) ;
#1781 = CARTESIAN_POINT ( 'NONE',  ( -21.14012337205920034, -8.757283582352851425, -13.74402064658080036 ) ) ;
#1782 = DIRECTION ( 'NONE',  ( -1.000000000000000000, 0.000000000000000000, 0.000000000000000000 ) ) ;
#1783 = CYLINDRICAL_SURFACE ( 'NONE', #2153, 2.499999999999998668 ) ;
#1784 = CARTESIAN_POINT ( 'NONE',  ( -21.13988301120064861, 8.756248124933319943, -27.24402064658094957 ) ) ;
#1785 = AXIS2_PLACEMENT_3D ( 'NONE', #3320, #156, #1625 ) ;
#1786 = FACE_OUTER_BOUND ( 'NONE', #4788, .T. ) ;
#1787 = AXIS2_PLACEMENT_3D ( 'NONE', #1743, #317, #789 ) ;
#1788 = CARTESIAN_POINT ( 'NONE',  ( -8.153383135218170708, -20.81629166731120151, -6.729162839114819938 ) ) ;
#1789 = EDGE_LOOP ( 'NONE', ( #1230, #5238, #1031 ) ) ;
#1790 = ORIENTED_EDGE ( 'NONE', *, *, #2408, .T. ) ;
#1791 = TOROIDAL_SURFACE ( 'NONE', #4906, 32.95000000000000284, 2.500000000000000000 ) ;
#1792 = VECTOR ( 'NONE', #4939, 1000.000000000000000 ) ;
#1793 = CARTESIAN_POINT ( 'NONE',  ( 8.637060379748229266, 20.85258719308695063, -18.10827761439395189 ) ) ;
#1794 = CARTESIAN_POINT ( 'NONE',  ( 22.10000000000000142, -1.859189673619904928E-14, -20.49582836418510112 ) ) ;
#1795 = SPHERICAL_SURFACE ( 'NONE', #4929, 2.500000000000000000 ) ;
#1796 = DIRECTION ( 'NONE',  ( -0.4273624823695367780, -0.9040803662633911664, 0.000000000000000000 ) ) ;
#1797 = CARTESIAN_POINT ( 'NONE',  ( -8.402544559200011420, -21.60440974293690175, -11.99803624856125772 ) ) ;
#1798 = CARTESIAN_POINT ( 'NONE',  ( 20.57137661531030304, -26.58986581671794980, 0.000000000000000000 ) ) ;
#1799 = AXIS2_PLACEMENT_3D ( 'NONE', #2260, #1463, #4568 ) ;
#1800 = ORIENTED_EDGE ( 'NONE', *, *, #3371, .T. ) ;
#1801 = DIRECTION ( 'NONE',  ( 0.000000000000000000, 0.000000000000000000, -1.000000000000000000 ) ) ;
#1802 = CARTESIAN_POINT ( 'NONE',  ( -16.16456423199465320, -16.16435184063880115, -19.50000000000000000 ) ) ;
#1803 = CIRCLE ( 'NONE', #4347, 2.499999999999998668 ) ;
#1804 = CARTESIAN_POINT ( 'NONE',  ( 22.00016240161279768, 2.879596955985410212, -32.16339838996564993 ) ) ;
#1805 = ORIENTED_EDGE ( 'NONE', *, *, #1024, .T. ) ;
#1806 = CARTESIAN_POINT ( 'NONE',  ( -10.25021645926301872, -31.31510118997309888, 20.00000000000000000 ) ) ;
#1807 = CARTESIAN_POINT ( 'NONE',  ( 9.737591333347660694, 23.50499955019779819, -27.60399774898199965 ) ) ;
#1808 = CARTESIAN_POINT ( 'NONE',  ( 22.57250642592460110, -0.0009566953313180809630, -15.00000000000000000 ) ) ;
#1809 = DIRECTION ( 'NONE',  ( 0.9503824336865870359, -0.3110839593099590239, 9.891904313232571025E-15 ) ) ;
#1810 = DIRECTION ( 'NONE',  ( -1.000000000000000000, 0.000000000000000000, 0.000000000000000000 ) ) ;
#1811 = CARTESIAN_POINT ( 'NONE',  ( 23.29000797256594879, 2.480275450355835076, -31.90259141724224889 ) ) ;
#1812 = AXIS2_PLACEMENT_3D ( 'NONE', #2588, #3005, #4807 ) ;
#1813 = CARTESIAN_POINT ( 'NONE',  ( 16.18138622916974967, 16.18177755497389825, -18.99402064658089984 ) ) ;
#1814 = CYLINDRICAL_SURFACE ( 'NONE', #3313, 5.000000000000002665 ) ;
#1815 = DIRECTION ( 'NONE',  ( -2.888894916580864990E-29, -1.000000000000000000, -5.204170427930420494E-15 ) ) ;
#1816 = CARTESIAN_POINT ( 'NONE',  ( 5.793612607001699731E-05, 23.40826148801440354, -17.40349006216969840 ) ) ;
#1817 = DIRECTION ( 'NONE',  ( 0.000000000000000000, 0.000000000000000000, -1.000000000000000000 ) ) ;
#1818 = CARTESIAN_POINT ( 'NONE',  ( -5.699411474123819765, -21.27002836802559926, -9.660948659354431811 ) ) ;
#1819 = ORIENTED_EDGE ( 'NONE', *, *, #1654, .F. ) ;
#1820 = CARTESIAN_POINT ( 'NONE',  ( 0.001005299720811123976, 22.57146371203809920, -29.35827761439395189 ) ) ;
#1821 = DIRECTION ( 'NONE',  ( 1.000000000000000000, -1.387778780781446464E-15, 0.000000000000000000 ) ) ;
#1822 = CARTESIAN_POINT ( 'NONE',  ( 32.24478138222845303, -6.780602746975559647, 0.000000000000000000 ) ) ;
#1823 = CARTESIAN_POINT ( 'NONE',  ( 23.66334830103570042, -26.39599301378664720, 0.000000000000000000 ) ) ;
#1824 = DIRECTION ( 'NONE',  ( 0.000000000000000000, -1.000000000000000000, 0.000000000000000000 ) ) ;
#1825 = CARTESIAN_POINT ( 'NONE',  ( 33.69105727418954643, -11.02792635753794137, 20.00000000000000000 ) ) ;
#1826 = ORIENTED_EDGE ( 'NONE', *, *, #481, .F. ) ;
#1827 = EDGE_CURVE ( 'NONE', #1857, #936, #5487, .T. ) ;
#1828 = ORIENTED_EDGE ( 'NONE', *, *, #4112, .F. ) ;
#1829 = CARTESIAN_POINT ( 'NONE',  ( 0.000000000000000000, 0.000000000000000000, 0.000000000000000000 ) ) ;
#1830 = CARTESIAN_POINT ( 'NONE',  ( -0.0003980820033110224780, 22.86010436985320027, -12.00000000000000000 ) ) ;
#1831 = CARTESIAN_POINT ( 'NONE',  ( 15.96201529706149991, 15.96254395751670074, -18.91339838996575295 ) ) ;
#1832 = EDGE_LOOP ( 'NONE', ( #3457, #4386, #5416, #5817 ) ) ;
#1833 = EDGE_CURVE ( 'NONE', #2500, #5346, #4885, .T. ) ;
#1834 = AXIS2_PLACEMENT_3D ( 'NONE', #55, #3663, #5476 ) ;
#1835 = VECTOR ( 'NONE', #2285, 1000.000000000000000 ) ;
#1836 = CARTESIAN_POINT ( 'NONE',  ( 22.39757241900787221, -0.000000000000000000, -29.72112467383637835 ) ) ;
#1837 = CARTESIAN_POINT ( 'NONE',  ( 17.55158439534870141, 17.55112296034274877, -17.98658235219504675 ) ) ;
#1838 = ADVANCED_FACE ( 'NONE', ( #4476 ), #2643, .T. ) ;
#1839 = CARTESIAN_POINT ( 'NONE',  ( 15.96240555494049929, 15.96295201375995099, -13.50000000000000000 ) ) ;
#1840 = DIRECTION ( 'NONE',  ( 1.000000000000000000, 0.000000000000000000, 0.000000000000000000 ) ) ;
#1841 = FACE_OUTER_BOUND ( 'NONE', #2630, .T. ) ;
#1842 = ADVANCED_FACE ( 'NONE', ( #391 ), #5365, .T. ) ;
#1843 = CARTESIAN_POINT ( 'NONE',  ( 22.18240716160124748, 2.478424491700189858, -32.60269400982144816 ) ) ;
#1844 = CARTESIAN_POINT ( 'NONE',  ( -10.64596042014311905, -20.49949003202950237, -12.32015672883629875 ) ) ;
#1845 = DIRECTION ( 'NONE',  ( -4.510281037539700023E-15, -5.551115123125786646E-15, -1.000000000000000000 ) ) ;
#1846 = FACE_OUTER_BOUND ( 'NONE', #2554, .T. ) ;
#1847 = CARTESIAN_POINT ( 'NONE',  ( 16.85886654443809718, 16.85883546741034777, -18.72515453695524812 ) ) ;
#1848 = VERTEX_POINT ( 'NONE', #3999 ) ;
#1849 = CARTESIAN_POINT ( 'NONE',  ( -5.695303956878420060, -21.25467605225345125, -9.658693675238207987 ) ) ;
#1850 = ORIENTED_EDGE ( 'NONE', *, *, #4420, .F. ) ;
#1851 = CARTESIAN_POINT ( 'NONE',  ( -5.694606504464450047, -21.25206924403925157, -11.52299471345103932 ) ) ;
#1852 = CYLINDRICAL_SURFACE ( 'NONE', #2930, 35.45000000000000284 ) ;
#1853 = CARTESIAN_POINT ( 'NONE',  ( 32.24478138222854540, 6.780602746975319839, 0.000000000000000000 ) ) ;
#1854 = FACE_OUTER_BOUND ( 'NONE', #3308, .T. ) ;
#1855 = CARTESIAN_POINT ( 'NONE',  ( -8.591935957354671416, -22.31233952708995005, -11.47215751843494047 ) ) ;
#1856 = CARTESIAN_POINT ( 'NONE',  ( 20.57137661531030304, -26.58986581671794980, 17.50000000000000000 ) ) ;
#1857 = VERTEX_POINT ( 'NONE', #5726 ) ;
#1858 = ORIENTED_EDGE ( 'NONE', *, *, #2040, .F. ) ;
#1859 = CARTESIAN_POINT ( 'NONE',  ( 7.295064260402940093, -34.69127465857359738, 0.000000000000000000 ) ) ;
#1860 = VERTEX_POINT ( 'NONE', #1662 ) ;
#1861 = CARTESIAN_POINT ( 'NONE',  ( -23.46455497853920136, 0.0001305183320506470013, -9.088419329384860745 ) ) ;
#1862 = CARTESIAN_POINT ( 'NONE',  ( 15.95956717473770148, -15.95979923438225079, -21.91339838996575295 ) ) ;
#1863 = CIRCLE ( 'NONE', #1291, 4.999999999999996447 ) ;
#1864 = EDGE_LOOP ( 'NONE', ( #2579, #1866, #2584, #3975, #397 ) ) ;
#1865 = CIRCLE ( 'NONE', #2613, 2.500000000000002220 ) ;
#1866 = ORIENTED_EDGE ( 'NONE', *, *, #238, .F. ) ;
#1867 = CARTESIAN_POINT ( 'NONE',  ( 25.24898448374905158, 0.001986320760387904737, -18.74954139175624945 ) ) ;
#1868 = ADVANCED_FACE ( 'NONE', ( #5813 ), #3027, .T. ) ;
#1869 = CARTESIAN_POINT ( 'NONE',  ( 22.10000000000000142, -1.859189673619904928E-14, -20.49582836418510112 ) ) ;
#1870 = DIRECTION ( 'NONE',  ( -0.5000000000000001110, -0.8660254037844385966, 0.000000000000000000 ) ) ;
#1871 = DIRECTION ( 'NONE',  ( 1.000000000000000000, 0.000000000000000000, 0.000000000000000000 ) ) ;
#1872 = CARTESIAN_POINT ( 'NONE',  ( 23.35890727205909911, 2.480389031297214775, -31.85903332546829958 ) ) ;
#1873 = AXIS2_PLACEMENT_3D ( 'NONE', #3893, #3529, #767 ) ;
#1874 = DESIGN_CONTEXT ( 'detailed design', #975, 'design' ) ;
#1875 = TOROIDAL_SURFACE ( 'NONE', #350, 32.95000000000000284, 2.500000000000000000 ) ;
#1876 = CARTESIAN_POINT ( 'NONE',  ( -21.13928348789189826, -8.755551266003028132, -25.74402064658095313 ) ) ;
#1877 = CARTESIAN_POINT ( 'NONE',  ( -7.314652026290642262, -20.87097716160976901, -7.466374697275800720 ) ) ;
#1878 = B_SPLINE_CURVE_WITH_KNOTS ( 'NONE', 3,
 ( #3021, #3966, #1715, #3908, #3521, #2634, #5747, #384, #3884, #5326, #2198, #2517, #1629, #260, #1270, #4878, #817, #5241, #1184, #2992, #5722, #5266, #3993, #1211, #3550, #4821, #1159, #759, #2573, #2967, #4378, #4766, #4114, #1428 ),
 .UNSPECIFIED., .F., .F.,
 ( 4, 2, 2, 2, 2, 2, 2, 2, 2, 2, 2, 2, 2, 2, 2, 2, 4 ),
 ( 0.000000000000000000, 0.06249999999999997224, 0.1249999999999999306, 0.1874999999999998890, 0.2499999999999998335, 0.3124999999999998335, 0.3749999999999997780, 0.4374999999999997780, 0.4999999999999997224, 0.5624999999999997780, 0.6249999999999997780, 0.6874999999999996669, 0.7499999999999996669, 0.8124999999999997780, 0.8749999999999997780, 0.9374999999999998890, 1.000000000000000000 ),
 .UNSPECIFIED. ) ;
#1879 = CARTESIAN_POINT ( 'NONE',  ( 26.39599301378664720, 23.66334830103565068, 20.00000000000000000 ) ) ;
#1880 = CARTESIAN_POINT ( 'NONE',  ( -21.62738881816235192, -8.958532343255200203, -13.65349006216962024 ) ) ;
#1881 = ORIENTED_EDGE ( 'NONE', *, *, #5217, .F. ) ;
#1882 = CARTESIAN_POINT ( 'NONE',  ( -5.708877703438480111, -21.30540948341170093, -9.662713271760850375 ) ) ;
#1883 = VERTEX_POINT ( 'NONE', #3114 ) ;
#1884 = VERTEX_POINT ( 'NONE', #4922 ) ;
#1885 = CARTESIAN_POINT ( 'NONE',  ( 8.638522813695338698, 20.85612150975225276, -17.77299471345104820 ) ) ;
#1886 = FACE_OUTER_BOUND ( 'NONE', #585, .T. ) ;
#1887 = EDGE_CURVE ( 'NONE', #257, #3121, #4008, .T. ) ;
#1888 = CARTESIAN_POINT ( 'NONE',  ( -20.00000000000000000, 0.000000000000000000, 0.000000000000000000 ) ) ;
#1889 = DIRECTION ( 'NONE',  ( 0.000000000000000000, -1.000000000000000000, 0.000000000000000000 ) ) ;
#1890 = CARTESIAN_POINT ( 'NONE',  ( -8.622840360879239441, -22.42919433043834943, -11.34984898850123969 ) ) ;
#1891 = DIRECTION ( 'NONE',  ( 0.000000000000000000, 0.000000000000000000, -1.000000000000000000 ) ) ;
#1892 = ORIENTED_EDGE ( 'NONE', *, *, #2652, .T. ) ;
#1893 = AXIS2_PLACEMENT_3D ( 'NONE', #5786, #3083, #893 ) ;
#1894 = CIRCLE ( 'NONE', #363, 22.10000000000000142 ) ;
#1895 = AXIS2_PLACEMENT_3D ( 'NONE', #4242, #3909, #760 ) ;
#1896 = ORIENTED_EDGE ( 'NONE', *, *, #4936, .F. ) ;
#1897 = CARTESIAN_POINT ( 'NONE',  ( -8.637655642632740438, 20.85415846348249858, -23.25000000000000000 ) ) ;
#1898 = CIRCLE ( 'NONE', #5195, 2.500000000000002220 ) ;
#1899 = VECTOR ( 'NONE', #3722, 1000.000000000000000 ) ;
#1900 = CARTESIAN_POINT ( 'NONE',  ( 15.95517822021405152, -15.95540918825799892, -22.00258339428624765 ) ) ;
#1901 = EDGE_CURVE ( 'NONE', #3280, #60, #274, .T. ) ;
#1902 = ORIENTED_EDGE ( 'NONE', *, *, #4866, .F. ) ;
#1903 = AXIS2_PLACEMENT_3D ( 'NONE', #2332, #4993, #5023 ) ;
#1904 = CARTESIAN_POINT ( 'NONE',  ( 0.0001746005176600945203, -24.82233288622709821, -22.48658235219505030 ) ) ;
#1905 = CARTESIAN_POINT ( 'NONE',  ( -10.26558377727963922, -19.76647575764755160, -6.916666666666700714 ) ) ;
#1906 = CARTESIAN_POINT ( 'NONE',  ( 22.00654918000685001, 0.004825029253958361061, -32.49999999998524913 ) ) ;
#1907 = CARTESIAN_POINT ( 'NONE',  ( 24.62610574451305112, 2.487918682166459838, -29.47208988460160128 ) ) ;
#1908 = EDGE_CURVE ( 'NONE', #4955, #1725, #1939, .T. ) ;
#1909 = CARTESIAN_POINT ( 'NONE',  ( -9.122500455235860173, 22.02441917998635290, -16.47515453695520193 ) ) ;
#1910 = CARTESIAN_POINT ( 'NONE',  ( 30.70060056415844940, 17.72500000000000142, 17.50000000000000000 ) ) ;
#1911 = DIRECTION ( 'NONE',  ( 0.000000000000000000, 0.000000000000000000, 1.000000000000000000 ) ) ;
#1912 = AXIS2_PLACEMENT_3D ( 'NONE', #603, #159, #2412 ) ;
#1913 = CARTESIAN_POINT ( 'NONE',  ( 9.123879934912830336, 22.02558087168030099, -17.97515453695519838 ) ) ;
#1914 = AXIS2_PLACEMENT_3D ( 'NONE', #3899, #1587, #5708 ) ;
#1915 = ORIENTED_EDGE ( 'NONE', *, *, #2, .T. ) ;
#1916 = CARTESIAN_POINT ( 'NONE',  ( -8.059990048891169323, -20.45609406074600045, -6.716820346724650115 ) ) ;
#1917 = EDGE_CURVE ( 'NONE', #2614, #60, #5390, .T. ) ;
#1918 = ORIENTED_EDGE ( 'NONE', *, *, #889, .T. ) ;
#1919 = EDGE_CURVE ( 'NONE', #3329, #1299, #2384, .T. ) ;
#1920 = CARTESIAN_POINT ( 'NONE',  ( 15.95975533636839749, 15.95960732017584860, -30.85827761439389860 ) ) ;
#1921 = CARTESIAN_POINT ( 'NONE',  ( -33.69105727418959617, -11.02792635753779926, 20.00000000000000000 ) ) ;
#1922 = CARTESIAN_POINT ( 'NONE',  ( -17.01994736770523176, 14.16600857351672893, -22.32746080638533570 ) ) ;
#1923 = CARTESIAN_POINT ( 'NONE',  ( -8.487853028917649922, -21.92322060720919907, -11.78372771557772047 ) ) ;
#1924 = EDGE_CURVE ( 'NONE', #3921, #257, #4782, .T. ) ;
#1925 = FACE_OUTER_BOUND ( 'NONE', #745, .T. ) ;
#1926 = ORIENTED_EDGE ( 'NONE', *, *, #3750, .T. ) ;
#1927 = ORIENTED_EDGE ( 'NONE', *, *, #2017, .T. ) ;
#1928 = DIRECTION ( 'NONE',  ( 0.000000000000000000, 0.000000000000000000, -1.000000000000000000 ) ) ;
#1929 = ORIENTED_EDGE ( 'NONE', *, *, #4192, .T. ) ;
#1930 = FACE_OUTER_BOUND ( 'NONE', #3016, .T. ) ;
#1931 = CARTESIAN_POINT ( 'NONE',  ( -15.96253190800850064, -15.96213806153224901, -12.95525588809372053 ) ) ;
#1932 = CARTESIAN_POINT ( 'NONE',  ( -17.55041620961004867, -17.54875639496989947, -11.98658235219502011 ) ) ;
#1933 = CARTESIAN_POINT ( 'NONE',  ( -15.96030630108035275, 15.96086245803849835, -13.74027453730046133 ) ) ;
#1934 = CARTESIAN_POINT ( 'NONE',  ( 22.00809574909144928, 0.006793226276029360258, -32.49999999998524913 ) ) ;
#1935 = CARTESIAN_POINT ( 'NONE',  ( 23.40458410298969838, 2.480163943810679950, -31.82953812425659379 ) ) ;
#1936 = AXIS2_PLACEMENT_3D ( 'NONE', #3407, #1655, #3459 ) ;
#1937 = AXIS2_PLACEMENT_3D ( 'NONE', #4629, #3328, #5132 ) ;
#1938 = CARTESIAN_POINT ( 'NONE',  ( -16.85663521306204871, -16.85713670471974979, -24.72515453695514864 ) ) ;
#1939 = LINE ( 'NONE', #3621, #4438 ) ;
#1940 = CARTESIAN_POINT ( 'NONE',  ( 22.06891547440453749, 1.172429302469919499, -28.21484641309570307 ) ) ;
#1941 = CARTESIAN_POINT ( 'NONE',  ( -23.84151278920674955, 0.0003250630206969340225, -14.22515453695524101 ) ) ;
#1942 = CARTESIAN_POINT ( 'NONE',  ( -8.769924124413675415, -23.12757376980048818, -9.134768347816132561 ) ) ;
#1943 = CARTESIAN_POINT ( 'NONE',  ( -8.699594024460690633, -22.88659013136415155, -8.251923430535599735 ) ) ;
#1944 = APPROVAL_PERSON_ORGANIZATION ( #2374, #4190, #4082 ) ;
#1945 = CARTESIAN_POINT ( 'NONE',  ( -8.638951950341068553, 20.85725088434245222, -28.70525588809359618 ) ) ;
#1946 = DIRECTION ( 'NONE',  ( 0.000000000000000000, 0.000000000000000000, -1.000000000000000000 ) ) ;
#1947 = DIRECTION ( 'NONE',  ( 0.000000000000000000, 0.000000000000000000, 1.000000000000000000 ) ) ;
#1948 = CARTESIAN_POINT ( 'NONE',  ( 23.89348828243419121, 2.499621095905048662, -27.66527764466810169 ) ) ;
#1949 = ADVANCED_FACE ( 'NONE', ( #3742 ), #3293, .T. ) ;
#1950 = DIRECTION ( 'NONE',  ( 1.000000000000000000, 0.000000000000000000, 0.000000000000000000 ) ) ;
#1951 = ORIENTED_EDGE ( 'NONE', *, *, #4616, .T. ) ;
#1952 = ORIENTED_EDGE ( 'NONE', *, *, #3446, .T. ) ;
#1953 = CARTESIAN_POINT ( 'NONE',  ( -15.96004263340170048, -15.95975478824145100, -8.089140824963759968 ) ) ;
#1954 = EDGE_LOOP ( 'NONE', ( #4997, #1195, #2325, #3119 ) ) ;
#1955 = CARTESIAN_POINT ( 'NONE',  ( 0.000000000000000000, 0.000000000000000000, 17.50000000000000000 ) ) ;
#1956 = DIRECTION ( 'NONE',  ( 0.000000000000000000, 0.000000000000000000, 1.000000000000000000 ) ) ;
#1957 = CARTESIAN_POINT ( 'NONE',  ( -6.618846947960570049, -20.99353270929770332, -12.08591672761959934 ) ) ;
#1958 = CIRCLE ( 'NONE', #3549, 35.45000000000000284 ) ;
#1959 = CARTESIAN_POINT ( 'NONE',  ( -9.545801156984090596, 23.03793872533560005, -24.42001597436710014 ) ) ;
#1960 = EDGE_CURVE ( 'NONE', #3572, #4292, #4632, .T. ) ;
#1961 = CARTESIAN_POINT ( 'NONE',  ( 8.637080390284628706, 20.85304500882514844, -26.51742247489114845 ) ) ;
#1962 = CARTESIAN_POINT ( 'NONE',  ( -21.03789855588344793, 6.912651805560539486, -27.10203462118572659 ) ) ;
#1963 = VECTOR ( 'NONE', #5845, 1000.000000000000000 ) ;
#1964 = CARTESIAN_POINT ( 'NONE',  ( 22.02418166527830223, -9.122922874531438353, -20.97515453695520193 ) ) ;
#1965 = DIRECTION ( 'NONE',  ( 1.000000000000000000, 0.000000000000000000, 0.000000000000000000 ) ) ;
#1966 = CARTESIAN_POINT ( 'NONE',  ( 22.10000000000000853, 0.1946324768615514955, -29.19194050505684856 ) ) ;
#1967 = CARTESIAN_POINT ( 'NONE',  ( 34.69127465857365422, 7.295064260402890355, 20.00000000000000000 ) ) ;
#1968 = EDGE_CURVE ( 'NONE', #3638, #437, #2105, .T. ) ;
#1969 = CARTESIAN_POINT ( 'NONE',  ( 22.26478597092985012, 9.224112205881420223, -19.31242905611419758 ) ) ;
#1970 = ORIENTED_EDGE ( 'NONE', *, *, #4776, .F. ) ;
#1971 = AXIS2_PLACEMENT_3D ( 'NONE', #5466, #1405, #4657 ) ;
#1972 = ADVANCED_FACE ( 'NONE', ( #2732 ), #2819, .F. ) ;
#1973 = CARTESIAN_POINT ( 'NONE',  ( 20.85772298319430007, 8.640705868059320949, -31.70525588809369566 ) ) ;
#1974 = CARTESIAN_POINT ( 'NONE',  ( 0.000000000000000000, 0.000000000000000000, 20.00000000000000000 ) ) ;
#1975 = FACE_OUTER_BOUND ( 'NONE', #3897, .T. ) ;
#1976 = DIRECTION ( 'NONE',  ( 1.000000000000000000, 0.000000000000000000, 0.000000000000000000 ) ) ;
#1977 = FACE_OUTER_BOUND ( 'NONE', #3310, .T. ) ;
#1978 = ORIENTED_EDGE ( 'NONE', *, *, #3675, .F. ) ;
#1979 = ORIENTED_EDGE ( 'NONE', *, *, #614, .T. ) ;
#1980 = CARTESIAN_POINT ( 'NONE',  ( -20.85388273541019899, -8.639035810442058150, -8.250000000000000000 ) ) ;
#1981 = CARTESIAN_POINT ( 'NONE',  ( 35.45000000000000284, -1.324557592679437988E-13, 20.00000000000000000 ) ) ;
#1982 = CARTESIAN_POINT ( 'NONE',  ( -19.50453880660232997, -10.62239355419934661, -8.050054072984323739 ) ) ;
#1983 = CARTESIAN_POINT ( 'NONE',  ( -20.85927985653999883, 8.640628217379319409, -15.20525588809360151 ) ) ;
#1984 = CIRCLE ( 'NONE', #4431, 2.499999999999998668 ) ;
#1985 = CIRCLE ( 'NONE', #3482, 2.500000000000002220 ) ;
#1986 = CC_DESIGN_DATE_AND_TIME_ASSIGNMENT ( #4019, #5742, ( #4436 ) ) ;
#1987 = AXIS2_PLACEMENT_3D ( 'NONE', #4563, #2315, #3616 ) ;
#1988 = CARTESIAN_POINT ( 'NONE',  ( 23.39260706797779932, 9.685187527195838086, -28.18923983770065433 ) ) ;
#1989 = CARTESIAN_POINT ( 'NONE',  ( -0.0006817870049026129257, 22.57144535519374884, -13.76742247489119997 ) ) ;
#1990 = CARTESIAN_POINT ( 'NONE',  ( -22.09999999999999787, 1.402829509442320877, -26.61711036255289287 ) ) ;
#1991 = DIRECTION ( 'NONE',  ( 1.000000000000000000, 0.000000000000000000, 0.000000000000000000 ) ) ;
#1992 = ORIENTED_EDGE ( 'NONE', *, *, #3246, .T. ) ;
#1993 = CARTESIAN_POINT ( 'NONE',  ( -9.223997770195600410, 22.26409177093944791, -28.31242905611415139 ) ) ;
#1994 = DIRECTION ( 'NONE',  ( 0.000000000000000000, 0.000000000000000000, 1.000000000000000000 ) ) ;
#1995 = DIRECTION ( 'NONE',  ( 0.000000000000000000, 0.000000000000000000, 1.000000000000000000 ) ) ;
#1996 = CARTESIAN_POINT ( 'NONE',  ( -22.10000000000197673, 1.446441617560829895, -14.62089394510155316 ) ) ;
#1997 = CARTESIAN_POINT ( 'NONE',  ( -17.04231097319850008, 17.04170971210359653, -27.56242905611415139 ) ) ;
#1998 = CARTESIAN_POINT ( 'NONE',  ( 17.04207090362369925, 17.04192590036090138, -18.56242905611419758 ) ) ;
#1999 = ORIENTED_EDGE ( 'NONE', *, *, #2834, .T. ) ;
#2000 = CARTESIAN_POINT ( 'NONE',  ( -15.96274639353630143, 15.96327297253520250, -15.95525588809365303 ) ) ;
#2001 = CARTESIAN_POINT ( 'NONE',  ( 11.02792635753802131, 33.69105727418950380, 0.000000000000000000 ) ) ;
#2002 = AXIS2_PLACEMENT_3D ( 'NONE', #2479, #226, #2011 ) ;
#2003 = AXIS2_PLACEMENT_3D ( 'NONE', #4392, #747, #2559 ) ;
#2004 = CARTESIAN_POINT ( 'NONE',  ( -10.25021645926301872, -31.31510118997309888, 0.000000000000000000 ) ) ;
#2005 = DIRECTION ( 'NONE',  ( -0.9040803662633937199, -0.4273624823695310049, 0.000000000000000000 ) ) ;
#2006 = DIRECTION ( 'NONE',  ( 1.000000000000000000, 0.000000000000000000, 0.000000000000000000 ) ) ;
#2007 = ORIENTED_EDGE ( 'NONE', *, *, #3059, .F. ) ;
#2008 = ORIENTED_EDGE ( 'NONE', *, *, #2690, .F. ) ;
#2009 = CARTESIAN_POINT ( 'NONE',  ( 15.96032243611400148, 15.96027983236460202, -26.08914082496370312 ) ) ;
#2010 = CARTESIAN_POINT ( 'NONE',  ( -17.72500000000000142, 30.70060056415834993, 17.50000000000000000 ) ) ;
#2011 = DIRECTION ( 'NONE',  ( 1.000000000000000000, 0.000000000000000000, 0.000000000000000000 ) ) ;
#2012 = CARTESIAN_POINT ( 'NONE',  ( -15.96274639353630143, 15.96327297253520250, -15.95525588809365303 ) ) ;
#2013 = EDGE_CURVE ( 'NONE', #1884, #3917, #9, .T. ) ;
#2014 = ADVANCED_FACE ( 'NONE', ( #3715 ), #1814, .F. ) ;
#2015 = CARTESIAN_POINT ( 'NONE',  ( -17.99182338741935183, -17.98984078589209901, -10.35399774898190017 ) ) ;
#2016 = CARTESIAN_POINT ( 'NONE',  ( -8.637018558413661395, 20.85346693664419959, -14.49027453730044002 ) ) ;
#2017 = EDGE_CURVE ( 'NONE', #811, #4176, #1898, .T. ) ;
#2018 = CARTESIAN_POINT ( 'NONE',  ( 8.559961543663277439, 20.42314836168919712, -30.25404230229903035 ) ) ;
#2019 =( NAMED_UNIT ( * ) SI_UNIT ( $, .STERADIAN. ) SOLID_ANGLE_UNIT ( ) );
#2020 = ORIENTED_EDGE ( 'NONE', *, *, #1352, .F. ) ;
#2021 = CARTESIAN_POINT ( 'NONE',  ( -5.904600337186620251, -22.03694522569480085, -11.90349006216970018 ) ) ;
#2022 = CARTESIAN_POINT ( 'NONE',  ( 17.72500000000000142, -30.70060056415840322, 20.00000000000000000 ) ) ;
#2023 = DIRECTION ( 'NONE',  ( -0.5692753230620739568, -0.8221469494880897511, 0.000000000000000000 ) ) ;
#2024 = CARTESIAN_POINT ( 'NONE',  ( 31.31510118997309888, -10.25021645926306135, 20.00000000000000000 ) ) ;
#2025 = CARTESIAN_POINT ( 'NONE',  ( 23.11877360200989884, 4.714510322347369886, -31.67776603906930788 ) ) ;
#2026 = AXIS2_PLACEMENT_3D ( 'NONE', #233, #4404, #3519 ) ;
#2027 = CARTESIAN_POINT ( 'NONE',  ( 8.638368853852359308, 20.85625065587540306, -30.20525588809359974 ) ) ;
#2028 = CARTESIAN_POINT ( 'NONE',  ( 11.07542989873720174, -19.17907833842011200, -22.49584534208828401 ) ) ;
#2029 = FACE_OUTER_BOUND ( 'NONE', #3503, .T. ) ;
#2030 = CARTESIAN_POINT ( 'NONE',  ( 24.31171326099236296, 2.496312394815896063, -28.27484877358004312 ) ) ;
#2031 = EDGE_CURVE ( 'NONE', #3420, #2610, #1518, .T. ) ;
#2032 = CARTESIAN_POINT ( 'NONE',  ( -5.785017259453581140, -21.58998978748778086, -9.484979689338683073 ) ) ;
#2033 = ORIENTED_EDGE ( 'NONE', *, *, #1024, .F. ) ;
#2034 = ORIENTED_EDGE ( 'NONE', *, *, #2145, .F. ) ;
#2035 = CARTESIAN_POINT ( 'NONE',  ( 20.85453680767425055, 8.639377406347339416, -28.01742247489119819 ) ) ;
#2036 = CARTESIAN_POINT ( 'NONE',  ( 0.000000000000000000, 0.000000000000000000, 20.00000000000000000 ) ) ;
#2037 = B_SPLINE_CURVE_WITH_KNOTS ( 'NONE', 3,
 ( #213, #687, #2491, #4297, #2822, #237, #137, #1942, #3745, #2135, #3436, #1631, #2969, #1659, #3462, #1242, #1161, #4408, #5269, #3048, #4880, #4850, #3910, #4794, #5243, #1186, #4380, #1683, #352, #820, #3940, #3023, #5328 ),
 .UNSPECIFIED., .F., .F.,
 ( 4, 2, 2, 2, 2, 2, 1, 1, 2, 2, 2, 2, 1, 1, 1, 2, 2, 2, 4 ),
 ( 0.000000000000000000, 0.1250000000000027478, 0.2500000000000054956, 0.3750000000000082157, 0.4375000000000096034, 0.4687500000000103251, 0.4843750000000104916, 0.4921875000000109357, 0.4960937500000113798, 0.5000000000000118794, 0.6250000000000134337, 0.6875000000000138778, 0.7187500000000139888, 0.7343750000000138778, 0.7421875000000146549, 0.7460937500000152101, 0.7500000000000156541, 0.8750000000000078826, 1.000000000000000000 ),
 .UNSPECIFIED. ) ;
#2038 = DIRECTION ( 'NONE',  ( 0.000000000000000000, 0.000000000000000000, 1.000000000000000000 ) ) ;
#2039 = CARTESIAN_POINT ( 'NONE',  ( -21.14204993521299869, 8.757332865741100036, -15.24402064658085010 ) ) ;
#2040 = EDGE_CURVE ( 'NONE', #1751, #2114, #942, .T. ) ;
#2041 = SHAPE_REPRESENTATION ( 'eBom-FreeParts.prt.step', ( #937 ), #3479 ) ;
#2042 = CARTESIAN_POINT ( 'NONE',  ( -17.99234308321025111, 17.98954219207434946, -13.35399774898195879 ) ) ;
#2043 = CARTESIAN_POINT ( 'NONE',  ( 22.00080106196644891, 2.879684298587310121, -31.16855618722784982 ) ) ;
#2044 = DIRECTION ( 'NONE',  ( 0.000000000000000000, 0.000000000000000000, -1.000000000000000000 ) ) ;
#2045 = APPROVAL_STATUS ( 'not_yet_approved' ) ;
#2046 = ORIENTED_EDGE ( 'NONE', *, *, #2130, .F. ) ;
#2047 = DIRECTION ( 'NONE',  ( 1.000000000000000000, 0.000000000000000000, 0.000000000000000000 ) ) ;
#2048 = SPHERICAL_SURFACE ( 'NONE', #286, 2.500000000000000000 ) ;
#2049 = CARTESIAN_POINT ( 'NONE',  ( 31.31510118997309888, -10.25021645926306135, 17.50000000000000000 ) ) ;
#2050 = DIRECTION ( 'NONE',  ( 0.000000000000000000, -1.000000000000000000, -8.326672684688678786E-15 ) ) ;
#2051 = CARTESIAN_POINT ( 'NONE',  ( 17.04151006044805072, 17.04084916933349803, -30.56242905611409810 ) ) ;
#2052 = AXIS2_PLACEMENT_3D ( 'NONE', #4652, #4146, #1041 ) ;
#2053 = CIRCLE ( 'NONE', #4409, 5.000000000000000888 ) ;
#2054 = CARTESIAN_POINT ( 'NONE',  ( 15.95983206891155071, 15.95968279438979920, -30.91339838996560019 ) ) ;
#2055 = CARTESIAN_POINT ( 'NONE',  ( -9.793641660732621546, -19.86420842556429989, -24.37086125887254084 ) ) ;
#2056 = DIRECTION ( 'NONE',  ( 0.000000000000000000, -1.000000000000000000, -8.326672684688666165E-15 ) ) ;
#2057 = CARTESIAN_POINT ( 'NONE',  ( -32.24478138222849566, -6.780602746975409545, 20.00000000000000000 ) ) ;
#2058 = CARTESIAN_POINT ( 'NONE',  ( -5.778922730121071716, -21.56721078664487834, -9.098777614313060980 ) ) ;
#2059 = ORIENTED_EDGE ( 'NONE', *, *, #3393, .T. ) ;
#2060 = AXIS2_PLACEMENT_3D ( 'NONE', #2174, #866, #3971 ) ;
#2061 = EDGE_CURVE ( 'NONE', #4496, #3280, #4091, .T. ) ;
#2062 = VERTEX_POINT ( 'NONE', #4119 ) ;
#2063 = CARTESIAN_POINT ( 'NONE',  ( -15.96028528034015181, 15.96087883637945026, -10.50000000000000000 ) ) ;
#2064 = FACE_OUTER_BOUND ( 'NONE', #4245, .T. ) ;
#2065 = CARTESIAN_POINT ( 'NONE',  ( 32.24478138222845303, -6.780602746975559647, 17.50000000000000000 ) ) ;
#2066 = CARTESIAN_POINT ( 'NONE',  ( -16.02446025049659895, -16.02401538117220170, -12.99466388919150006 ) ) ;
#2067 = CARTESIAN_POINT ( 'NONE',  ( 0.0001598143276696950186, -22.57299609503954940, -18.00000000000000000 ) ) ;
#2068 = CARTESIAN_POINT ( 'NONE',  ( 24.67670424681340080, 0.000000000000000000, -28.93923983770070052 ) ) ;
#2069 = EDGE_CURVE ( 'NONE', #242, #3329, #4255, .T. ) ;
#2070 = AXIS2_PLACEMENT_3D ( 'NONE', #4410, #5811, #5750 ) ;
#2071 = CARTESIAN_POINT ( 'NONE',  ( -20.85608706592680051, 8.639301189240168100, -14.16855618722783916 ) ) ;
#2072 = DIRECTION ( 'NONE',  ( 1.000000000000000000, 0.000000000000000000, 0.000000000000000000 ) ) ;
#2073 = PERSON_AND_ORGANIZATION ( #1259, #3397 ) ;
#2074 = ORIENTED_EDGE ( 'NONE', *, *, #2318, .F. ) ;
#2075 = AXIS2_PLACEMENT_3D ( 'NONE', #296, #2440, #5589 ) ;
#2076 = AXIS2_PLACEMENT_3D ( 'NONE', #1829, #4521, #4606 ) ;
#2077 = AXIS2_PLACEMENT_3D ( 'NONE', #1397, #3202, #5005 ) ;
#2078 = FACE_OUTER_BOUND ( 'NONE', #501, .T. ) ;
#2079 = DIRECTION ( 'NONE',  ( -0.08193341677530394107, -0.9966378054316044066, 0.000000000000000000 ) ) ;
#2080 = CARTESIAN_POINT ( 'NONE',  ( -26.39599301378660101, -23.66334830103570042, 17.50000000000000000 ) ) ;
#2081 = DIRECTION ( 'NONE',  ( 1.000000000000000000, 0.000000000000000000, 0.000000000000000000 ) ) ;
#2082 = AXIS2_PLACEMENT_3D ( 'NONE', #685, #1127, #3408 ) ;
#2083 = AXIS2_PLACEMENT_3D ( 'NONE', #3244, #5077, #2859 ) ;
#2084 = CARTESIAN_POINT ( 'NONE',  ( -19.17907833842016885, -11.07542989873710226, -20.00190772541485984 ) ) ;
#2085 = EDGE_CURVE ( 'NONE', #437, #3921, #1183, .T. ) ;
#2086 = CARTESIAN_POINT ( 'NONE',  ( -8.636787989947599442, -20.84926325951645154, -24.25258339428615173 ) ) ;
#2087 = CIRCLE ( 'NONE', #5399, 32.95000000000000284 ) ;
#2088 = CARTESIAN_POINT ( 'NONE',  ( -21.39316793595816080, -5.730144764051693151, -25.99587505341890292 ) ) ;
#2089 = DIRECTION ( 'NONE',  ( 0.000000000000000000, 0.000000000000000000, 1.000000000000000000 ) ) ;
#2090 = ORIENTED_EDGE ( 'NONE', *, *, #3495, .F. ) ;
#2091 = LINE ( 'NONE', #5704, #541 ) ;
#2092 = EDGE_LOOP ( 'NONE', ( #2432, #5332, #1478, #3919 ) ) ;
#2093 = EDGE_CURVE ( 'NONE', #1155, #2500, #572, .T. ) ;
#2094 = ORIENTED_EDGE ( 'NONE', *, *, #2199, .F. ) ;
#2095 = CARTESIAN_POINT ( 'NONE',  ( 15.96005064123160189, -15.96025899266394887, -20.91855618722789600 ) ) ;
#2096 = FACE_OUTER_BOUND ( 'NONE', #718, .T. ) ;
#2097 = CARTESIAN_POINT ( 'NONE',  ( 0.000000000000000000, 0.000000000000000000, 20.00000000000000000 ) ) ;
#2098 = CARTESIAN_POINT ( 'NONE',  ( 16.02678253179695034, 16.02727045395349847, -18.99466388919144677 ) ) ;
#2099 = AXIS2_PLACEMENT_3D ( 'NONE', #2867, #4646, #1116 ) ;
#2100 = CIRCLE ( 'NONE', #3708, 5.000000000000000000 ) ;
#2101 = CARTESIAN_POINT ( 'NONE',  ( -9.542644814413769438, 23.03754293193804870, -12.42001597436710014 ) ) ;
#2102 = CARTESIAN_POINT ( 'NONE',  ( 15.96030017124170186, 15.96017271779390256, -29.91855618722780008 ) ) ;
#2103 = PERSON_AND_ORGANIZATION ( #1259, #3397 ) ;
#2104 = ORIENTED_EDGE ( 'NONE', *, *, #596, .F. ) ;
#2105 = B_SPLINE_CURVE_WITH_KNOTS ( 'NONE', 3,
 ( #1433, #1877, #4980, #2763 ),
 .UNSPECIFIED., .F., .F.,
 ( 4, 4 ),
 ( 0.000000000000000000, 1.000000000000000000 ),
 .UNSPECIFIED. ) ;
#2106 = DIRECTION ( 'NONE',  ( -1.387778780781444098E-15, 4.438436410853329923E-16, 1.000000000000000000 ) ) ;
#2107 = CARTESIAN_POINT ( 'NONE',  ( -17.22386008699299964, -17.22245605382990163, -12.39970357527316125 ) ) ;
#2108 = DIRECTION ( 'NONE',  ( 0.000000000000000000, 0.000000000000000000, -1.000000000000000000 ) ) ;
#2109 = CARTESIAN_POINT ( 'NONE',  ( -20.57137661531034922, 26.58986581671790361, 17.50000000000000000 ) ) ;
#2110 = CARTESIAN_POINT ( 'NONE',  ( -11.02792635753792005, -33.69105727418954643, 0.000000000000000000 ) ) ;
#2111 = CARTESIAN_POINT ( 'NONE',  ( 15.95517822021405152, -15.95540918825799892, -22.00258339428624765 ) ) ;
#2112 = DIRECTION ( 'NONE',  ( 1.000000000000000000, 5.551115123125781913E-15, 0.000000000000000000 ) ) ;
#2113 = FACE_OUTER_BOUND ( 'NONE', #3472, .T. ) ;
#2114 = VERTEX_POINT ( 'NONE', #5664 ) ;
#2115 = CARTESIAN_POINT ( 'NONE',  ( -5.707989370929020367, -21.30208923899615314, -8.959731874794890416 ) ) ;
#2116 = ORIENTED_EDGE ( 'NONE', *, *, #1537, .F. ) ;
#2117 = AXIS2_PLACEMENT_3D ( 'NONE', #645, #5651, #5169 ) ;
#2118 = ORIENTED_EDGE ( 'NONE', *, *, #5604, .T. ) ;
#2119 = CARTESIAN_POINT ( 'NONE',  ( 22.57262025819954943, -0.0009926948960935729534, -18.24027453730040094 ) ) ;
#2120 = CIRCLE ( 'NONE', #1173, 5.000000000000000888 ) ;
#2121 = DIRECTION ( 'NONE',  ( 0.9785973105380423309, 0.2057846053710295497, 1.007770309495220359E-14 ) ) ;
#2122 = CARTESIAN_POINT ( 'NONE',  ( -7.778697676086028245, -20.75035480988216108, -12.17829050268363034 ) ) ;
#2123 = CARTESIAN_POINT ( 'NONE',  ( -8.768146601928140882, -23.10269300756355193, -9.918108165491279493 ) ) ;
#2124 = ORIENTED_EDGE ( 'NONE', *, *, #4986, .T. ) ;
#2125 = DIRECTION ( 'NONE',  ( 0.000000000000000000, 0.000000000000000000, -1.000000000000000000 ) ) ;
#2126 = CARTESIAN_POINT ( 'NONE',  ( -22.45501922596979938, 9.299174226320610970, -10.26496339966613824 ) ) ;
#2127 = CARTESIAN_POINT ( 'NONE',  ( 22.57266165175409967, -0.001005785646921026006, -19.41855618722780363 ) ) ;
#2128 = PERSON_AND_ORGANIZATION ( #1259, #3397 ) ;
#2129 = ORIENTED_EDGE ( 'NONE', *, *, #3814, .T. ) ;
#2130 = EDGE_CURVE ( 'NONE', #3250, #1455, #3214, .T. ) ;
#2131 = DIRECTION ( 'NONE',  ( 0.000000000000000000, 0.000000000000000000, 1.000000000000000000 ) ) ;
#2132 = CARTESIAN_POINT ( 'NONE',  ( 17.04001663727485294, -17.04104004414145024, -21.56242905611420113 ) ) ;
#2133 = CARTESIAN_POINT ( 'NONE',  ( -22.10000000000000142, 2.706469426115649772E-15, -32.50000000000000000 ) ) ;
#2134 = DIRECTION ( 'NONE',  ( 1.000000000000000000, 0.000000000000000000, 0.000000000000000000 ) ) ;
#2135 = CARTESIAN_POINT ( 'NONE',  ( -8.748533339046748125, -23.05857193174876940, -8.756838041884858370 ) ) ;
#2136 = DIRECTION ( 'NONE',  ( 1.000000000000000000, 0.000000000000000000, 0.000000000000000000 ) ) ;
#2137 = CARTESIAN_POINT ( 'NONE',  ( 8.673869637766809859, -20.93830624482749769, -22.74466388919140059 ) ) ;
#2138 = ORIENTED_EDGE ( 'NONE', *, *, #3388, .T. ) ;
#2139 = DIRECTION ( 'NONE',  ( 1.000000000000000000, 0.000000000000000000, 0.000000000000000000 ) ) ;
#2140 = ADVANCED_FACE ( 'NONE', ( #3883 ), #2515, .F. ) ;
#2141 = CARTESIAN_POINT ( 'NONE',  ( -17.72500000000000142, -30.70060056415830019, 0.000000000000000000 ) ) ;
#2142 = ORIENTED_EDGE ( 'NONE', *, *, #2811, .T. ) ;
#2143 = DIRECTION ( 'NONE',  ( 0.000000000000000000, 0.000000000000000000, 1.000000000000000000 ) ) ;
#2144 = ORIENTED_EDGE ( 'NONE', *, *, #5801, .F. ) ;
#2145 = EDGE_CURVE ( 'NONE', #3533, #2396, #661, .T. ) ;
#2146 = ORIENTED_EDGE ( 'NONE', *, *, #3764, .F. ) ;
#2147 = CARTESIAN_POINT ( 'NONE',  ( 20.85437345569500067, 8.637830996986480159, -17.49027453730050041 ) ) ;
#2148 = FACE_OUTER_BOUND ( 'NONE', #5251, .T. ) ;
#2149 = CARTESIAN_POINT ( 'NONE',  ( -8.345349182021562839, -21.59660240221381500, -11.94975672886852358 ) ) ;
#2150 = CARTESIAN_POINT ( 'NONE',  ( -8.775644110672329745, -23.13945134285404848, -9.602700925150100986 ) ) ;
#2151 = VECTOR ( 'NONE', #2089, 1000.000000000000000 ) ;
#2152 = ORIENTED_EDGE ( 'NONE', *, *, #288, .T. ) ;
#2153 = AXIS2_PLACEMENT_3D ( 'NONE', #2293, #1464, #1347 ) ;
#2154 = CARTESIAN_POINT ( 'NONE',  ( 17.72500000000000142, 30.70060056415825400, 20.00000000000000000 ) ) ;
#2155 = CARTESIAN_POINT ( 'NONE',  ( -8.979817429896639780, 21.67694247597859913, -23.33841932938490160 ) ) ;
#2156 = CARTESIAN_POINT ( 'NONE',  ( -8.638807279052659993, 20.85690496067764599, -28.27299471345100201 ) ) ;
#2157 = APPROVAL_STATUS ( 'not_yet_approved' ) ;
#2158 = ORIENTED_EDGE ( 'NONE', *, *, #774, .T. ) ;
#2159 = EDGE_CURVE ( 'NONE', #4389, #1455, #184, .T. ) ;
#2160 = EDGE_LOOP ( 'NONE', ( #970, #3241, #4401, #329, #1915, #1466 ) ) ;
#2161 = CARTESIAN_POINT ( 'NONE',  ( -10.25021645926294056, 31.31510118997309888, 20.00000000000000000 ) ) ;
#2162 = CARTESIAN_POINT ( 'NONE',  ( 24.19075678430609955, 0.000000000000000000, -31.48658235219505030 ) ) ;
#2163 = DIRECTION ( 'NONE',  ( -1.000000000000000000, 0.000000000000000000, 0.000000000000000000 ) ) ;
#2164 = DIRECTION ( 'NONE',  ( 1.000000000000000000, 0.000000000000000000, 0.000000000000000000 ) ) ;
#2165 = DIRECTION ( 'NONE',  ( 0.000000000000000000, -1.000000000000000000, 0.000000000000000000 ) ) ;
#2166 = DIRECTION ( 'NONE',  ( 1.000000000000000000, 0.000000000000000000, 0.000000000000000000 ) ) ;
#2167 = AXIS2_PLACEMENT_3D ( 'NONE', #4826, #1721, #792 ) ;
#2168 = CC_DESIGN_APPROVAL ( #5744, ( #3209 ) ) ;
#2169 = UNCERTAINTY_MEASURE_WITH_UNIT (LENGTH_MEASURE( 1.000000000000000082E-05 ), #1122, 'distance_accuracy_value', 'NONE');
#2170 = CIRCLE ( 'NONE', #3105, 35.45000000000000284 ) ;
#2171 = CARTESIAN_POINT ( 'NONE',  ( 16.02469464676909894, 16.02451242604034931, -30.99466388919134729 ) ) ;
#2172 = DIRECTION ( 'NONE',  ( 0.000000000000000000, 0.000000000000000000, 1.000000000000000000 ) ) ;
#2173 = CIRCLE ( 'NONE', #371, 7.500000000000000000 ) ;
#2174 = CARTESIAN_POINT ( 'NONE',  ( 10.25021645926311997, 31.31510118997304915, 20.00000000000000000 ) ) ;
#2175 = ORIENTED_EDGE ( 'NONE', *, *, #4901, .F. ) ;
#2176 = CARTESIAN_POINT ( 'NONE',  ( -5.663003490613150781, -21.13394936309670058, -9.001733877235640335 ) ) ;
#2177 = ORIENTED_EDGE ( 'NONE', *, *, #1827, .F. ) ;
#2178 = ORIENTED_EDGE ( 'NONE', *, *, #1960, .F. ) ;
#2179 = B_SPLINE_CURVE_WITH_KNOTS ( 'NONE', 3,
 ( #738, #3355, #4299, #5186, #636, #216, #665, #5246, #4327, #5161, #240, #2028, #1579, #1105, #5219, #2470, #1163, #1189, #3382, #689, #267, #2055, #3856, #3806, #4745, #3413, #4714, #2552, #3829, #5617, #2088, #5134, #5642, #2973 ),
 .UNSPECIFIED., .F., .F.,
 ( 4, 2, 2, 2, 2, 2, 2, 2, 2, 2, 2, 2, 2, 2, 2, 2, 4 ),
 ( 0.000000000000000000, 0.06250000000000004163, 0.1250000000000000833, 0.1875000000000001110, 0.2500000000000001665, 0.3125000000000001665, 0.3750000000000001110, 0.4375000000000001110, 0.5000000000000001110, 0.5625000000000000000, 0.6250000000000000000, 0.6874999999999998890, 0.7499999999999997780, 0.8124999999999998890, 0.8749999999999998890, 0.9375000000000000000, 1.000000000000000000 ),
 .UNSPECIFIED. ) ;
#2180 = AXIS2_PLACEMENT_3D ( 'NONE', #1448, #1416, #4199 ) ;
#2181 = CARTESIAN_POINT ( 'NONE',  ( -22.57253271669370065, -0.0002376664727475954759, -12.24027453730053949 ) ) ;
#2182 = FACE_OUTER_BOUND ( 'NONE', #3658, .T. ) ;
#2183 = DIRECTION ( 'NONE',  ( -0.2057846053710293832, 0.9785973105380423309, 0.000000000000000000 ) ) ;
#2184 = DIRECTION ( 'NONE',  ( 1.000000000000000000, 0.000000000000000000, 5.551115123125785858E-15 ) ) ;
#2185 = CARTESIAN_POINT ( 'NONE',  ( -8.114316311756788025, -20.56614352329765083, -6.694793289722619889 ) ) ;
#2186 = CARTESIAN_POINT ( 'NONE',  ( 0.000000000000000000, 0.000000000000000000, 20.00000000000000000 ) ) ;
#2187 = VERTEX_POINT ( 'NONE', #2908 ) ;
#2188 = DIRECTION ( 'NONE',  ( 0.000000000000000000, 0.000000000000000000, -1.000000000000000000 ) ) ;
#2189 = CARTESIAN_POINT ( 'NONE',  ( -22.45269176915224918, -9.299923092289709814, -20.76496339966604765 ) ) ;
#2190 = AXIS2_PLACEMENT_3D ( 'NONE', #3982, #5684, #5710 ) ;
#2191 = AXIS2_PLACEMENT_3D ( 'NONE', #3093, #1700, #3474 ) ;
#2192 = CARTESIAN_POINT ( 'NONE',  ( 22.00005644886349998, 2.879583100097664605, -32.10827761439389860 ) ) ;
#2193 = CALENDAR_DATE ( 2026, 22, 6 ) ;
#2194 = ORIENTED_EDGE ( 'NONE', *, *, #3922, .T. ) ;
#2195 = CARTESIAN_POINT ( 'NONE',  ( 22.24628918192508564, -0.000000000000000000, -29.97492070633631656 ) ) ;
#2196 = CARTESIAN_POINT ( 'NONE',  ( -17.22425722675369997, 17.22270335424344978, -15.39970357527314881 ) ) ;
#2197 = EDGE_CURVE ( 'NONE', #1626, #4541, #2644, .T. ) ;
#2198 = CARTESIAN_POINT ( 'NONE',  ( 13.48077440073374333, 17.57187852534890382, -13.25183972654722631 ) ) ;
#2199 = EDGE_CURVE ( 'NONE', #5279, #2612, #2548, .T. ) ;
#2200 = DIRECTION ( 'NONE',  ( 1.000000000000000000, 0.000000000000000000, 0.000000000000000000 ) ) ;
#2201 = FACE_OUTER_BOUND ( 'NONE', #641, .T. ) ;
#2202 = CARTESIAN_POINT ( 'NONE',  ( -17.72500000000000142, -30.70060056415830019, 17.50000000000000000 ) ) ;
#2203 = CARTESIAN_POINT ( 'NONE',  ( -15.95546953116304678, 15.95600760218749947, -16.00258339428619792 ) ) ;
#2204 = CARTESIAN_POINT ( 'NONE',  ( 0.000000000000000000, 0.000000000000000000, -32.50000000000000000 ) ) ;
#2205 = CARTESIAN_POINT ( 'NONE',  ( -33.31318758815234560, -4.520401831316919861, 0.000000000000000000 ) ) ;
#2206 = CARTESIAN_POINT ( 'NONE',  ( 22.81545230136359947, 0.000000000000000000, -32.40349006216965222 ) ) ;
#2207 = EDGE_LOOP ( 'NONE', ( #4427, #5223 ) ) ;
#2208 = DIRECTION ( 'NONE',  ( 0.000000000000000000, 0.000000000000000000, 1.000000000000000000 ) ) ;
#2209 = ORIENTED_EDGE ( 'NONE', *, *, #3248, .T. ) ;
#2210 = CARTESIAN_POINT ( 'NONE',  ( -20.85369194607039844, 8.637445260786480006, -24.99027453730050041 ) ) ;
#2211 = CARTESIAN_POINT ( 'NONE',  ( 22.10000000000000497, 1.446441617590930484, -20.37082975952373332 ) ) ;
#2212 = EDGE_CURVE ( 'NONE', #2803, #4938, #2371, .T. ) ;
#2213 = CARTESIAN_POINT ( 'NONE',  ( -22.10000000000000142, 2.706469426115649772E-15, 0.000000000000000000 ) ) ;
#2214 = CARTESIAN_POINT ( 'NONE',  ( -32.24478138222849566, 6.780602746975479711, 17.50000000000000000 ) ) ;
#2215 = CARTESIAN_POINT ( 'NONE',  ( -8.499290676166539882, -22.06220707783225166, -11.65649051946704162 ) ) ;
#2216 = ORIENTED_EDGE ( 'NONE', *, *, #1441, .F. ) ;
#2217 = AXIS2_PLACEMENT_3D ( 'NONE', #731, #4348, #2047 ) ;
#2218 = VECTOR ( 'NONE', #5639, 1000.000000000000000 ) ;
#2219 = DIRECTION ( 'NONE',  ( 0.3110839593099539169, -0.9503824336865885902, 0.000000000000000000 ) ) ;
#2220 = CARTESIAN_POINT ( 'NONE',  ( 0.0009398366113188910079, 22.57205651169550009, -24.00000000000000000 ) ) ;
#2221 = EDGE_CURVE ( 'NONE', #2114, #4176, #2173, .T. ) ;
#2222 = CARTESIAN_POINT ( 'NONE',  ( 8.638857788237881863, -20.85351894947485007, -22.60827761439395189 ) ) ;
#2223 = DATE_AND_TIME ( #3101, #3739 ) ;
#2224 = ORIENTED_EDGE ( 'NONE', *, *, #4719, .F. ) ;
#2225 = EDGE_CURVE ( 'NONE', #3561, #3579, #5240, .T. ) ;
#2226 = LINE ( 'NONE', #2632, #2409 ) ;
#2227 = CARTESIAN_POINT ( 'NONE',  ( 9.222062098367780791, -22.26588498761569923, -22.31242905611420113 ) ) ;
#2228 = CARTESIAN_POINT ( 'NONE',  ( 0.0009398366113188839606, 22.57205651169550009, -24.00000000000000000 ) ) ;
#2229 = SPHERICAL_SURFACE ( 'NONE', #2458, 2.500000000000000000 ) ;
#2230 = CARTESIAN_POINT ( 'NONE',  ( 27.03449844299759874, -21.99456492296560128, 0.000000000000000000 ) ) ;
#2231 = CARTESIAN_POINT ( 'NONE',  ( 8.958400479054031251, 21.62685325336815012, -18.15349006216964867 ) ) ;
#2232 = CARTESIAN_POINT ( 'NONE',  ( -26.58986581671794980, -20.57137661531030304, 17.50000000000000000 ) ) ;
#2233 = DIRECTION ( 'NONE',  ( 1.000000000000000000, 0.000000000000000000, 0.000000000000000000 ) ) ;
#2234 = CARTESIAN_POINT ( 'NONE',  ( -16.18185374033314972, 16.18161752986254953, -27.99402064658085010 ) ) ;
#2235 = ORIENTED_EDGE ( 'NONE', *, *, #2918, .F. ) ;
#2236 = CARTESIAN_POINT ( 'NONE',  ( -5.791039911260360107, -21.61250013785249990, -9.179605078751260194 ) ) ;
#2237 = AXIS2_PLACEMENT_3D ( 'NONE', #1529, #1501, #5221 ) ;
#2238 = ORIENTED_EDGE ( 'NONE', *, *, #3300, .T. ) ;
#2239 = CARTESIAN_POINT ( 'NONE',  ( 15.96193763242539987, 15.96246652511745090, -18.85827761439400163 ) ) ;
#2240 = CARTESIAN_POINT ( 'NONE',  ( -20.85382499533929845, 8.637462832827608850, -21.75000000000000000 ) ) ;
#2241 = DIRECTION ( 'NONE',  ( 0.000000000000000000, 0.000000000000000000, -1.000000000000000000 ) ) ;
#2242 = CARTESIAN_POINT ( 'NONE',  ( 6.780602746975449513, 32.24478138222849566, 20.00000000000000000 ) ) ;
#2243 = CARTESIAN_POINT ( 'NONE',  ( -8.163741086559820559, -20.80860588632810249, -12.50727049022719939 ) ) ;
#2244 = DIRECTION ( 'NONE',  ( 1.000000000000000000, 0.000000000000000000, 0.000000000000000000 ) ) ;
#2245 = ORIENTED_EDGE ( 'NONE', *, *, #1917, .F. ) ;
#2246 = B_SPLINE_CURVE_WITH_KNOTS ( 'NONE', 3,
 ( #2815, #1990, #5125, #3795, #1962, #570, #2934, #3768, #5576, #1066, #2872, #4265, #4678, #5549, #4705, #3712, #4181, #5523, #652, #3344, #3261, #2018, #5066, #207, #1009, #129, #4617, #3737, #4233, #5605, #1542, #1093, #3819, #3369 ),
 .UNSPECIFIED., .F., .F.,
 ( 4, 2, 2, 2, 2, 2, 2, 2, 2, 2, 2, 2, 2, 2, 2, 2, 4 ),
 ( 0.000000000000000000, 0.06250000000000008327, 0.1250000000000001665, 0.1875000000000001665, 0.2500000000000001665, 0.3125000000000001665, 0.3750000000000002220, 0.4375000000000002220, 0.5000000000000002220, 0.5625000000000003331, 0.6250000000000002220, 0.6875000000000002220, 0.7500000000000002220, 0.8125000000000002220, 0.8750000000000001110, 0.9375000000000001110, 1.000000000000000000 ),
 .UNSPECIFIED. ) ;
#2247 = CARTESIAN_POINT ( 'NONE',  ( -26.58986581671790361, 20.57137661531040251, 0.000000000000000000 ) ) ;
#2248 = CARTESIAN_POINT ( 'NONE',  ( -5.766542037747940164, -21.52093653204430268, -6.500000000000000000 ) ) ;
#2249 = CARTESIAN_POINT ( 'NONE',  ( 15.96193763242539987, 15.96246652511745090, -18.85827761439400163 ) ) ;
#2250 = CONTEXT_DEPENDENT_SHAPE_REPRESENTATION ( #2869, #5422 ) ;
#2251 = ORIENTED_EDGE ( 'NONE', *, *, #3009, .T. ) ;
#2252 = AXIS2_PLACEMENT_3D ( 'NONE', #3266, #988, #5071 ) ;
#2253 = CARTESIAN_POINT ( 'NONE',  ( 22.10000000000000142, 0.000000000000000000, -30.06836298473314883 ) ) ;
#2254 = CARTESIAN_POINT ( 'NONE',  ( 24.79884903824749998, 0.000000000000000000, -29.85399774898194991 ) ) ;
#2255 = CARTESIAN_POINT ( 'NONE',  ( 22.00080956644464791, 2.879696452938555140, -27.33914082496370312 ) ) ;
#2256 = DIRECTION ( 'NONE',  ( 1.000000000000000000, 0.000000000000000000, -5.551115123125781913E-15 ) ) ;
#2257 = CARTESIAN_POINT ( 'NONE',  ( 19.17907833842018306, -11.07542989873706318, -16.00184737123750267 ) ) ;
#2258 = DIRECTION ( 'NONE',  ( 1.000000000000000000, 0.000000000000000000, 0.000000000000000000 ) ) ;
#2259 = CARTESIAN_POINT ( 'NONE',  ( 22.30178640322194994, 0.000000000000000000, -32.49402064658085010 ) ) ;
#2260 = CARTESIAN_POINT ( 'NONE',  ( 24.53449844299759874, -21.99456492296560128, 17.50000000000000000 ) ) ;
#2261 = DIRECTION ( 'NONE',  ( 0.000000000000000000, 0.000000000000000000, 1.000000000000000000 ) ) ;
#2262 = CARTESIAN_POINT ( 'NONE',  ( 16.55174668164475094, -16.55241688153299862, -21.90349006216970196 ) ) ;
#2263 = CIRCLE ( 'NONE', #3778, 32.95000000000000284 ) ;
#2264 = EDGE_CURVE ( 'NONE', #1299, #2950, #1325, .T. ) ;
#2265 = CARTESIAN_POINT ( 'NONE',  ( -30.70060056415834993, 17.72500000000000142, 0.000000000000000000 ) ) ;
#2266 = VECTOR ( 'NONE', #3325, 1000.000000000000000 ) ;
#2267 = CARTESIAN_POINT ( 'NONE',  ( -5.660495459448209310, -21.12457530959669683, -9.717369019940290897 ) ) ;
#2268 = ORIENTED_EDGE ( 'NONE', *, *, #2456, .T. ) ;
#2269 = AXIS2_PLACEMENT_3D ( 'NONE', #339, #5768, #4838 ) ;
#2270 = CARTESIAN_POINT ( 'NONE',  ( 15.96245414162549636, 15.96231225945244780, -30.52299471345094872 ) ) ;
#2271 = CARTESIAN_POINT ( 'NONE',  ( 9.793641660723112707, 19.86420842556903210, -18.37085208494209709 ) ) ;
#2272 = CARTESIAN_POINT ( 'NONE',  ( -22.09999999999999787, 1.394420060242138160, -21.12242626781612387 ) ) ;
#2273 = CARTESIAN_POINT ( 'NONE',  ( 34.69127465857359738, -7.295064260403149703, 20.00000000000000000 ) ) ;
#2274 = CARTESIAN_POINT ( 'NONE',  ( -23.20060056415834993, 17.72500000000000142, 17.50000000000000000 ) ) ;
#2275 = CARTESIAN_POINT ( 'NONE',  ( -26.58986581671790361, 20.57137661531040251, 17.50000000000000000 ) ) ;
#2276 = ORIENTED_EDGE ( 'NONE', *, *, #2013, .T. ) ;
#2277 = ORIENTED_EDGE ( 'NONE', *, *, #3495, .T. ) ;
#2278 = VERTEX_POINT ( 'NONE', #4294 ) ;
#2279 = ADVANCED_FACE ( 'NONE', ( #4740 ), #2048, .T. ) ;
#2280 = DIRECTION ( 'NONE',  ( 1.000000000000000000, 0.000000000000000000, 0.000000000000000000 ) ) ;
#2281 = EDGE_CURVE ( 'NONE', #3389, #2557, #118, .T. ) ;
#2282 = CARTESIAN_POINT ( 'NONE',  ( 21.11950825027924594, -8.747841971223138557, -15.75000000000000000 ) ) ;
#2283 = CARTESIAN_POINT ( 'NONE',  ( 21.99936360127519563, 0.000000000000000000, -32.41339838996569966 ) ) ;
#2284 = ORIENTED_EDGE ( 'NONE', *, *, #2492, .F. ) ;
#2285 = DIRECTION ( 'NONE',  ( 0.000000000000000000, 0.000000000000000000, -1.000000000000000000 ) ) ;
#2286 = CARTESIAN_POINT ( 'NONE',  ( 22.93046428806939829, 9.500823085970040438, -18.73658235219505030 ) ) ;
#2287 = CARTESIAN_POINT ( 'NONE',  ( -8.637655642632740438, 20.85415846348255187, -23.25000000000000000 ) ) ;
#2288 = DIRECTION ( 'NONE',  ( 1.000000000000000000, 0.000000000000000000, 0.000000000000000000 ) ) ;
#2289 = CARTESIAN_POINT ( 'NONE',  ( 20.97126691143462907, -7.120966049804228426, -15.62684171303336100 ) ) ;
#2290 = CARTESIAN_POINT ( 'NONE',  ( 21.64887678419544770, 0.000000000000000000, -29.49790894081365167 ) ) ;
#2291 = CARTESIAN_POINT ( 'NONE',  ( -16.55236052368844923, 16.55191232884299879, -15.90349006216965044 ) ) ;
#2292 = DIRECTION ( 'NONE',  ( 0.000000000000000000, -1.000000000000000000, 5.551115123125785858E-15 ) ) ;
#2293 = CARTESIAN_POINT ( 'NONE',  ( -24.53449844299769822, -21.99456492296550181, 20.00000000000000000 ) ) ;
#2294 = CARTESIAN_POINT ( 'NONE',  ( 22.02418166527830223, -9.122922874531438353, -20.97515453695520193 ) ) ;
#2295 = CARTESIAN_POINT ( 'NONE',  ( 27.03449844299759874, -21.99456492296560128, 20.00000000000000000 ) ) ;
#2296 = CARTESIAN_POINT ( 'NONE',  ( -8.252575029825990782, -21.19842783622105387, -6.812942313163349972 ) ) ;
#2297 = ORIENTED_EDGE ( 'NONE', *, *, #4611, .T. ) ;
#2298 = CARTESIAN_POINT ( 'NONE',  ( -20.85666816505055010, -8.640209433516950810, -13.27299471345093806 ) ) ;
#2299 = CARTESIAN_POINT ( 'NONE',  ( 24.58721493675962577, 2.484641142642697087, -30.08408397432011938 ) ) ;
#2300 = CARTESIAN_POINT ( 'NONE',  ( 20.14144292982374296, 9.201993480168241035, -26.18357132980679580 ) ) ;
#2301 = SPHERICAL_SURFACE ( 'NONE', #4268, 2.500000000000000000 ) ;
#2302 = CARTESIAN_POINT ( 'NONE',  ( -8.798034378449441917, -23.11803115180159907, -9.922090150007390363 ) ) ;
#2303 = FACE_OUTER_BOUND ( 'NONE', #1280, .T. ) ;
#2304 = ORIENTED_EDGE ( 'NONE', *, *, #2349, .T. ) ;
#2305 = ORIENTED_EDGE ( 'NONE', *, *, #2878, .T. ) ;
#2306 = EDGE_CURVE ( 'NONE', #3280, #5729, #4177, .T. ) ;
#2307 = DIRECTION ( 'NONE',  ( -0.8660254037844389297, -0.4999999999999995559, 0.000000000000000000 ) ) ;
#2308 = CARTESIAN_POINT ( 'NONE',  ( 8.748113572018811013, 21.12033857161785377, -12.75000000000000000 ) ) ;
#2309 = CARTESIAN_POINT ( 'NONE',  ( -15.95978099168639908, 15.96031359448680043, -15.85827761439395012 ) ) ;
#2310 = ORIENTED_EDGE ( 'NONE', *, *, #1779, .T. ) ;
#2311 = AXIS2_PLACEMENT_3D ( 'NONE', #4960, #25, #3157 ) ;
#2312 = ORIENTED_EDGE ( 'NONE', *, *, #4485, .F. ) ;
#2313 = CARTESIAN_POINT ( 'NONE',  ( -22.92955694618214579, -9.497465131117001746, -24.73658235219500057 ) ) ;
#2314 = CARTESIAN_POINT ( 'NONE',  ( -20.85380080456314644, 8.637459637911049981, -22.33914082496374931 ) ) ;
#2315 = DIRECTION ( 'NONE',  ( -0.2057846053710215006, -0.9785973105380441073, 0.000000000000000000 ) ) ;
#2316 = DIRECTION ( 'NONE',  ( 0.000000000000000000, 0.000000000000000000, 1.000000000000000000 ) ) ;
#2317 = CARTESIAN_POINT ( 'NONE',  ( 23.74225828463330146, 2.500109831099170066, -27.51083406751370219 ) ) ;
#2318 = EDGE_CURVE ( 'NONE', #1380, #1533, #1057, .T. ) ;
#2319 = CARTESIAN_POINT ( 'NONE',  ( -0.0004305102186143854883, 22.88114177868409982, -17.49402064658089984 ) ) ;
#2320 = CARTESIAN_POINT ( 'NONE',  ( -21.75855161278525429, -4.468576648886983804, -14.10968586954221138 ) ) ;
#2321 = CARTESIAN_POINT ( 'NONE',  ( -10.25021645926296010, 31.31510118997309888, 17.50000000000000000 ) ) ;
#2322 = CARTESIAN_POINT ( 'NONE',  ( 23.48833217909759696, 0.000000000000000000, -32.06242905611415495 ) ) ;
#2323 = DIRECTION ( 'NONE',  ( 0.000000000000000000, 0.000000000000000000, 1.000000000000000000 ) ) ;
#2324 = CARTESIAN_POINT ( 'NONE',  ( -5.717768097579759790, -21.33863834893834976, -9.654592427595201087 ) ) ;
#2325 = ORIENTED_EDGE ( 'NONE', *, *, #378, .F. ) ;
#2326 = CARTESIAN_POINT ( 'NONE',  ( -8.637343499421618276, 20.85338353923834731, -28.60827761439389860 ) ) ;
#2327 = CARTESIAN_POINT ( 'NONE',  ( 24.61698124335759985, 2.489595161402857304, -29.23047401984209515 ) ) ;
#2328 = CARTESIAN_POINT ( 'NONE',  ( 31.11026764803489897, 12.74181097284184006, 0.000000000000000000 ) ) ;
#2329 = DIRECTION ( 'NONE',  ( 0.000000000000000000, -1.000000000000000000, 5.551115123125781913E-15 ) ) ;
#2330 = CARTESIAN_POINT ( 'NONE',  ( -8.474243214708888416, -21.87238168988634968, -11.81790795340561928 ) ) ;
#2331 = EDGE_CURVE ( 'NONE', #343, #3572, #3772, .T. ) ;
#2332 = CARTESIAN_POINT ( 'NONE',  ( 0.000000000000000000, 35.45000000000000284, 0.000000000000000000 ) ) ;
#2333 = ORIENTED_EDGE ( 'NONE', *, *, #1164, .T. ) ;
#2334 = EDGE_LOOP ( 'NONE', ( #3043, #3539, #3597, #4015 ) ) ;
#2335 = DIRECTION ( 'NONE',  ( 0.000000000000000000, 0.000000000000000000, 1.000000000000000000 ) ) ;
#2336 = CARTESIAN_POINT ( 'NONE',  ( 20.85452811977734910, 8.639366349525868571, -26.25000000000000000 ) ) ;
#2337 = CARTESIAN_POINT ( 'NONE',  ( 8.636532171835700211, -20.84788496382144984, -22.75258339428614818 ) ) ;
#2338 = AXIS2_PLACEMENT_3D ( 'NONE', #1340, #3174, #4977 ) ;
#2339 = EDGE_LOOP ( 'NONE', ( #171, #4774, #554, #1550, #1952, #5621, #5322, #1585, #1313, #3213, #1828, #2905, #1224, #5804, #3001, #1222, #2529, #488, #3559, #5449, #4702, #3861, #3089, #4077, #4520, #30, #3990, #3097, #2863, #3210, #2989, #190, #3934, #1734, #1770, #878, #1614, #1407, #4416, #2486, #1697, #5532, #4750, #5594, #3927, #2129, #5819, #1819, #5791, #5755, #1082, #2397, #1543, #1001 ) ) ;
#2340 = AXIS2_PLACEMENT_3D ( 'NONE', #1582, #4773, #3782 ) ;
#2341 = ORIENTED_EDGE ( 'NONE', *, *, #4007, .F. ) ;
#2342 = CARTESIAN_POINT ( 'NONE',  ( -17.54910128346265097, -17.55023719254070258, -23.98658235219505030 ) ) ;
#2343 = CARTESIAN_POINT ( 'NONE',  ( 8.637092499873579854, 20.85302587620019921, -24.75000000000000000 ) ) ;
#2344 = FACE_OUTER_BOUND ( 'NONE', #1290, .T. ) ;
#2345 = CARTESIAN_POINT ( 'NONE',  ( 20.00000000000000000, 2.449293598294704935E-15, 0.000000000000000000 ) ) ;
#2346 = CARTESIAN_POINT ( 'NONE',  ( 22.35789436347115000, 0.000000000000000000, -29.87051966324715124 ) ) ;
#2347 = CIRCLE ( 'NONE', #3849, 2.500000000000000444 ) ;
#2348 = ADVANCED_FACE ( 'NONE', ( #3323 ), #402, .F. ) ;
#2349 = EDGE_CURVE ( 'NONE', #3404, #939, #4648, .T. ) ;
#2350 = VECTOR ( 'NONE', #4636, 1000.000000000000000 ) ;
#2351 = CARTESIAN_POINT ( 'NONE',  ( 0.0003273113676243685527, 23.40843688262535238, -29.40349006216965222 ) ) ;
#2352 = DIRECTION ( 'NONE',  ( 0.000000000000000000, 0.000000000000000000, 1.000000000000000000 ) ) ;
#2353 = CARTESIAN_POINT ( 'NONE',  ( -8.305618534890098622E-14, -35.45000000000000284, 17.50000000000000000 ) ) ;
#2354 = CARTESIAN_POINT ( 'NONE',  ( 17.04151006044805072, 17.04084916933349803, -30.56242905611409810 ) ) ;
#2355 = CARTESIAN_POINT ( 'NONE',  ( -30.70060056415834993, 17.72500000000000142, 17.50000000000000000 ) ) ;
#2356 = CARTESIAN_POINT ( 'NONE',  ( -8.063326809023608988, -20.46852463028739777, -6.716694900420260517 ) ) ;
#2357 = EDGE_LOOP ( 'NONE', ( #4201, #3353, #3032 ) ) ;
#2358 = CARTESIAN_POINT ( 'NONE',  ( 15.96219249471644908, -15.96241705362794860, -21.52299471345104820 ) ) ;
#2359 = CARTESIAN_POINT ( 'NONE',  ( 24.63805951647675485, 2.488106097630738311, -29.51915678236294127 ) ) ;
#2360 = CC_DESIGN_APPROVAL ( #4362, ( #1546 ) ) ;
#2361 = CARTESIAN_POINT ( 'NONE',  ( -20.57137661531034922, 26.58986581671790361, 0.000000000000000000 ) ) ;
#2362 = CARTESIAN_POINT ( 'NONE',  ( -8.715383521456351090, -22.78424115196400024, -10.86495444437749924 ) ) ;
#2363 = CARTESIAN_POINT ( 'NONE',  ( 21.95908253317000103, 2.491725165709020029, -26.78608859909139639 ) ) ;
#2364 = ORIENTED_EDGE ( 'NONE', *, *, #5732, .T. ) ;
#2365 = VECTOR ( 'NONE', #4797, 1000.000000000000000 ) ;
#2366 = AXIS2_PLACEMENT_3D ( 'NONE', #1451, #4555, #2805 ) ;
#2367 = TOROIDAL_SURFACE ( 'NONE', #3582, 32.95000000000000284, 2.500000000000000000 ) ;
#2368 = ORIENTED_EDGE ( 'NONE', *, *, #4930, .T. ) ;
#2369 = DIRECTION ( 'NONE',  ( 0.000000000000000000, 0.000000000000000000, 1.000000000000000000 ) ) ;
#2370 = DIRECTION ( 'NONE',  ( 1.000000000000000000, 0.000000000000000000, 0.000000000000000000 ) ) ;
#2371 = CIRCLE ( 'NONE', #4723, 2.499999999999999556 ) ;
#2372 = CIRCLE ( 'NONE', #102, 7.500000000000003553 ) ;
#2373 = CARTESIAN_POINT ( 'NONE',  ( -0.0007234013460025970517, 22.56459378609165256, -17.50258339428624765 ) ) ;
#2374 = PERSON_AND_ORGANIZATION ( #1484, #3644 ) ;
#2375 = ORIENTED_EDGE ( 'NONE', *, *, #2956, .T. ) ;
#2376 = CIRCLE ( 'NONE', #3701, 2.500000000000000444 ) ;
#2377 = CARTESIAN_POINT ( 'NONE',  ( 17.85687230771264922, 17.85584899426559602, -29.24954139175615353 ) ) ;
#2378 = CARTESIAN_POINT ( 'NONE',  ( 22.57262025819954943, -0.0009926948960935729534, -18.24027453730040094 ) ) ;
#2379 = CYLINDRICAL_SURFACE ( 'NONE', #2052, 35.45000000000000284 ) ;
#2380 = CARTESIAN_POINT ( 'NONE',  ( 24.32786612382044922, 2.496498729593919830, -28.27462752122620060 ) ) ;
#2381 = EDGE_LOOP ( 'NONE', ( #4735, #5766, #2922, #5620 ) ) ;
#2382 = ADVANCED_FACE ( 'NONE', ( #4205 ), #4928, .T. ) ;
#2383 = CARTESIAN_POINT ( 'NONE',  ( 23.83952791461785026, 0.0003980364459982994852, -20.22515453695515220 ) ) ;
#2384 = LINE ( 'NONE', #3177, #2841 ) ;
#2385 = CARTESIAN_POINT ( 'NONE',  ( 22.08797842596934302, 0.7288772849866939074, -28.67917403185158776 ) ) ;
#2386 = AXIS2_PLACEMENT_3D ( 'NONE', #5284, #4865, #4425 ) ;
#2387 = CARTESIAN_POINT ( 'NONE',  ( -22.02609887511905029, -9.123205769224599138, -13.47515453695517884 ) ) ;
#2388 = CIRCLE ( 'NONE', #287, 2.500000000000000000 ) ;
#2389 = CARTESIAN_POINT ( 'NONE',  ( -9.220960529172399944, -22.26576429903154875, -23.81242905611415139 ) ) ;
#2390 = CARTESIAN_POINT ( 'NONE',  ( -8.079446081123389689, -20.53082010021494952, -6.716754845584630651 ) ) ;
#2391 = CARTESIAN_POINT ( 'NONE',  ( 20.85237154774375057, -8.637000549672169569, -21.16339838996569966 ) ) ;
#2392 = CARTESIAN_POINT ( 'NONE',  ( 24.51764406153047560, 2.482901157242009216, -30.36047138446077653 ) ) ;
#2393 = DIRECTION ( 'NONE',  ( 0.000000000000000000, 0.000000000000000000, -1.000000000000000000 ) ) ;
#2394 = CARTESIAN_POINT ( 'NONE',  ( 23.59431222781727300, 2.500050231769407549, -27.40790188809026873 ) ) ;
#2395 = CARTESIAN_POINT ( 'NONE',  ( -12.75021645926302050, -31.31510118997309888, 0.000000000000000000 ) ) ;
#2396 = VERTEX_POINT ( 'NONE', #5652 ) ;
#2397 = ORIENTED_EDGE ( 'NONE', *, *, #5669, .T. ) ;
#2398 = DIRECTION ( 'NONE',  ( 0.000000000000000000, 0.000000000000000000, 1.000000000000000000 ) ) ;
#2399 = ORIENTED_EDGE ( 'NONE', *, *, #5290, .F. ) ;
#2400 = FACE_OUTER_BOUND ( 'NONE', #2445, .T. ) ;
#2401 = DIRECTION ( 'NONE',  ( 1.000000000000000000, 0.000000000000000000, 0.000000000000000000 ) ) ;
#2402 = CARTESIAN_POINT ( 'NONE',  ( -22.56557901269830069, -0.0002270610029111180155, -14.50258339428630094 ) ) ;
#2403 = EDGE_CURVE ( 'NONE', #1237, #693, #3977, .T. ) ;
#2404 = CARTESIAN_POINT ( 'NONE',  ( 9.543464570194659657, 23.03716209009790106, -25.92001597436710014 ) ) ;
#2405 = CARTESIAN_POINT ( 'NONE',  ( 22.00080694968209727, 2.879692713138169768, -28.51742247489114845 ) ) ;
#2406 = CARTESIAN_POINT ( 'NONE',  ( 22.01237694770679809, 0.009150302468770370526, -32.50000000000000000 ) ) ;
#2407 = CARTESIAN_POINT ( 'NONE',  ( 21.95850544669005444, 0.000000000000000000, -29.36384305825169960 ) ) ;
#2408 = EDGE_CURVE ( 'NONE', #1455, #5733, #2663, .T. ) ;
#2409 = VECTOR ( 'NONE', #885, 1000.000000000000000 ) ;
#2410 = TOROIDAL_SURFACE ( 'NONE', #416, 32.95000000000000284, 2.500000000000000000 ) ;
#2411 = CARTESIAN_POINT ( 'NONE',  ( 16.85802854183075183, 16.85745214783170098, -30.72515453695509891 ) ) ;
#2412 = DIRECTION ( 'NONE',  ( 1.000000000000000000, 0.000000000000000000, 0.000000000000000000 ) ) ;
#2413 = DIRECTION ( 'NONE',  ( 0.000000000000000000, 0.000000000000000000, -1.000000000000000000 ) ) ;
#2414 = CARTESIAN_POINT ( 'NONE',  ( 9.223317749120930387, 22.26518096583989959, -17.81242905611419758 ) ) ;
#2415 = DIRECTION ( 'NONE',  ( 1.000000000000000000, 0.000000000000000000, 0.000000000000000000 ) ) ;
#2416 = CARTESIAN_POINT ( 'NONE',  ( -8.638932888918020581, -22.66439132661434996, -7.867806138110000624 ) ) ;
#2417 = ORIENTED_EDGE ( 'NONE', *, *, #555, .T. ) ;
#2418 = CARTESIAN_POINT ( 'NONE',  ( 8.637101995397069132, 20.85268572499220241, -18.16339838996569966 ) ) ;
#2419 = FACE_OUTER_BOUND ( 'NONE', #1248, .T. ) ;
#2420 = CARTESIAN_POINT ( 'NONE',  ( -23.66334830103575371, 26.39599301378654772, 20.00000000000000000 ) ) ;
#2421 = PLANE ( 'NONE',  #5253 ) ;
#2422 = CARTESIAN_POINT ( 'NONE',  ( -5.773303444214037405, -21.54620806249192100, -9.553456956547776713 ) ) ;
#2423 = VERTEX_POINT ( 'NONE', #5200 ) ;
#2424 = VERTEX_POINT ( 'NONE', #3394 ) ;
#2425 = CARTESIAN_POINT ( 'NONE',  ( 22.57256851625639982, -0.0009763314575592579392, -16.76742247489115201 ) ) ;
#2426 = DIRECTION ( 'NONE',  ( 0.000000000000000000, 0.000000000000000000, -1.000000000000000000 ) ) ;
#2427 = CARTESIAN_POINT ( 'NONE',  ( -17.02408584169622330, -14.26333692139080611, -7.669332580386631903 ) ) ;
#2428 = CARTESIAN_POINT ( 'NONE',  ( -8.638315961421229261, 20.85668744434800104, -16.70525588809359618 ) ) ;
#2429 = CARTESIAN_POINT ( 'NONE',  ( 17.90483286213635239, 17.90382663579705280, -27.43923983770065433 ) ) ;
#2430 = CARTESIAN_POINT ( 'NONE',  ( -0.0006956952366693091227, 22.57144757816930181, -15.24027453730050041 ) ) ;
#2431 = CARTESIAN_POINT ( 'NONE',  ( 22.01287891619545078, 0.009085893462195781048, -32.50000000000000000 ) ) ;
#2432 = ORIENTED_EDGE ( 'NONE', *, *, #2212, .T. ) ;
#2433 = CARTESIAN_POINT ( 'NONE',  ( -0.0002362082391505889931, 24.09843480153674733, -29.06242905611415139 ) ) ;
#2434 = DIRECTION ( 'NONE',  ( 0.000000000000000000, 0.000000000000000000, -1.000000000000000000 ) ) ;
#2435 = CARTESIAN_POINT ( 'NONE',  ( -22.10000000000000142, -3.014506772600575066E-11, -14.49589534044019956 ) ) ;
#2436 = DIRECTION ( 'NONE',  ( 1.000000000000000000, 0.000000000000000000, 2.775557561562892929E-15 ) ) ;
#2437 = CARTESIAN_POINT ( 'NONE',  ( -9.221728171538369878, 22.26372680763894962, -16.31242905611420113 ) ) ;
#2438 = AXIS2_PLACEMENT_3D ( 'NONE', #3442, #5754, #269 ) ;
#2439 = CARTESIAN_POINT ( 'NONE',  ( 0.001005878615055192087, 22.57157421255080010, -29.41339838996570322 ) ) ;
#2440 = DIRECTION ( 'NONE',  ( 0.000000000000000000, 0.000000000000000000, 1.000000000000000000 ) ) ;
#2441 = EDGE_CURVE ( 'NONE', #939, #5279, #2924, .T. ) ;
#2442 = ADVANCED_FACE ( 'NONE', ( #5143 ), #4729, .T. ) ;
#2443 = CARTESIAN_POINT ( 'NONE',  ( 26.39599301378664720, 23.66334830103565068, 17.50000000000000000 ) ) ;
#2444 = SPHERICAL_SURFACE ( 'NONE', #5653, 2.500000000000000000 ) ;
#2445 = EDGE_LOOP ( 'NONE', ( #4572, #896 ) ) ;
#2446 = ORIENTED_EDGE ( 'NONE', *, *, #3393, .F. ) ;
#2447 = CARTESIAN_POINT ( 'NONE',  ( -22.57266373321159847, -0.0002571224954794390353, -9.000000000000000000 ) ) ;
#2448 = ORIENTED_EDGE ( 'NONE', *, *, #3139, .T. ) ;
#2449 = EDGE_CURVE ( 'NONE', #78, #3638, #5525, .T. ) ;
#2450 = CARTESIAN_POINT ( 'NONE',  ( 26.58986581671785032, -20.57137661531045225, 17.50000000000000000 ) ) ;
#2451 = CARTESIAN_POINT ( 'NONE',  ( 20.85443714911600210, 8.637860353006990621, -14.25000000000000000 ) ) ;
#2452 = CARTESIAN_POINT ( 'NONE',  ( -20.84726013112105036, 8.634802175997339901, -27.25258339428630094 ) ) ;
#2453 = PRODUCT_DEFINITION_FORMATION_WITH_SPECIFIED_SOURCE ( 'ANY', '', #84, .NOT_KNOWN. ) ;
#2454 = TOROIDAL_SURFACE ( 'NONE', #182, 7.500000000000000000, 2.500000000000000000 ) ;
#2455 = ADVANCED_FACE ( 'NONE', ( #1930 ), #5408, .T. ) ;
#2456 = EDGE_CURVE ( 'NONE', #3250, #2950, #3891, .T. ) ;
#2457 = VECTOR ( 'NONE', #2434, 1000.000000000000000 ) ;
#2458 = AXIS2_PLACEMENT_3D ( 'NONE', #949, #5428, #535 ) ;
#2459 = CARTESIAN_POINT ( 'NONE',  ( 25.44183398333404966, 0.002211372008022050115, -17.85399774898199610 ) ) ;
#2460 = CARTESIAN_POINT ( 'NONE',  ( -8.637649166712931148, 20.85413486767250291, -25.01742247489114845 ) ) ;
#2461 = CARTESIAN_POINT ( 'NONE',  ( 22.01038308249440334, 0.008747074275153709361, -32.50000000000000000 ) ) ;
#2462 = ORIENTED_EDGE ( 'NONE', *, *, #3480, .T. ) ;
#2463 = CARTESIAN_POINT ( 'NONE',  ( -22.02446584437145205, -9.122378783578021455, -25.47515453695525167 ) ) ;
#2464 = DIRECTION ( 'NONE',  ( 0.9966378054316041846, -0.08193341677530388556, 0.000000000000000000 ) ) ;
#2465 = DIRECTION ( 'NONE',  ( 1.000000000000000000, 0.000000000000000000, -4.163336342344339393E-15 ) ) ;
#2466 = DIRECTION ( 'NONE',  ( -1.000000000000000000, 1.224646799147351975E-16, 0.000000000000000000 ) ) ;
#2467 = CARTESIAN_POINT ( 'NONE',  ( 21.79678741961595279, 9.922939460494109909, -31.24509754759179714 ) ) ;
#2468 = B_SPLINE_CURVE_WITH_KNOTS ( 'NONE', 3,
 ( #2435, #1996, #3326, #3800, #1071, #2882, #5130, #1446, #4240, #4684, #632, #3872, #3536, #3980, #2713, #5850, #799, #5821, #5341, #4514, #5373, #2271, #1283, #5793, #3092, #3507, #1254, #1730, #1354, #2617, #2683, #5411, #2211, #1794 ),
 .UNSPECIFIED., .F., .F.,
 ( 4, 2, 2, 2, 2, 2, 2, 2, 2, 2, 2, 2, 2, 2, 2, 2, 4 ),
 ( 0.000000000000000000, 0.06249999999999997224, 0.1249999999999999445, 0.1874999999999999167, 0.2499999999999998890, 0.3124999999999998890, 0.3749999999999998335, 0.4374999999999997780, 0.4999999999999997780, 0.5624999999999997780, 0.6249999999999997780, 0.6874999999999996669, 0.7499999999999996669, 0.8124999999999997780, 0.8749999999999997780, 0.9374999999999998890, 1.000000000000000000 ),
 .UNSPECIFIED. ) ;
#2469 = CARTESIAN_POINT ( 'NONE',  ( 21.99936360127519563, 0.000000000000000000, -32.41339838996569966 ) ) ;
#2470 = CARTESIAN_POINT ( 'NONE',  ( 2.892847469061306409, -21.95754145786460398, -23.24585170880198959 ) ) ;
#2471 = CIRCLE ( 'NONE', #3229, 2.499999999999998224 ) ;
#2472 = DIRECTION ( 'NONE',  ( -4.163336342344339393E-15, -2.775557561562894901E-15, -1.000000000000000000 ) ) ;
#2473 = DIRECTION ( 'NONE',  ( -1.000000000000000000, 0.000000000000000000, 0.000000000000000000 ) ) ;
#2474 = CARTESIAN_POINT ( 'NONE',  ( -5.789799755524082769, -21.60786491386382124, -9.449095668731867903 ) ) ;
#2475 = ORIENTED_EDGE ( 'NONE', *, *, #2130, .T. ) ;
#2476 = ORIENTED_EDGE ( 'NONE', *, *, #3540, .T. ) ;
#2477 = CARTESIAN_POINT ( 'NONE',  ( -6.620838523790829377, -20.99990240647115058, -7.172474158297089453 ) ) ;
#2478 = CARTESIAN_POINT ( 'NONE',  ( -7.295064260403100853, -34.69127465857359738, 0.000000000000000000 ) ) ;
#2479 = CARTESIAN_POINT ( 'NONE',  ( -17.72500000000000142, -30.70060056415830019, 17.50000000000000000 ) ) ;
#2480 = CARTESIAN_POINT ( 'NONE',  ( 21.14071107361039736, 8.757311000783710497, -31.74402064658094602 ) ) ;
#2481 = EDGE_CURVE ( 'NONE', #1860, #3533, #1435, .T. ) ;
#2482 = CARTESIAN_POINT ( 'NONE',  ( -7.461120380706840471, -23.67194178102780100, -9.437331082315299824 ) ) ;
#2483 = CARTESIAN_POINT ( 'NONE',  ( 15.96030702197164963, 15.96020567612334951, -28.74027453730039738 ) ) ;
#2484 = FACE_OUTER_BOUND ( 'NONE', #2810, .T. ) ;
#2485 = PERSON_AND_ORGANIZATION_ROLE ( 'design_owner' ) ;
#2486 = ORIENTED_EDGE ( 'NONE', *, *, #619, .T. ) ;
#2487 = CARTESIAN_POINT ( 'NONE',  ( -6.013233931054910109, -22.44297571488989718, -11.72515453695521970 ) ) ;
#2488 = CARTESIAN_POINT ( 'NONE',  ( 17.72500000000000142, 30.70060056415825400, 17.50000000000000000 ) ) ;
#2489 = CARTESIAN_POINT ( 'NONE',  ( -30.45000000000000284, 4.152809267445049311E-14, 17.50000000000000000 ) ) ;
#2490 = SPHERICAL_SURFACE ( 'NONE', #834, 2.500000000000000000 ) ;
#2491 = CARTESIAN_POINT ( 'NONE',  ( -8.598171715603809773, -22.43119347914443651, -11.33698250295005217 ) ) ;
#2492 = EDGE_CURVE ( 'NONE', #442, #1011, #5572, .T. ) ;
#2493 = CIRCLE ( 'NONE', #2876, 2.500000000000002220 ) ;
#2494 = CARTESIAN_POINT ( 'NONE',  ( -8.639148531571809286, -20.85498898940049983, -24.16339838996564993 ) ) ;
#2495 = CARTESIAN_POINT ( 'NONE',  ( 7.295064260402940093, -34.69127465857359738, 20.00000000000000000 ) ) ;
#2496 = CARTESIAN_POINT ( 'NONE',  ( 32.24478138222845303, -6.780602746975570305, 17.50000000000000000 ) ) ;
#2497 = CARTESIAN_POINT ( 'NONE',  ( 22.10000000000000142, 0.000000000000000000, 0.000000000000000000 ) ) ;
#2498 = CARTESIAN_POINT ( 'NONE',  ( -5.792991131173597097, -21.61979304557738146, -9.208314559391617138 ) ) ;
#2499 = ORIENTED_EDGE ( 'NONE', *, *, #1780, .T. ) ;
#2500 = VERTEX_POINT ( 'NONE', #3509 ) ;
#2501 = ADVANCED_FACE ( 'NONE', ( #4808 ), #368, .T. ) ;
#2502 = CARTESIAN_POINT ( 'NONE',  ( -8.637036769058369146, 20.85340137380135062, -11.83914082496372089 ) ) ;
#2503 = CARTESIAN_POINT ( 'NONE',  ( 0.000000000000000000, 0.000000000000000000, 17.50000000000000000 ) ) ;
#2504 = DIRECTION ( 'NONE',  ( 1.000000000000000000, 0.000000000000000000, -5.551115123125777969E-15 ) ) ;
#2505 = CARTESIAN_POINT ( 'NONE',  ( -20.93728131870300047, -8.671840861798971289, -25.74466388919150361 ) ) ;
#2506 = CARTESIAN_POINT ( 'NONE',  ( -8.639283710928641113, -20.85543386853720094, -18.75000000000000000 ) ) ;
#2507 = CARTESIAN_POINT ( 'NONE',  ( 9.739280941095229238, 23.50846164479954936, -15.60399774898199965 ) ) ;
#2508 = EDGE_CURVE ( 'NONE', #1533, #3420, #5783, .T. ) ;
#2509 = CARTESIAN_POINT ( 'NONE',  ( -22.57475311267929996, -0.0008401432102812869673, -26.02299471345094872 ) ) ;
#2510 = CIRCLE ( 'NONE', #5551, 2.500000000000000444 ) ;
#2511 = DIRECTION ( 'NONE',  ( -5.551115123125777969E-15, 5.204170427930429961E-15, -1.000000000000000000 ) ) ;
#2512 = DIRECTION ( 'NONE',  ( 0.000000000000000000, 0.000000000000000000, 1.000000000000000000 ) ) ;
#2513 = ORIENTED_EDGE ( 'NONE', *, *, #2441, .T. ) ;
#2514 = PLANE ( 'NONE',  #2217 ) ;
#2515 = CYLINDRICAL_SURFACE ( 'NONE', #2929, 4.999999999999996447 ) ;
#2516 = ADVANCED_FACE ( 'NONE', ( #3065 ), #4337, .T. ) ;
#2517 = CARTESIAN_POINT ( 'NONE',  ( 11.07542989874270667, 19.17907833841690035, -13.00184078995495440 ) ) ;
#2518 = EDGE_CURVE ( 'NONE', #1883, #3545, #675, .T. ) ;
#2519 = CARTESIAN_POINT ( 'NONE',  ( 0.000000000000000000, 0.000000000000000000, 0.000000000000000000 ) ) ;
#2520 = CARTESIAN_POINT ( 'NONE',  ( -21.39316793595818922, -5.730144764051590123, -20.50191526968703215 ) ) ;
#2521 = EDGE_CURVE ( 'NONE', #5032, #3949, #3228, .T. ) ;
#2522 = CARTESIAN_POINT ( 'NONE',  ( -20.93728131870300047, -8.671840861798971289, -25.74466388919150361 ) ) ;
#2523 = CARTESIAN_POINT ( 'NONE',  ( 32.24478138222854540, 6.780602746975319839, 17.50000000000000000 ) ) ;
#2524 = CARTESIAN_POINT ( 'NONE',  ( -32.24478138222849566, -6.780602746975409545, 0.000000000000000000 ) ) ;
#2525 = EDGE_LOOP ( 'NONE', ( #5517, #97, #3056 ) ) ;
#2526 = CARTESIAN_POINT ( 'NONE',  ( -5.794760296573863378, -21.62640550372552184, -9.240977839323177179 ) ) ;
#2527 = ORIENTED_EDGE ( 'NONE', *, *, #705, .T. ) ;
#2528 = AXIS2_PLACEMENT_3D ( 'NONE', #2141, #793, #1691 ) ;
#2529 = ORIENTED_EDGE ( 'NONE', *, *, #430, .T. ) ;
#2530 = CARTESIAN_POINT ( 'NONE',  ( 0.0009790504093295480936, 22.57215844724660059, -27.24027453730045423 ) ) ;
#2531 = CARTESIAN_POINT ( 'NONE',  ( -34.69127465857359738, 7.295064260403060885, 17.50000000000000000 ) ) ;
#2532 = CIRCLE ( 'NONE', #5089, 2.499999999999998668 ) ;
#2533 = DIRECTION ( 'NONE',  ( -1.000000000000000000, 0.000000000000000000, 0.000000000000000000 ) ) ;
#2534 = CARTESIAN_POINT ( 'NONE',  ( 8.672254347866729773, 20.93738258974070021, -18.24466388919140059 ) ) ;
#2535 = CARTESIAN_POINT ( 'NONE',  ( -21.67770098843889670, 8.979393663161939543, -21.83841932938484831 ) ) ;
#2536 = AXIS2_PLACEMENT_3D ( 'NONE', #3941, #5329, #2258 ) ;
#2537 = CARTESIAN_POINT ( 'NONE',  ( 22.00000000000000000, 0.000000000000000000, -31.41855618722784982 ) ) ;
#2538 = AXIS2_PLACEMENT_3D ( 'NONE', #3492, #3047, #5327 ) ;
#2539 = CARTESIAN_POINT ( 'NONE',  ( 0.000000000000000000, 0.000000000000000000, 0.000000000000000000 ) ) ;
#2540 = APPLICATION_PROTOCOL_DEFINITION ( 'international standard', 'config_control_design', 1994, #3580 ) ;
#2541 = VERTEX_POINT ( 'NONE', #1285 ) ;
#2542 = CIRCLE ( 'NONE', #1318, 2.499999999999998668 ) ;
#2543 = AXIS2_PLACEMENT_3D ( 'NONE', #3887, #1185, #2993 ) ;
#2544 = DIRECTION ( 'NONE',  ( 1.000000000000000000, 0.000000000000000000, 0.000000000000000000 ) ) ;
#2545 = CARTESIAN_POINT ( 'NONE',  ( -22.50509384251830269, 9.322838953763570302, -26.64970357527320033 ) ) ;
#2546 = CARTESIAN_POINT ( 'NONE',  ( 22.02191324725130528, 1.938010472324583233, -27.39123050504549894 ) ) ;
#2547 = FACE_OUTER_BOUND ( 'NONE', #3811, .T. ) ;
#2548 = CIRCLE ( 'NONE', #5105, 2.499999999999998668 ) ;
#2549 = CARTESIAN_POINT ( 'NONE',  ( 0.000000000000000000, 0.000000000000000000, 20.00000000000000000 ) ) ;
#2550 = CARTESIAN_POINT ( 'NONE',  ( 0.0001233608826188305999, -22.56592055825269938, -23.50258339428625121 ) ) ;
#2551 = CIRCLE ( 'NONE', #16, 35.45000000000000284 ) ;
#2552 = CARTESIAN_POINT ( 'NONE',  ( -19.17907833842010845, -11.07542989873718575, -25.49587080894309921 ) ) ;
#2553 = DIRECTION ( 'NONE',  ( 1.000000000000000000, 0.000000000000000000, 0.000000000000000000 ) ) ;
#2554 = EDGE_LOOP ( 'NONE', ( #4888, #3430, #2804, #3820 ) ) ;
#2555 = CARTESIAN_POINT ( 'NONE',  ( -5.711027425753029796, -21.31344431657824856, -8.960023523662419720 ) ) ;
#2556 = ORIENTED_EDGE ( 'NONE', *, *, #3080, .F. ) ;
#2557 = VERTEX_POINT ( 'NONE', #2620 ) ;
#2558 = CARTESIAN_POINT ( 'NONE',  ( -6.620842015733030550, -20.99990473827310211, -8.350755808224530341 ) ) ;
#2559 = DIRECTION ( 'NONE',  ( 0.3110839593099554157, -0.9503824336865880351, 0.000000000000000000 ) ) ;
#2560 = FACE_OUTER_BOUND ( 'NONE', #3073, .T. ) ;
#2561 = CARTESIAN_POINT ( 'NONE',  ( -8.455891069809799987, -21.90050893653150155, -11.77322991091897997 ) ) ;
#2562 = ORIENTED_EDGE ( 'NONE', *, *, #5017, .T. ) ;
#2563 = VECTOR ( 'NONE', #837, 1000.000000000000000 ) ;
#2564 = ADVANCED_FACE ( 'NONE', ( #5315 ), #5693, .T. ) ;
#2565 = DIRECTION ( 'NONE',  ( -0.8660254037844385966, 0.5000000000000001110, 0.000000000000000000 ) ) ;
#2566 = CARTESIAN_POINT ( 'NONE',  ( -21.67628999423089908, -8.978187320439031893, -20.33841932938489805 ) ) ;
#2567 = CARTESIAN_POINT ( 'NONE',  ( 20.85296257102960027, -8.637257869496689722, -20.16855618722789956 ) ) ;
#2568 = PERSON_AND_ORGANIZATION_ROLE ( 'classification_officer' ) ;
#2569 = ORIENTED_EDGE ( 'NONE', *, *, #3139, .F. ) ;
#2570 = ADVANCED_FACE ( 'NONE', ( #4309 ), #2982, .T. ) ;
#2571 = DIRECTION ( 'NONE',  ( 0.000000000000000000, 0.000000000000000000, 1.000000000000000000 ) ) ;
#2572 = CARTESIAN_POINT ( 'NONE',  ( -17.04051706104064934, -17.03925811403690105, -12.56242905611419935 ) ) ;
#2573 = CARTESIAN_POINT ( 'NONE',  ( -19.86420842555694577, 9.793641660747487876, -9.876854082551517422 ) ) ;
#2574 = ADVANCED_FACE ( 'NONE', ( #1645 ), #802, .T. ) ;
#2575 = CARTESIAN_POINT ( 'NONE',  ( 0.000000000000000000, 0.000000000000000000, 17.50000000000000000 ) ) ;
#2576 = CARTESIAN_POINT ( 'NONE',  ( 21.99456492296565102, 24.53449844299754901, 20.00000000000000000 ) ) ;
#2577 = CARTESIAN_POINT ( 'NONE',  ( 22.18980554015779916, 0.000000000000000000, -30.01065382526159553 ) ) ;
#2578 = CARTESIAN_POINT ( 'NONE',  ( -16.02729094651224884, 16.02711986029385116, -27.99466388919140059 ) ) ;
#2579 = ORIENTED_EDGE ( 'NONE', *, *, #1968, .F. ) ;
#2580 = CYLINDRICAL_SURFACE ( 'NONE', #1893, 2.500000000000000444 ) ;
#2581 = CARTESIAN_POINT ( 'NONE',  ( 12.75021645926286062, -31.31510118997314507, 0.000000000000000000 ) ) ;
#2582 = VERTEX_POINT ( 'NONE', #1256 ) ;
#2583 = CARTESIAN_POINT ( 'NONE',  ( -5.663659557539650002, -21.13640148831530041, -8.999811487607271232 ) ) ;
#2584 = ORIENTED_EDGE ( 'NONE', *, *, #2618, .F. ) ;
#2585 = CIRCLE ( 'NONE', #4851, 5.000000000000000888 ) ;
#2586 = ORIENTED_EDGE ( 'NONE', *, *, #2225, .T. ) ;
#2587 = CARTESIAN_POINT ( 'NONE',  ( 20.85294820351429834, -8.637266405536228930, -18.99027453730044712 ) ) ;
#2588 = CARTESIAN_POINT ( 'NONE',  ( 31.31510118997314507, 10.25021645926281977, 17.50000000000000000 ) ) ;
#2589 = CARTESIAN_POINT ( 'NONE',  ( -8.057715010862498417, -21.09273364792176864, -12.13879344799036097 ) ) ;
#2590 = APPROVAL ( #945, 'UNSPECIFIED' ) ;
#2591 = CARTESIAN_POINT ( 'NONE',  ( -8.449656229509470151, -21.87720635524510016, -11.78889195293143999 ) ) ;
#2592 = ORIENTED_EDGE ( 'NONE', *, *, #1676, .F. ) ;
#2593 = CARTESIAN_POINT ( 'NONE',  ( -6.780602746975519679, -32.24478138222849566, 17.50000000000000000 ) ) ;
#2594 = CARTESIAN_POINT ( 'NONE',  ( 17.18477040938779865, -17.18579096767089709, -17.01496339966604765 ) ) ;
#2595 = CARTESIAN_POINT ( 'NONE',  ( 20.85435029445099886, 8.637820322069929446, -18.66855618722789956 ) ) ;
#2596 = APPROVAL_DATE_TIME ( #2666, #5744 ) ;
#2597 = ORIENTED_EDGE ( 'NONE', *, *, #967, .F. ) ;
#2598 = ORIENTED_EDGE ( 'NONE', *, *, #3750, .F. ) ;
#2599 = DIRECTION ( 'NONE',  ( 1.000000000000000000, 0.000000000000000000, 0.000000000000000000 ) ) ;
#2600 = CARTESIAN_POINT ( 'NONE',  ( -22.50320809282879964, -9.320777158259740958, -25.14970357527314704 ) ) ;
#2601 = DIRECTION ( 'NONE',  ( 1.000000000000000000, 0.000000000000000000, 0.000000000000000000 ) ) ;
#2602 = FACE_OUTER_BOUND ( 'NONE', #3518, .T. ) ;
#2603 = CARTESIAN_POINT ( 'NONE',  ( 0.000000000000000000, 0.000000000000000000, 17.50000000000000000 ) ) ;
#2604 = DIRECTION ( 'NONE',  ( 1.000000000000000000, 0.000000000000000000, 0.000000000000000000 ) ) ;
#2605 = CARTESIAN_POINT ( 'NONE',  ( -20.94010891189635259, 8.673988176926760829, -15.24466388919139881 ) ) ;
#2606 = ORIENTED_EDGE ( 'NONE', *, *, #1599, .F. ) ;
#2607 = FACE_OUTER_BOUND ( 'NONE', #3943, .T. ) ;
#2608 = CARTESIAN_POINT ( 'NONE',  ( -32.24478138222849566, -6.780602746975409545, 17.50000000000000000 ) ) ;
#2609 = AXIS2_PLACEMENT_3D ( 'NONE', #4056, #69, #1745 ) ;
#2610 = VERTEX_POINT ( 'NONE', #748 ) ;
#2611 = FACE_OUTER_BOUND ( 'NONE', #1864, .T. ) ;
#2612 = VERTEX_POINT ( 'NONE', #248 ) ;
#2613 = AXIS2_PLACEMENT_3D ( 'NONE', #3469, #5309, #5756 ) ;
#2614 = VERTEX_POINT ( 'NONE', #5255 ) ;
#2615 = ADVANCED_FACE ( 'NONE', ( #2560 ), #698, .T. ) ;
#2616 = CARTESIAN_POINT ( 'NONE',  ( -20.85386222912660159, -8.639042301717310579, -11.49027453730040094 ) ) ;
#2617 = CARTESIAN_POINT ( 'NONE',  ( 20.97126691143363431, 7.120966049807275766, -19.87083534087832248 ) ) ;
#2618 = EDGE_CURVE ( 'NONE', #257, #591, #4860, .T. ) ;
#2619 = FACE_OUTER_BOUND ( 'NONE', #1789, .T. ) ;
#2620 = CARTESIAN_POINT ( 'NONE',  ( -6.780602746975530337, -32.24478138222849566, 20.00000000000000000 ) ) ;
#2621 = CARTESIAN_POINT ( 'NONE',  ( -8.092196925290208398, -20.48069847315874981, -6.693689039317850309 ) ) ;
#2622 = AXIS2_PLACEMENT_3D ( 'NONE', #1521, #4683, #2465 ) ;
#2623 = ORIENTED_EDGE ( 'NONE', *, *, #1110, .F. ) ;
#2624 = EDGE_CURVE ( 'NONE', #2667, #5164, #1707, .T. ) ;
#2625 = TOROIDAL_SURFACE ( 'NONE', #1402, 7.500000000000000000, 2.500000000000000000 ) ;
#2626 = CARTESIAN_POINT ( 'NONE',  ( 17.72500000000000142, 30.70060056415825400, 0.000000000000000000 ) ) ;
#2627 = CARTESIAN_POINT ( 'NONE',  ( -9.540039343241900838, -23.03954531320339782, -19.92001597436710014 ) ) ;
#2628 = CARTESIAN_POINT ( 'NONE',  ( -6.620849872602970088, -20.99990998482745042, -11.00188952056126013 ) ) ;
#2629 = MECHANICAL_CONTEXT ( 'NONE', #3580, 'mechanical' ) ;
#2630 = EDGE_LOOP ( 'NONE', ( #273, #3961, #2007, #232 ) ) ;
#2631 = ORIENTED_EDGE ( 'NONE', *, *, #4353, .T. ) ;
#2632 = CARTESIAN_POINT ( 'NONE',  ( 26.58986581671799954, 20.57137661531024975, 0.000000000000000000 ) ) ;
#2633 = CARTESIAN_POINT ( 'NONE',  ( 9.322755563329028661, 22.50478105999945200, -17.64970357527315059 ) ) ;
#2634 = CARTESIAN_POINT ( 'NONE',  ( 19.86420842556549360, 9.793641660730145304, -14.12683600462018951 ) ) ;
#2635 = DIRECTION ( 'NONE',  ( 0.000000000000000000, 0.000000000000000000, 1.000000000000000000 ) ) ;
#2636 = CARTESIAN_POINT ( 'NONE',  ( -22.10000000000001563, -1.446441617590233042, -20.87692092789116671 ) ) ;
#2637 = DIRECTION ( 'NONE',  ( 0.000000000000000000, 0.000000000000000000, 1.000000000000000000 ) ) ;
#2638 = AXIS2_PLACEMENT_3D ( 'NONE', #3429, #729, #3370 ) ;
#2639 = AXIS2_PLACEMENT_3D ( 'NONE', #3850, #2968, #1129 ) ;
#2640 = ADVANCED_FACE ( 'NONE', ( #1854 ), #875, .T. ) ;
#2641 = SHAPE_REPRESENTATION ( 'GasCapmodelstep', ( #5578, #2638 ), #4249 ) ;
#2642 = CARTESIAN_POINT ( 'NONE',  ( -20.84692929830464792, -8.634398529712969506, -25.75258339428630094 ) ) ;
#2643 = CYLINDRICAL_SURFACE ( 'NONE', #4064, 2.499999999999999556 ) ;
#2644 = CIRCLE ( 'NONE', #1423, 5.000000000000000888 ) ;
#2645 = AXIS2_PLACEMENT_3D ( 'NONE', #5671, #2944, #1610 ) ;
#2646 = LINE ( 'NONE', #3916, #2151 ) ;
#2647 = CARTESIAN_POINT ( 'NONE',  ( 21.14032319196009979, 8.756693098126159924, -19.74402064658089628 ) ) ;
#2648 = ORIENTED_EDGE ( 'NONE', *, *, #2441, .F. ) ;
#2649 = CARTESIAN_POINT ( 'NONE',  ( -5.731705330516040142, -21.39073035202540041, -8.974294626459260016 ) ) ;
#2650 = VERTEX_POINT ( 'NONE', #434 ) ;
#2651 = ORIENTED_EDGE ( 'NONE', *, *, #967, .T. ) ;
#2652 = EDGE_CURVE ( 'NONE', #4267, #5733, #1233, .T. ) ;
#2653 = AXIS2_PLACEMENT_3D ( 'NONE', #3699, #997, #5540 ) ;
#2654 = CARTESIAN_POINT ( 'NONE',  ( -22.57259226965640053, -0.0002465101194438869877, -10.76742247489121951 ) ) ;
#2655 = CARTESIAN_POINT ( 'NONE',  ( -8.305618534890098622E-14, -35.45000000000000284, 0.000000000000000000 ) ) ;
#2656 = CARTESIAN_POINT ( 'NONE',  ( -21.99456492296560128, -24.53449844299759874, 20.00000000000000000 ) ) ;
#2657 = DIRECTION ( 'NONE',  ( 1.000000000000000000, 0.000000000000000000, 0.000000000000000000 ) ) ;
#2658 = CARTESIAN_POINT ( 'NONE',  ( -8.760997265206810880, -23.07186525981334668, -10.07108738511377943 ) ) ;
#2659 = DIRECTION ( 'NONE',  ( 0.000000000000000000, 0.000000000000000000, -1.000000000000000000 ) ) ;
#2660 = ORIENTED_EDGE ( 'NONE', *, *, #2085, .T. ) ;
#2661 = FACE_OUTER_BOUND ( 'NONE', #4133, .T. ) ;
#2662 = CARTESIAN_POINT ( 'NONE',  ( -17.18681924965234842, 17.18613052860884949, -23.01496339966609739 ) ) ;
#2663 = CIRCLE ( 'NONE', #2002, 5.000000000000000888 ) ;
#2664 = CIRCLE ( 'NONE', #2003, 2.499999999999999112 ) ;
#2665 = CARTESIAN_POINT ( 'NONE',  ( 8.637060379748229266, 20.85258719308695063, -18.10827761439395189 ) ) ;
#2666 = DATE_AND_TIME ( #2193, #4715 ) ;
#2667 = VERTEX_POINT ( 'NONE', #1823 ) ;
#2668 = CARTESIAN_POINT ( 'NONE',  ( 22.39670858385295205, 0.000000000000000000, -29.64577885721817907 ) ) ;
#2669 = CARTESIAN_POINT ( 'NONE',  ( 22.50528581962455021, 9.319580189787661340, -31.14970357527320033 ) ) ;
#2670 = CARTESIAN_POINT ( 'NONE',  ( 15.96013407732020006, -15.96024985357015069, -17.08914082496369957 ) ) ;
#2671 = DIRECTION ( 'NONE',  ( 1.000000000000000000, 0.000000000000000000, 0.000000000000000000 ) ) ;
#2672 = LINE ( 'NONE', #4473, #3840 ) ;
#2673 = CARTESIAN_POINT ( 'NONE',  ( 21.71024264730525033, 0.000000000000000000, -30.32085638186384813 ) ) ;
#2674 = CARTESIAN_POINT ( 'NONE',  ( 5.793612607001699731E-05, 23.40826148801440354, -17.40349006216969840 ) ) ;
#2675 = CARTESIAN_POINT ( 'NONE',  ( -11.80052359583737243, -18.81888382495898782, -12.56484798595023911 ) ) ;
#2676 = DIRECTION ( 'NONE',  ( 1.000000000000000000, 0.000000000000000000, 0.000000000000000000 ) ) ;
#2677 = CARTESIAN_POINT ( 'NONE',  ( -6.647467739158740230, -21.08454551950239875, -12.07799722252481978 ) ) ;
#2678 = LINE ( 'NONE', #5405, #914 ) ;
#2679 = CARTESIAN_POINT ( 'NONE',  ( -5.780955234174109947, -21.57480750314445217, -9.111971694937189170 ) ) ;
#2680 = ORIENTED_EDGE ( 'NONE', *, *, #1719, .T. ) ;
#2681 = EDGE_LOOP ( 'NONE', ( #5788, #3486, #523 ) ) ;
#2682 = CARTESIAN_POINT ( 'NONE',  ( 8.638857788237881863, -20.85351894947485007, -22.60827761439395189 ) ) ;
#2683 = CARTESIAN_POINT ( 'NONE',  ( 21.39316793595757105, 5.730144764054080575, -19.99583394553967963 ) ) ;
#2684 = DIRECTION ( 'NONE',  ( 0.9785973105380426640, 0.2057846053710279122, -1.007770309495219728E-14 ) ) ;
#2685 = CARTESIAN_POINT ( 'NONE',  ( -8.349102260565285150, -21.60504906349187237, -11.94552353311961568 ) ) ;
#2686 = CARTESIAN_POINT ( 'NONE',  ( -8.463964103051941024, -21.93056570311090070, -11.75293198348628110 ) ) ;
#2687 = DIRECTION ( 'NONE',  ( 1.000000000000000000, 9.251858538542971828E-16, 0.000000000000000000 ) ) ;
#2688 = ORIENTED_EDGE ( 'NONE', *, *, #4342, .T. ) ;
#2689 = TOROIDAL_SURFACE ( 'NONE', #3256, 32.95000000000000284, 2.500000000000000000 ) ;
#2690 = EDGE_CURVE ( 'NONE', #5150, #5308, #2744, .T. ) ;
#2691 = AXIS2_PLACEMENT_3D ( 'NONE', #4188, #4712, #2942 ) ;
#2692 = CARTESIAN_POINT ( 'NONE',  ( 6.780602746975369577, -32.24478138222849566, 20.00000000000000000 ) ) ;
#2693 = CARTESIAN_POINT ( 'NONE',  ( -8.639283710928641113, -20.85543386853720094, -18.75000000000000000 ) ) ;
#2694 = CARTESIAN_POINT ( 'NONE',  ( 8.636763847137899575, 20.85238038579930020, -30.10827761439389860 ) ) ;
#2695 = ORIENTED_EDGE ( 'NONE', *, *, #2918, .T. ) ;
#2696 = ADVANCED_FACE ( 'NONE', ( #27 ), #2301, .T. ) ;
#2697 = CARTESIAN_POINT ( 'NONE',  ( -33.69105727418954643, 11.02792635753787920, 0.000000000000000000 ) ) ;
#2698 = CARTESIAN_POINT ( 'NONE',  ( -7.404636371151100072, -23.49231865665069918, -10.33287472508953897 ) ) ;
#2699 = CARTESIAN_POINT ( 'NONE',  ( 8.637366620234448789, 20.85349430174435170, -12.75000000000000000 ) ) ;
#2700 = CARTESIAN_POINT ( 'NONE',  ( -9.793641660732696153, -19.86420842556426436, -18.87689075080247747 ) ) ;
#2701 = CARTESIAN_POINT ( 'NONE',  ( -17.72500000000000142, 30.70060056415834993, 20.00000000000000000 ) ) ;
#2702 = CARTESIAN_POINT ( 'NONE',  ( -22.88142152239520044, -0.0005247420638027500009, -26.49402064658075062 ) ) ;
#2703 = LINE ( 'NONE', #5333, #4430 ) ;
#2704 = DIRECTION ( 'NONE',  ( 1.000000000000000000, 0.000000000000000000, 0.000000000000000000 ) ) ;
#2705 = CARTESIAN_POINT ( 'NONE',  ( -23.40858532723644814, 2.537001957095620007E-05, -26.40349006216960248 ) ) ;
#2706 = LINE ( 'NONE', #869, #1963 ) ;
#2707 = CARTESIAN_POINT ( 'NONE',  ( -8.041923832222449775, -20.38879246105985033, -6.717502078832450430 ) ) ;
#2708 = AXIS2_PLACEMENT_3D ( 'NONE', #1166, #3831, #5136 ) ;
#2709 = ORIENTED_EDGE ( 'NONE', *, *, #5151, .T. ) ;
#2710 = ADVANCED_FACE ( 'NONE', ( #933 ), #4896, .T. ) ;
#2711 = EDGE_CURVE ( 'NONE', #245, #939, #4104, .T. ) ;
#2712 = CARTESIAN_POINT ( 'NONE',  ( -15.96031394498585065, 15.96085650227814945, -14.91855618722790133 ) ) ;
#2713 = CARTESIAN_POINT ( 'NONE',  ( -5.730144764068642260, 21.39316793595367017, -16.99586743366723951 ) ) ;
#2714 = CARTESIAN_POINT ( 'NONE',  ( -21.05051793494833490, 6.872416021663997121, -21.60444008324381215 ) ) ;
#2715 = DIRECTION ( 'NONE',  ( 0.9040803662633911664, -0.4273624823695366115, 5.463467632236722053E-15 ) ) ;
#2716 = CARTESIAN_POINT ( 'NONE',  ( 0.000000000000000000, 0.000000000000000000, 0.000000000000000000 ) ) ;
#2717 = DIRECTION ( 'NONE',  ( 0.4273624823695366115, 0.9040803662633911664, 1.521551611551990419E-14 ) ) ;
#2718 = ORIENTED_EDGE ( 'NONE', *, *, #638, .F. ) ;
#2719 = AXIS2_PLACEMENT_3D ( 'NONE', #2735, #3656, #3687 ) ;
#2720 = CARTESIAN_POINT ( 'NONE',  ( -31.11026764803489897, -12.74181097284191999, 0.000000000000000000 ) ) ;
#2721 = CARTESIAN_POINT ( 'NONE',  ( -21.12066891745720199, 8.748209948287939852, -21.75000000000000000 ) ) ;
#2722 = CARTESIAN_POINT ( 'NONE',  ( -6.621743280467129900, -21.00274647913729709, -11.60632804678442120 ) ) ;
#2723 = DATE_TIME_ROLE ( 'classification_date' ) ;
#2724 = ORIENTED_EDGE ( 'NONE', *, *, #4246, .F. ) ;
#2725 = VECTOR ( 'NONE', #5665, 1000.000000000000000 ) ;
#2726 = CARTESIAN_POINT ( 'NONE',  ( 22.34185346671092631, -0.000000000000000000, -29.88519322009085499 ) ) ;
#2727 = CARTESIAN_POINT ( 'NONE',  ( -9.495423174742459338, -22.93128905428499920, -23.23658235219505030 ) ) ;
#2728 = CARTESIAN_POINT ( 'NONE',  ( 0.0001559258941800589987, -22.57297316804145026, -18.58914082496369957 ) ) ;
#2729 = CARTESIAN_POINT ( 'NONE',  ( 7.120966049804306586, -20.97126691143460420, -17.37686811798596409 ) ) ;
#2730 = CARTESIAN_POINT ( 'NONE',  ( 21.84764159753344970, 0.000000000000000000, -29.45273987436599938 ) ) ;
#2731 = CARTESIAN_POINT ( 'NONE',  ( 16.17952963593755200, 16.17927308165900158, -30.99402064658080391 ) ) ;
#2732 = FACE_OUTER_BOUND ( 'NONE', #3511, .T. ) ;
#2733 = CARTESIAN_POINT ( 'NONE',  ( -6.865669246896070277, -21.77841658808399927, -11.98682339550304121 ) ) ;
#2734 = AXIS2_PLACEMENT_3D ( 'NONE', #3111, #4852, #3588 ) ;
#2735 = CARTESIAN_POINT ( 'NONE',  ( 31.31510118997314507, 10.25021645926281977, 17.50000000000000000 ) ) ;
#2736 = CIRCLE ( 'NONE', #4251, 20.00000000000000000 ) ;
#2737 = CARTESIAN_POINT ( 'NONE',  ( -5.743426710522289369, -21.43454035120250012, -9.636070259017898820 ) ) ;
#2738 = ORIENTED_EDGE ( 'NONE', *, *, #4547, .F. ) ;
#2739 = EDGE_CURVE ( 'NONE', #669, #3561, #1551, .T. ) ;
#2740 = AXIS2_PLACEMENT_3D ( 'NONE', #3541, #780, #4492 ) ;
#2741 = CARTESIAN_POINT ( 'NONE',  ( -10.26554339433385898, -19.76643377223165032, -11.33522285389449991 ) ) ;
#2742 = CARTESIAN_POINT ( 'NONE',  ( 24.17111837177328937, 2.480873985615876354, -31.09205937197135583 ) ) ;
#2743 = CARTESIAN_POINT ( 'NONE',  ( -20.01977019278207592, 9.463784059909645663, -21.84544699095765097 ) ) ;
#2744 = LINE ( 'NONE', #2273, #955 ) ;
#2745 = CARTESIAN_POINT ( 'NONE',  ( -8.705204079534890838, -22.81390610200624991, -8.079276978564440270 ) ) ;
#2746 = CARTESIAN_POINT ( 'NONE',  ( 33.69105727418954643, -11.02792635753794137, 0.000000000000000000 ) ) ;
#2747 = ORIENTED_EDGE ( 'NONE', *, *, #3740, .T. ) ;
#2748 = EDGE_LOOP ( 'NONE', ( #3669, #3445, #3954, #1615 ) ) ;
#2749 = CARTESIAN_POINT ( 'NONE',  ( 11.02792635753773887, -33.69105727418959617, 0.000000000000000000 ) ) ;
#2750 = CARTESIAN_POINT ( 'NONE',  ( -8.749200273256439786, -21.12195765700329986, -18.75000000000000000 ) ) ;
#2751 = CARTESIAN_POINT ( 'NONE',  ( 15.95975533636839749, 15.95960732017584860, -30.85827761439389860 ) ) ;
#2752 = ADVANCED_FACE ( 'NONE', ( #401 ), #492, .T. ) ;
#2753 = COORDINATED_UNIVERSAL_TIME_OFFSET ( 8, 0, .BEHIND. ) ;
#2754 = VERTEX_POINT ( 'NONE', #3159 ) ;
#2755 = AXIS2_PLACEMENT_3D ( 'NONE', #5087, #1956, #3761 ) ;
#2756 = AXIS2_PLACEMENT_3D ( 'NONE', #278, #3392, #3836 ) ;
#2757 = CARTESIAN_POINT ( 'NONE',  ( 23.32844575484549665, 9.666257397808671215, -17.99954139175619616 ) ) ;
#2758 = CARTESIAN_POINT ( 'NONE',  ( -15.96028528034015181, 15.96087883637945026, -10.50000000000000000 ) ) ;
#2759 = DIRECTION ( 'NONE',  ( 0.000000000000000000, 0.000000000000000000, 1.000000000000000000 ) ) ;
#2760 = CARTESIAN_POINT ( 'NONE',  ( 22.52860187773609724, 2.479003148526669698, -32.38386860653104549 ) ) ;
#2761 = EDGE_CURVE ( 'NONE', #2541, #961, #5145, .T. ) ;
#2762 = CARTESIAN_POINT ( 'NONE',  ( -5.716751375669810287, -21.33483823444544925, -11.99466388919143967 ) ) ;
#2763 = CARTESIAN_POINT ( 'NONE',  ( -5.719988482647019978, -21.34693729222965075, -8.964066394042600194 ) ) ;
#2764 = CARTESIAN_POINT ( 'NONE',  ( 34.69127465857365422, 7.295064260402890355, 17.50000000000000000 ) ) ;
#2765 = CARTESIAN_POINT ( 'NONE',  ( 16.85674186096255056, -16.85763352925210157, -21.72515453695519838 ) ) ;
#2766 = SPHERICAL_SURFACE ( 'NONE', #5234, 2.500000000000000000 ) ;
#2767 = CARTESIAN_POINT ( 'NONE',  ( -5.604322767022639873, -20.91462344320979838, -9.858266761326289540 ) ) ;
#2768 = EDGE_LOOP ( 'NONE', ( #4892, #4803, #276, #706 ) ) ;
#2769 = CARTESIAN_POINT ( 'NONE',  ( -20.85255614722739992, -8.636732950467830960, -25.60827761439404782 ) ) ;
#2770 = CARTESIAN_POINT ( 'NONE',  ( 0.000000000000000000, 0.000000000000000000, 17.50000000000000000 ) ) ;
#2771 = CARTESIAN_POINT ( 'NONE',  ( 0.000000000000000000, 0.000000000000000000, 0.000000000000000000 ) ) ;
#2772 = CARTESIAN_POINT ( 'NONE',  ( -8.347484653386056053, -21.60140370500009865, -11.94735257676965468 ) ) ;
#2773 = CARTESIAN_POINT ( 'NONE',  ( -8.728655170985170741, -22.89923985366189996, -8.242370867782909727 ) ) ;
#2774 = DIRECTION ( 'NONE',  ( 0.000000000000000000, 0.000000000000000000, 1.000000000000000000 ) ) ;
#2775 = EDGE_LOOP ( 'NONE', ( #3242, #3860, #4096, #3516 ) ) ;
#2776 = VERTEX_POINT ( 'NONE', #2242 ) ;
#2777 = DIRECTION ( 'NONE',  ( 1.000000000000000000, 0.000000000000000000, 0.000000000000000000 ) ) ;
#2778 = EDGE_CURVE ( 'NONE', #245, #3404, #1075, .T. ) ;
#2779 = CARTESIAN_POINT ( 'NONE',  ( 8.747698409962270105, 21.11955531162919897, -24.75000000000000000 ) ) ;
#2780 = CARTESIAN_POINT ( 'NONE',  ( -22.57094303501034815, -0.0008470693415713879178, -26.35827761439385242 ) ) ;
#2781 = AXIS2_PLACEMENT_3D ( 'NONE', #2036, #5623, #2898 ) ;
#2782 = CALENDAR_DATE ( 2026, 22, 6 ) ;
#2783 = ORIENTED_EDGE ( 'NONE', *, *, #5770, .T. ) ;
#2784 = ORIENTED_EDGE ( 'NONE', *, *, #1328, .T. ) ;
#2785 = CARTESIAN_POINT ( 'NONE',  ( -9.500735257156678770, 22.92955528537815013, -27.73658235219505030 ) ) ;
#2786 = CARTESIAN_POINT ( 'NONE',  ( -20.85597116647394955, 8.639213692030649483, -9.750000000000000000 ) ) ;
#2787 = CARTESIAN_POINT ( 'NONE',  ( 34.69127465857359738, -7.295064260403149703, 0.000000000000000000 ) ) ;
#2788 = CARTESIAN_POINT ( 'NONE',  ( 16.64984854061128061, -14.60427118783411871, -16.37685302944161947 ) ) ;
#2789 = CARTESIAN_POINT ( 'NONE',  ( 22.37464618201584798, 0.000000000000000000, -29.83475622370579927 ) ) ;
#2790 = CARTESIAN_POINT ( 'NONE',  ( -5.771838488692480063, -21.54073262357945140, -11.99402064658090161 ) ) ;
#2791 = DIRECTION ( 'NONE',  ( 1.000000000000000000, 5.204170427930424439E-15, 0.000000000000000000 ) ) ;
#2792 = CARTESIAN_POINT ( 'NONE',  ( 32.24478138222845303, -6.780602746975559647, 20.00000000000000000 ) ) ;
#2793 = CARTESIAN_POINT ( 'NONE',  ( 8.958400479054031251, 21.62685325336815012, -18.15349006216964867 ) ) ;
#2794 = CARTESIAN_POINT ( 'NONE',  ( -25.70060056415839966, -17.72500000000000142, 17.50000000000000000 ) ) ;
#2795 = CARTESIAN_POINT ( 'NONE',  ( -5.666736878772560715, -21.14790332859435296, -9.701714554142990110 ) ) ;
#2796 = ORIENTED_EDGE ( 'NONE', *, *, #1919, .T. ) ;
#2797 = CARTESIAN_POINT ( 'NONE',  ( -22.57551051473594939, -0.0002256385003873500011, -14.02299471345114057 ) ) ;
#2798 = DIRECTION ( 'NONE',  ( -1.000000000000000000, 0.000000000000000000, 0.000000000000000000 ) ) ;
#2799 = LINE ( 'NONE', #1888, #5371 ) ;
#2800 = AXIS2_PLACEMENT_3D ( 'NONE', #639, #4664, #5192 ) ;
#2801 = CARTESIAN_POINT ( 'NONE',  ( -8.649366492129997752, -22.60798277822025071, -7.763146032597170176 ) ) ;
#2802 = FACE_OUTER_BOUND ( 'NONE', #2895, .T. ) ;
#2803 = VERTEX_POINT ( 'NONE', #3127 ) ;
#2804 = ORIENTED_EDGE ( 'NONE', *, *, #4590, .F. ) ;
#2805 = DIRECTION ( 'NONE',  ( 1.000000000000000000, 0.000000000000000000, 0.000000000000000000 ) ) ;
#2806 = ORIENTED_EDGE ( 'NONE', *, *, #3050, .T. ) ;
#2807 = CARTESIAN_POINT ( 'NONE',  ( -21.11976322664429873, -8.747562331866980401, -20.25000000000000000 ) ) ;
#2808 = CARTESIAN_POINT ( 'NONE',  ( 15.95763101089485048, 15.95816211346895130, -19.00258339428625121 ) ) ;
#2809 = CIRCLE ( 'NONE', #3367, 2.499999999999998668 ) ;
#2810 = EDGE_LOOP ( 'NONE', ( #5335, #4971, #3222, #556 ) ) ;
#2811 = EDGE_CURVE ( 'NONE', #4142, #1626, #5413, .T. ) ;
#2812 = AXIS2_PLACEMENT_3D ( 'NONE', #5645, #4253, #4223 ) ;
#2813 = CARTESIAN_POINT ( 'NONE',  ( -17.55169002474830009, 17.55087078647369836, -26.98658235219505030 ) ) ;
#2814 = CARTESIAN_POINT ( 'NONE',  ( 20.85294820351429834, -8.637266405536228930, -18.99027453730044712 ) ) ;
#2815 = CARTESIAN_POINT ( 'NONE',  ( -22.10000000000000142, -2.826641589216204908E-14, -26.49587929789469953 ) ) ;
#2816 = CARTESIAN_POINT ( 'NONE',  ( 22.11228467682434840, 0.000000000000000000, -29.34117015660295280 ) ) ;
#2817 = AXIS2_PLACEMENT_3D ( 'NONE', #1580, #1947, #5189 ) ;
#2818 = CARTESIAN_POINT ( 'NONE',  ( 22.02631385020205101, 9.122221630219240041, -31.47515453695524812 ) ) ;
#2819 = CYLINDRICAL_SURFACE ( 'NONE', #4340, 5.000000000000001776 ) ;
#2820 = DIRECTION ( 'NONE',  ( 1.000000000000000000, 0.000000000000000000, 0.000000000000000000 ) ) ;
#2821 = CARTESIAN_POINT ( 'NONE',  ( 16.55268783473900029, 16.55225410560219856, -30.90349006216959893 ) ) ;
#2822 = CARTESIAN_POINT ( 'NONE',  ( -8.728199472710725715, -22.93610711978983474, -10.54139965508966093 ) ) ;
#2823 = CARTESIAN_POINT ( 'NONE',  ( -8.057188286295168922, -20.44565660592585132, -6.716925817560369438 ) ) ;
#2824 = ADVANCED_FACE ( 'NONE', ( #4100 ), #461, .T. ) ;
#2825 = ORIENTED_EDGE ( 'NONE', *, *, #2093, .T. ) ;
#2826 = CARTESIAN_POINT ( 'NONE',  ( -20.85677045749604730, 8.638748657053348268, -27.20525588809375250 ) ) ;
#2827 = DIRECTION ( 'NONE',  ( -4.163336342344337027E-15, -1.000000000000000000, 0.000000000000000000 ) ) ;
#2828 = CARTESIAN_POINT ( 'NONE',  ( 21.80186481571867319, 3.877253907282028678, -26.66558514523448764 ) ) ;
#2829 = TOROIDAL_SURFACE ( 'NONE', #5579, 7.500000000000000000, 2.500000000000000000 ) ;
#2830 = CARTESIAN_POINT ( 'NONE',  ( -8.464891094930049320, -21.83742836098994999, -11.84140160454299995 ) ) ;
#2831 = DIRECTION ( 'NONE',  ( 1.000000000000000000, 9.769962616701379133E-15, 0.000000000000000000 ) ) ;
#2832 = ORIENTED_EDGE ( 'NONE', *, *, #424, .T. ) ;
#2833 = CIRCLE ( 'NONE', #3589, 2.500000000000000444 ) ;
#2834 = EDGE_CURVE ( 'NONE', #5368, #669, #4381, .T. ) ;
#2835 = CIRCLE ( 'NONE', #3869, 2.499999999999998224 ) ;
#2836 = VERTEX_POINT ( 'NONE', #186 ) ;
#2837 = LINE ( 'NONE', #3704, #5673 ) ;
#2838 = DIRECTION ( 'NONE',  ( -0.9660220853877148350, 0.2584595336666274945, 1.471045507628331824E-15 ) ) ;
#2839 = EDGE_CURVE ( 'NONE', #3121, #4722, #2468, .T. ) ;
#2840 = CARTESIAN_POINT ( 'NONE',  ( 8.637366620234448789, 20.85349430174435170, -12.75000000000000000 ) ) ;
#2841 = VECTOR ( 'NONE', #1014, 1000.000000000000000 ) ;
#2842 = TOROIDAL_SURFACE ( 'NONE', #1327, 32.95000000000000284, 2.500000000000000000 ) ;
#2843 = CARTESIAN_POINT ( 'NONE',  ( -15.95525639241859928, -15.95486742997240270, -13.00258339428629917 ) ) ;
#2844 = AXIS2_PLACEMENT_3D ( 'NONE', #2539, #4014, #4964 ) ;
#2845 = CARTESIAN_POINT ( 'NONE',  ( 24.30611217508089794, 3.184623158304110024, -27.92001597436700067 ) ) ;
#2846 = CARTESIAN_POINT ( 'NONE',  ( -6.620842015733030550, -20.99990473827310211, -8.350755808224530341 ) ) ;
#2847 = CARTESIAN_POINT ( 'NONE',  ( 22.00861298676859690, 0.007451474049113050030, -32.49999999998524913 ) ) ;
#2848 = CARTESIAN_POINT ( 'NONE',  ( 21.86278520361079813, 0.000000000000000000, -29.43537082250924897 ) ) ;
#2849 = CARTESIAN_POINT ( 'NONE',  ( 9.122963980138649731, 22.02398364241609841, -29.97515453695519838 ) ) ;
#2850 = CARTESIAN_POINT ( 'NONE',  ( -7.174510529518093094, -20.91155460028718238, -11.42495122128427987 ) ) ;
#2851 = CARTESIAN_POINT ( 'NONE',  ( 22.10000000000000142, 0.000000000000000000, -29.34339416700144909 ) ) ;
#2852 = AXIS2_PLACEMENT_3D ( 'NONE', #3340, #1481, #3790 ) ;
#2853 = SPHERICAL_SURFACE ( 'NONE', #1, 2.500000000000000000 ) ;
#2854 = CIRCLE ( 'NONE', #1621, 2.499999999999999556 ) ;
#2855 = CARTESIAN_POINT ( 'NONE',  ( -22.10000000000000142, 2.706469426115649772E-15, -32.50000000000000000 ) ) ;
#2856 = CARTESIAN_POINT ( 'NONE',  ( -8.583596246189529211, -22.45850269281795164, -7.605171146905989943 ) ) ;
#2857 = ORIENTED_EDGE ( 'NONE', *, *, #2449, .T. ) ;
#2858 = CARTESIAN_POINT ( 'NONE',  ( 8.638667846343597745, 20.85645731369885070, -18.20525588809364947 ) ) ;
#2859 = DIRECTION ( 'NONE',  ( 1.000000000000000000, 0.000000000000000000, 0.000000000000000000 ) ) ;
#2860 = CARTESIAN_POINT ( 'NONE',  ( 10.25021645926311997, 31.31510118997304915, 20.00000000000000000 ) ) ;
#2861 = CARTESIAN_POINT ( 'NONE',  ( 24.52154733919065421, 2.492516314827211588, -28.81482316260894194 ) ) ;
#2862 = DIRECTION ( 'NONE',  ( 0.08193341677530388556, 0.9966378054316041846, 0.000000000000000000 ) ) ;
#2863 = ORIENTED_EDGE ( 'NONE', *, *, #5600, .F. ) ;
#2864 = VERTEX_POINT ( 'NONE', #4484 ) ;
#2865 = CARTESIAN_POINT ( 'NONE',  ( 15.96010840467754832, -15.96025266559904843, -18.26742247489114845 ) ) ;
#2866 = CARTESIAN_POINT ( 'NONE',  ( -21.99456492296560128, -24.53449844299759874, 17.50000000000000000 ) ) ;
#2867 = CARTESIAN_POINT ( 'NONE',  ( -35.45000000000000284, 4.152809267445049311E-14, 17.50000000000000000 ) ) ;
#2868 = CARTESIAN_POINT ( 'NONE',  ( -22.57587427180434858, -0.0002228775478276929730, -14.45525588809375961 ) ) ;
#2869 =( REPRESENTATION_RELATIONSHIP ('NONE','NONE', #2641, #2041 ) REPRESENTATION_RELATIONSHIP_WITH_TRANSFORMATION ( #562 )SHAPE_REPRESENTATION_RELATIONSHIP( ) );
#2870 = CARTESIAN_POINT ( 'NONE',  ( -23.50886051164119905, -9.735601394014938847, -11.10399774898209913 ) ) ;
#2871 = CARTESIAN_POINT ( 'NONE',  ( 8.639138097874850430, -20.85422678776889782, -20.49027453730045067 ) ) ;
#2872 = CARTESIAN_POINT ( 'NONE',  ( -13.95940848130613254, 17.19048706362332624, -28.19311420310955540 ) ) ;
#2873 = CARTESIAN_POINT ( 'NONE',  ( 0.000000000000000000, 0.000000000000000000, 0.000000000000000000 ) ) ;
#2874 = ORIENTED_EDGE ( 'NONE', *, *, #2449, .F. ) ;
#2875 = CIRCLE ( 'NONE', #2311, 2.499999999999999556 ) ;
#2876 = AXIS2_PLACEMENT_3D ( 'NONE', #1268, #3882, #3019 ) ;
#2877 = EDGE_CURVE ( 'NONE', #50, #360, #2585, .T. ) ;
#2878 = EDGE_CURVE ( 'NONE', #2500, #307, #2875, .T. ) ;
#2879 = CARTESIAN_POINT ( 'NONE',  ( -24.09914700631710005, 0.0007479543134519389940, -26.06242905611415139 ) ) ;
#2880 = CARTESIAN_POINT ( 'NONE',  ( 23.48925401660175183, 3.076563991928829900, -31.81242905611410166 ) ) ;
#2881 = CARTESIAN_POINT ( 'NONE',  ( -24.53449844299769822, -21.99456492296550181, 17.50000000000000000 ) ) ;
#2882 = CARTESIAN_POINT ( 'NONE',  ( -19.86420842557570055, 9.793641660709582197, -15.37088557306966230 ) ) ;
#2883 = DIRECTION ( 'NONE',  ( 1.000000000000000000, 0.000000000000000000, 0.000000000000000000 ) ) ;
#2884 = CARTESIAN_POINT ( 'NONE',  ( -22.26383696860014894, -9.221577970918879430, -25.31242905611420113 ) ) ;
#2885 = ADVANCED_FACE ( 'NONE', ( #366 ), #4010, .T. ) ;
#2886 = LOCAL_TIME ( 21, 1, 52.00000000000000000, #3226 ) ;
#2887 = CARTESIAN_POINT ( 'NONE',  ( 22.57612317799855006, -0.001013483722877003834, -20.45525588809359618 ) ) ;
#2888 = DIRECTION ( 'NONE',  ( 0.9785973105380429971, 0.2057846053710263856, 0.000000000000000000 ) ) ;
#2889 = DIRECTION ( 'NONE',  ( 1.000000000000000000, 0.000000000000000000, -4.163336342344339393E-15 ) ) ;
#2890 = EDGE_CURVE ( 'NONE', #5346, #4203, #609, .T. ) ;
#2891 = FACE_OUTER_BOUND ( 'NONE', #3191, .T. ) ;
#2892 = CARTESIAN_POINT ( 'NONE',  ( 0.000000000000000000, 0.000000000000000000, -32.50000000000000000 ) ) ;
#2893 = ORIENTED_EDGE ( 'NONE', *, *, #2013, .F. ) ;
#2894 = ADVANCED_FACE ( 'NONE', ( #3629 ), #432, .F. ) ;
#2895 = EDGE_LOOP ( 'NONE', ( #2310, #1728, #5757, #4370 ) ) ;
#2896 = CARTESIAN_POINT ( 'NONE',  ( 22.00080694968209727, 2.879692713138169768, -28.51742247489114845 ) ) ;
#2897 = EDGE_LOOP ( 'NONE', ( #163, #5479, #4577, #4584 ) ) ;
#2898 = DIRECTION ( 'NONE',  ( -1.000000000000000000, 0.000000000000000000, 0.000000000000000000 ) ) ;
#2899 = CARTESIAN_POINT ( 'NONE',  ( 22.57250642592460110, -0.0009566953313180880103, -15.00000000000000000 ) ) ;
#2900 = CARTESIAN_POINT ( 'NONE',  ( 15.96245245441060057, -15.96268766254624971, -21.95525588809369921 ) ) ;
#2901 = CARTESIAN_POINT ( 'NONE',  ( -6.385658647043679359, -23.83495571147015113, -8.439239837700711178 ) ) ;
#2902 = AXIS2_PLACEMENT_3D ( 'NONE', #3679, #3552, #5358 ) ;
#2903 = CARTESIAN_POINT ( 'NONE',  ( -15.96005810508839851, -15.95974506863364795, -9.267422474891210626 ) ) ;
#2904 = CARTESIAN_POINT ( 'NONE',  ( 22.02576641218800191, 0.000000000000000000, -32.50000000595355232 ) ) ;
#2905 = ORIENTED_EDGE ( 'NONE', *, *, #2403, .T. ) ;
#2906 = ORIENTED_EDGE ( 'NONE', *, *, #3009, .F. ) ;
#2907 = CARTESIAN_POINT ( 'NONE',  ( 0.0001565643146818234733, -24.10104732129340377, -23.06242905611419758 ) ) ;
#2908 = CARTESIAN_POINT ( 'NONE',  ( 24.53449844299775151, 21.99456492296544852, 20.00000000000000000 ) ) ;
#2909 = CARTESIAN_POINT ( 'NONE',  ( 32.24478138222845303, -6.780602746975559647, 17.50000000000000000 ) ) ;
#2910 = CIRCLE ( 'NONE', #450, 32.95000000000000284 ) ;
#2911 = CARTESIAN_POINT ( 'NONE',  ( 0.0001565643146818234733, -24.10104732129340377, -23.06242905611419758 ) ) ;
#2912 = CARTESIAN_POINT ( 'NONE',  ( 12.75021645926286062, -31.31510118997314507, 17.50000000000000000 ) ) ;
#2913 = ORIENTED_EDGE ( 'NONE', *, *, #344, .F. ) ;
#2914 = AXIS2_PLACEMENT_3D ( 'NONE', #2947, #4747, #2917 ) ;
#2915 = CARTESIAN_POINT ( 'NONE',  ( 20.85395129208339782, 8.639151569312140566, -31.66339838996579914 ) ) ;
#2916 = LINE ( 'NONE', #4275, #1606 ) ;
#2917 = DIRECTION ( 'NONE',  ( 1.000000000000000000, 0.000000000000000000, 0.000000000000000000 ) ) ;
#2918 = EDGE_CURVE ( 'NONE', #5317, #4496, #3437, .T. ) ;
#2919 = DIRECTION ( 'NONE',  ( 0.000000000000000000, 0.000000000000000000, -1.000000000000000000 ) ) ;
#2920 = CARTESIAN_POINT ( 'NONE',  ( -5.730242509667461626, -21.38526289169746875, -8.971043757004592223 ) ) ;
#2921 = EDGE_LOOP ( 'NONE', ( #3804, #2333, #2235 ) ) ;
#2922 = ORIENTED_EDGE ( 'NONE', *, *, #4622, .T. ) ;
#2923 = CARTESIAN_POINT ( 'NONE',  ( 0.0001559258941800589987, -22.57297316804145026, -18.58914082496369957 ) ) ;
#2924 = LINE ( 'NONE', #200, #589 ) ;
#2925 = CARTESIAN_POINT ( 'NONE',  ( 16.17901278999169890, -16.17940925163799903, -21.99402064658089984 ) ) ;
#2926 = AXIS2_PLACEMENT_3D ( 'NONE', #4506, #1276, #2112 ) ;
#2927 = AXIS2_PLACEMENT_3D ( 'NONE', #2202, #4027, #2136 ) ;
#2928 = AXIS2_PLACEMENT_3D ( 'NONE', #3994, #4915, #4351 ) ;
#2929 = AXIS2_PLACEMENT_3D ( 'NONE', #708, #4238, #5610 ) ;
#2930 = AXIS2_PLACEMENT_3D ( 'NONE', #1974, #1946, #2798 ) ;
#2931 = CARTESIAN_POINT ( 'NONE',  ( 24.67773059643209876, 3.233775878974344931, -28.68923983770059749 ) ) ;
#2932 = ADVANCED_FACE ( 'NONE', ( #2182 ), #977, .F. ) ;
#2933 = CARTESIAN_POINT ( 'NONE',  ( -15.96029674619845196, 15.96086990273889938, -12.26742247489118043 ) ) ;
#2934 = CARTESIAN_POINT ( 'NONE',  ( -19.34916753922589905, 10.76975608690972841, -27.46572781516033857 ) ) ;
#2935 = APPLICATION_PROTOCOL_DEFINITION ( 'international standard', 'config_control_design', 1994, #4193 ) ;
#2936 = ORIENTED_EDGE ( 'NONE', *, *, #176, .T. ) ;
#2937 = AXIS2_PLACEMENT_3D ( 'NONE', #905, #2717, #4549 ) ;
#2938 = CARTESIAN_POINT ( 'NONE',  ( 17.04001663727485294, -17.04104004414145024, -21.56242905611420113 ) ) ;
#2939 = DIRECTION ( 'NONE',  ( 0.000000000000000000, 0.000000000000000000, -1.000000000000000000 ) ) ;
#2940 = CARTESIAN_POINT ( 'NONE',  ( 22.09005236507124792, 0.6636297020062413843, -28.74544341838044303 ) ) ;
#2941 = CARTESIAN_POINT ( 'NONE',  ( -21.99456492296554799, 24.53449844299765203, 17.50000000000000000 ) ) ;
#2942 = DIRECTION ( 'NONE',  ( -0.08193341677530388556, -0.9966378054316041846, 0.000000000000000000 ) ) ;
#2943 = CARTESIAN_POINT ( 'NONE',  ( -22.57105185555515092, -0.0008474419114031859872, -26.41339838996560374 ) ) ;
#2944 = DIRECTION ( 'NONE',  ( 0.000000000000000000, 0.000000000000000000, 1.000000000000000000 ) ) ;
#2945 = AXIS2_PLACEMENT_3D ( 'NONE', #5795, #5343, #4834 ) ;
#2946 = AXIS2_PLACEMENT_3D ( 'NONE', #5762, #2684, #4933 ) ;
#2947 = CARTESIAN_POINT ( 'NONE',  ( 0.000000000000000000, 0.000000000000000000, -32.50000000000000000 ) ) ;
#2948 = CYLINDRICAL_SURFACE ( 'NONE', #2708, 2.499999999999998668 ) ;
#2949 = CARTESIAN_POINT ( 'NONE',  ( -5.795699755116531016, -21.62991683754110994, -9.268543291909997706 ) ) ;
#2950 = VERTEX_POINT ( 'NONE', #4376 ) ;
#2951 = ORIENTED_EDGE ( 'NONE', *, *, #1244, .T. ) ;
#2952 = CARTESIAN_POINT ( 'NONE',  ( 22.57250642592460110, -0.0009566953313180809630, -15.00000000000000000 ) ) ;
#2953 = CARTESIAN_POINT ( 'NONE',  ( -8.305618534890098622E-14, -35.45000000000000284, 0.000000000000000000 ) ) ;
#2954 = CARTESIAN_POINT ( 'NONE',  ( -8.637040815868299859, 20.85338680428069935, -11.25000000000000000 ) ) ;
#2955 = CARTESIAN_POINT ( 'NONE',  ( 22.08945603760314924, 2.891407823653024955, -32.24466388919139348 ) ) ;
#2956 = EDGE_CURVE ( 'NONE', #5607, #314, #289, .T. ) ;
#2957 = EDGE_CURVE ( 'NONE', #779, #4751, #2493, .T. ) ;
#2958 = CARTESIAN_POINT ( 'NONE',  ( 20.85452811977734910, 8.639366349525868571, -26.25000000000000000 ) ) ;
#2959 = CARTESIAN_POINT ( 'NONE',  ( 23.39103238078545033, 9.692275128735429846, -16.18923983770065078 ) ) ;
#2960 = CARTESIAN_POINT ( 'NONE',  ( -8.637639452833230536, 20.85409947395740105, -27.66855618722784982 ) ) ;
#2961 = DIRECTION ( 'NONE',  ( 0.000000000000000000, 0.000000000000000000, -1.000000000000000000 ) ) ;
#2962 = FACE_OUTER_BOUND ( 'NONE', #1425, .T. ) ;
#2963 = ADVANCED_FACE ( 'NONE', ( #1157 ), #2689, .T. ) ;
#2964 = EDGE_LOOP ( 'NONE', ( #3690, #4830, #323 ) ) ;
#2965 = CARTESIAN_POINT ( 'NONE',  ( 0.000000000000000000, 0.000000000000000000, 0.000000000000000000 ) ) ;
#2966 = CARTESIAN_POINT ( 'NONE',  ( 33.31318758815234560, 4.520401831316839925, 0.000000000000000000 ) ) ;
#2967 = CARTESIAN_POINT ( 'NONE',  ( -20.97126691142901578, 7.120966049820678379, -9.626855145959236637 ) ) ;
#2968 = DIRECTION ( 'NONE',  ( -0.8221469494880901951, 0.5692753230620731797, 0.000000000000000000 ) ) ;
#2969 = CARTESIAN_POINT ( 'NONE',  ( -8.728929212301784091, -22.99095280484714365, -8.525359249644751003 ) ) ;
#2970 = CIRCLE ( 'NONE', #311, 35.45000000000000284 ) ;
#2971 = CIRCLE ( 'NONE', #143, 32.95000000000000284 ) ;
#2972 = CARTESIAN_POINT ( 'NONE',  ( 8.671912413610609605, 20.93708236899330188, -30.24466388919140059 ) ) ;
#2973 = CARTESIAN_POINT ( 'NONE',  ( -22.10000000000000142, -2.826641589216204908E-14, -26.49587929789469953 ) ) ;
#2974 = FACE_OUTER_BOUND ( 'NONE', #4810, .T. ) ;
#2975 = CARTESIAN_POINT ( 'NONE',  ( -6.780602746975449513, 32.24478138222849566, 17.50000000000000000 ) ) ;
#2976 = DIRECTION ( 'NONE',  ( 0.000000000000000000, -1.000000000000000000, 6.938893903907226800E-15 ) ) ;
#2977 = ORIENTED_EDGE ( 'NONE', *, *, #1083, .F. ) ;
#2978 = CC_DESIGN_APPROVAL ( #2590, ( #5628 ) ) ;
#2979 = ORIENTED_EDGE ( 'NONE', *, *, #1441, .T. ) ;
#2980 = CARTESIAN_POINT ( 'NONE',  ( -0.0006706604194892589821, 22.57144357681329794, -12.58914082496374043 ) ) ;
#2981 = CARTESIAN_POINT ( 'NONE',  ( 22.30784519558377710, 0.000000000000000000, -29.43969027526429016 ) ) ;
#2982 = SPHERICAL_SURFACE ( 'NONE', #2945, 2.500000000000000000 ) ;
#2983 = CARTESIAN_POINT ( 'NONE',  ( -8.672561130316930544, 20.93806951829079921, -28.74466388919140059 ) ) ;
#2984 = CARTESIAN_POINT ( 'NONE',  ( 9.301814801718450099, 22.45446286904980226, -13.26496339966609916 ) ) ;
#2985 = CARTESIAN_POINT ( 'NONE',  ( -20.85324299678839921, -8.637034744021820032, -24.66855618722794929 ) ) ;
#2986 = AXIS2_PLACEMENT_3D ( 'NONE', #2274, #1824, #4074 ) ;
#2987 = DIRECTION ( 'NONE',  ( 0.000000000000000000, 0.000000000000000000, 1.000000000000000000 ) ) ;
#2988 = EDGE_CURVE ( 'NONE', #1455, #1711, #1171, .T. ) ;
#2989 = ORIENTED_EDGE ( 'NONE', *, *, #614, .F. ) ;
#2990 = CARTESIAN_POINT ( 'NONE',  ( -10.25021645926304004, -31.31510118997309888, 17.50000000000000000 ) ) ;
#2991 = CARTESIAN_POINT ( 'NONE',  ( -22.50555676903239899, 9.320071339718140280, -14.64970357527320033 ) ) ;
#2992 = CARTESIAN_POINT ( 'NONE',  ( -5.730144764040737471, 21.39316793596106692, -11.50184717040129989 ) ) ;
#2993 = DIRECTION ( 'NONE',  ( 1.000000000000000000, 0.000000000000000000, 0.000000000000000000 ) ) ;
#2994 = PLANE ( 'NONE',  #4958 ) ;
#2995 = CARTESIAN_POINT ( 'NONE',  ( -5.694702453066410541, -21.25242786291950026, -11.95525588809365836 ) ) ;
#2996 = LINE ( 'NONE', #3777, #2365 ) ;
#2997 = DIRECTION ( 'NONE',  ( 0.000000000000000000, 0.000000000000000000, -1.000000000000000000 ) ) ;
#2998 = EDGE_CURVE ( 'NONE', #1696, #936, #1735, .T. ) ;
#2999 = ORIENTED_EDGE ( 'NONE', *, *, #3103, .F. ) ;
#3000 = CARTESIAN_POINT ( 'NONE',  ( -5.797008558061659933, -21.63480863832895196, -9.358701190249270496 ) ) ;
#3001 = ORIENTED_EDGE ( 'NONE', *, *, #5062, .T. ) ;
#3002 = CIRCLE ( 'NONE', #5362, 2.500000000000000444 ) ;
#3003 = ORIENTED_EDGE ( 'NONE', *, *, #5486, .F. ) ;
#3004 = CARTESIAN_POINT ( 'NONE',  ( 20.85435029445099886, 8.637820322069929446, -18.66855618722789956 ) ) ;
#3005 = DIRECTION ( 'NONE',  ( 0.000000000000000000, 5.551115123125781913E-15, -1.000000000000000000 ) ) ;
#3006 = DIRECTION ( 'NONE',  ( 5.551115123125786646E-15, -6.938893903907229364E-16, -1.000000000000000000 ) ) ;
#3007 = CARTESIAN_POINT ( 'NONE',  ( -8.301555219930701668, -21.28796314558555025, -6.818732439705269321 ) ) ;
#3008 = EDGE_CURVE ( 'NONE', #2278, #5317, #141, .T. ) ;
#3009 = EDGE_CURVE ( 'NONE', #300, #939, #3637, .T. ) ;
#3010 = CARTESIAN_POINT ( 'NONE',  ( 31.11026764803479949, -12.74181097284206032, 0.000000000000000000 ) ) ;
#3011 = CARTESIAN_POINT ( 'NONE',  ( -0.0004569694939817150114, 24.30271658183820094, -24.51496339966605120 ) ) ;
#3012 = AXIS2_PLACEMENT_3D ( 'NONE', #467, #907, #2280 ) ;
#3013 = CARTESIAN_POINT ( 'NONE',  ( -6.620846380660769803, -20.99990765302554863, -9.823607870633830785 ) ) ;
#3014 = CIRCLE ( 'NONE', #1600, 5.000000000000000888 ) ;
#3015 = PERSON_AND_ORGANIZATION ( #1259, #3397 ) ;
#3016 = EDGE_LOOP ( 'NONE', ( #31, #3796, #4943, #3067 ) ) ;
#3017 = AXIS2_PLACEMENT_3D ( 'NONE', #4136, #2335, #4967 ) ;
#3018 = AXIS2_PLACEMENT_3D ( 'NONE', #1776, #4947, #1870 ) ;
#3019 = DIRECTION ( 'NONE',  ( 0.9503824336865881461, -0.3110839593099550271, 0.000000000000000000 ) ) ;
#3020 = CARTESIAN_POINT ( 'NONE',  ( -17.22290971759210265, -17.22374765232029858, -24.39970357527315059 ) ) ;
#3021 = CARTESIAN_POINT ( 'NONE',  ( 22.10000000000000142, 1.732349136746535199E-14, -15.00183228269314917 ) ) ;
#3022 = FACE_OUTER_BOUND ( 'NONE', #1597, .T. ) ;
#3023 = CARTESIAN_POINT ( 'NONE',  ( -8.175030513686509792, -20.89996113724034288, -6.726721488128938553 ) ) ;
#3024 = CARTESIAN_POINT ( 'NONE',  ( 22.16465812917145328, 0.000000000000000000, -30.02647740112110242 ) ) ;
#3025 = APPROVAL ( #2157, 'UNSPECIFIED' ) ;
#3026 = CARTESIAN_POINT ( 'NONE',  ( -8.672561130316930544, 20.93806951829079921, -28.74466388919140059 ) ) ;
#3027 = CYLINDRICAL_SURFACE ( 'NONE', #3399, 2.500000000000000444 ) ;
#3028 = DIRECTION ( 'NONE',  ( 0.6675133512280860826, -0.7445978283155610944, 8.872128790652023007E-15 ) ) ;
#3029 = EDGE_LOOP ( 'NONE', ( #3037, #3783, #3003, #5752 ) ) ;
#3030 = DIRECTION ( 'NONE',  ( 1.000000000000000000, 0.000000000000000000, 0.000000000000000000 ) ) ;
#3031 = ORIENTED_EDGE ( 'NONE', *, *, #2145, .T. ) ;
#3032 = ORIENTED_EDGE ( 'NONE', *, *, #1395, .F. ) ;
#3033 = CARTESIAN_POINT ( 'NONE',  ( -0.0006817870049026129257, 22.57144535519374884, -13.76742247489119997 ) ) ;
#3034 = DIRECTION ( 'NONE',  ( -0.7445978283155600952, -0.6675133512280870818, 1.175818758644960519E-14 ) ) ;
#3035 = DIRECTION ( 'NONE',  ( 0.000000000000000000, -2.775557561562890957E-15, -1.000000000000000000 ) ) ;
#3036 = CARTESIAN_POINT ( 'NONE',  ( -8.430951811248011296, -21.80729900612309891, -11.83587922911837964 ) ) ;
#3037 = ORIENTED_EDGE ( 'NONE', *, *, #619, .F. ) ;
#3038 = DIRECTION ( 'NONE',  ( -1.000000000000000000, 0.000000000000000000, 0.000000000000000000 ) ) ;
#3039 = CARTESIAN_POINT ( 'NONE',  ( 17.63449296418155043, 17.63399078048724888, -14.67001597436702021 ) ) ;
#3040 = CARTESIAN_POINT ( 'NONE',  ( 20.85578466003829945, -8.638420683293299263, -20.77299471345104820 ) ) ;
#3041 = APPROVAL_DATE_TIME ( #3456, #5678 ) ;
#3042 = ORIENTED_EDGE ( 'NONE', *, *, #771, .T. ) ;
#3043 = ORIENTED_EDGE ( 'NONE', *, *, #1012, .F. ) ;
#3044 = CARTESIAN_POINT ( 'NONE',  ( 22.10000000000000142, 0.6642298505446390111, -30.76594603717045118 ) ) ;
#3045 = CARTESIAN_POINT ( 'NONE',  ( -7.067681359732429947, -22.42080801329445094, -11.64576238944754039 ) ) ;
#3046 = CARTESIAN_POINT ( 'NONE',  ( 21.95908253317000103, 2.491725165709020029, -26.78608859909139639 ) ) ;
#3047 = DIRECTION ( 'NONE',  ( 0.000000000000000000, 0.000000000000000000, 1.000000000000000000 ) ) ;
#3048 = CARTESIAN_POINT ( 'NONE',  ( -8.601119942314326750, -22.52336927876188000, -7.680882343530833545 ) ) ;
#3049 = CARTESIAN_POINT ( 'NONE',  ( 24.53449844299759874, -21.99456492296560128, 0.000000000000000000 ) ) ;
#3050 = EDGE_CURVE ( 'NONE', #208, #314, #4479, .T. ) ;
#3051 = EDGE_CURVE ( 'NONE', #442, #4006, #612, .T. ) ;
#3052 = CARTESIAN_POINT ( 'NONE',  ( -15.96253190800850064, -15.96213806153224901, -12.95525588809372053 ) ) ;
#3053 = EDGE_LOOP ( 'NONE', ( #1266, #929, #5718, #5648, #608 ) ) ;
#3054 = CARTESIAN_POINT ( 'NONE',  ( -19.43057309176174030, -10.76362275811086633, -13.53037166319522022 ) ) ;
#3055 = DIRECTION ( 'NONE',  ( 1.000000000000000000, 0.000000000000000000, 0.000000000000000000 ) ) ;
#3056 = ORIENTED_EDGE ( 'NONE', *, *, #1532, .T. ) ;
#3057 = CARTESIAN_POINT ( 'NONE',  ( -5.667492356054130376, -21.15072701139159861, -8.991921826477909718 ) ) ;
#3058 = EDGE_LOOP ( 'NONE', ( #2094, #2648, #1252, #362 ) ) ;
#3059 = EDGE_CURVE ( 'NONE', #346, #5440, #4003, .T. ) ;
#3060 = AXIS2_PLACEMENT_3D ( 'NONE', #966, #5852, #1384 ) ;
#3061 = ORIENTED_EDGE ( 'NONE', *, *, #51, .F. ) ;
#3062 = CARTESIAN_POINT ( 'NONE',  ( -8.639376348926218085, -20.85556291667795037, -23.16855618722784982 ) ) ;
#3063 = CARTESIAN_POINT ( 'NONE',  ( 15.96014691364154992, -15.96024844755575245, -16.50000000000000000 ) ) ;
#3064 = CYLINDRICAL_SURFACE ( 'NONE', #5409, 5.000000000000002665 ) ;
#3065 = FACE_OUTER_BOUND ( 'NONE', #5046, .T. ) ;
#3066 = CARTESIAN_POINT ( 'NONE',  ( -8.072388879861010835, -20.40621181593470368, -6.694412811426619925 ) ) ;
#3067 = ORIENTED_EDGE ( 'NONE', *, *, #4163, .F. ) ;
#3068 = FACE_OUTER_BOUND ( 'NONE', #2748, .T. ) ;
#3069 = CARTESIAN_POINT ( 'NONE',  ( -9.298761932161170307, -22.45451416924730026, -19.26496339966615068 ) ) ;
#3070 = CARTESIAN_POINT ( 'NONE',  ( 15.96005064123160189, -15.96025899266394887, -20.91855618722789600 ) ) ;
#3071 = COORDINATED_UNIVERSAL_TIME_OFFSET ( 8, 0, .BEHIND. ) ;
#3072 = ORIENTED_EDGE ( 'NONE', *, *, #4198, .T. ) ;
#3073 = EDGE_LOOP ( 'NONE', ( #832, #3963, #4873 ) ) ;
#3074 = CARTESIAN_POINT ( 'NONE',  ( -30.70060056415834993, 17.72500000000000142, 17.50000000000000000 ) ) ;
#3075 = CARTESIAN_POINT ( 'NONE',  ( 9.321587715613830483, 22.50260262440675163, -29.64970357527314704 ) ) ;
#3076 = CARTESIAN_POINT ( 'NONE',  ( -17.72500000000000142, -30.70060056415830019, 17.50000000000000000 ) ) ;
#3077 = CARTESIAN_POINT ( 'NONE',  ( 4.520401831316960717, 33.31318758815234560, 17.50000000000000000 ) ) ;
#3078 = CARTESIAN_POINT ( 'NONE',  ( -4.520401831316960717, 33.31318758815234560, 0.000000000000000000 ) ) ;
#3079 = DIRECTION ( 'NONE',  ( 1.000000000000000000, 0.000000000000000000, 0.000000000000000000 ) ) ;
#3080 = EDGE_CURVE ( 'NONE', #3250, #2557, #5805, .T. ) ;
#3081 = CARTESIAN_POINT ( 'NONE',  ( -20.85701758170595355, -8.640355744527459692, -13.70525588809353934 ) ) ;
#3082 = VERTEX_POINT ( 'NONE', #2161 ) ;
#3083 = DIRECTION ( 'NONE',  ( 0.000000000000000000, 0.000000000000000000, 1.000000000000000000 ) ) ;
#3084 = DIRECTION ( 'NONE',  ( 1.000000000000000000, 0.000000000000000000, 1.387778780781445478E-15 ) ) ;
#3085 = CARTESIAN_POINT ( 'NONE',  ( 22.66357868677820164, -0.0009163923091303729151, -20.49466388919134729 ) ) ;
#3086 = AXIS2_PLACEMENT_3D ( 'NONE', #4088, #5461, #4564 ) ;
#3087 = ORIENTED_EDGE ( 'NONE', *, *, #5669, .F. ) ;
#3088 = CARTESIAN_POINT ( 'NONE',  ( -5.719289650775089662, -21.34432532813359984, -8.963392306935070053 ) ) ;
#3089 = ORIENTED_EDGE ( 'NONE', *, *, #1901, .F. ) ;
#3090 = EDGE_LOOP ( 'NONE', ( #1666, #4890, #4857, #3894, #5208 ) ) ;
#3091 = CARTESIAN_POINT ( 'NONE',  ( 15.96244827439239877, 15.96298390707670123, -16.74027453730045067 ) ) ;
#3092 = CARTESIAN_POINT ( 'NONE',  ( 14.60427118782805245, 16.64984854061665587, -18.87084650358750793 ) ) ;
#3093 = CARTESIAN_POINT ( 'NONE',  ( -6.780602746975519679, -32.24478138222849566, 17.50000000000000000 ) ) ;
#3094 = DIRECTION ( 'NONE',  ( 0.000000000000000000, 0.000000000000000000, 1.000000000000000000 ) ) ;
#3095 = CARTESIAN_POINT ( 'NONE',  ( -8.178121692364831219, -20.81249748956174983, -6.706734665087969560 ) ) ;
#3096 = DIRECTION ( 'NONE',  ( 1.000000000000000000, 0.000000000000000000, 0.000000000000000000 ) ) ;
#3097 = ORIENTED_EDGE ( 'NONE', *, *, #4134, .T. ) ;
#3098 = CARTESIAN_POINT ( 'NONE',  ( 24.53449844299775151, 21.99456492296539878, 17.50000000000000000 ) ) ;
#3099 = CARTESIAN_POINT ( 'NONE',  ( 23.68863068188995058, 3.102949160129245154, -27.26496339966605120 ) ) ;
#3100 = CARTESIAN_POINT ( 'NONE',  ( -15.95964400242349690, -15.95925339048135250, -12.91339838996580092 ) ) ;
#3101 = CALENDAR_DATE ( 2026, 22, 6 ) ;
#3102 = ORIENTED_EDGE ( 'NONE', *, *, #4183, .F. ) ;
#3103 = EDGE_CURVE ( 'NONE', #1236, #5530, #3886, .T. ) ;
#3104 = APPROVAL_PERSON_ORGANIZATION ( #1652, #3387, #1739 ) ;
#3105 = AXIS2_PLACEMENT_3D ( 'NONE', #819, #2635, #4444 ) ;
#3106 = CARTESIAN_POINT ( 'NONE',  ( 22.25912664157466736, -0.000000000000000000, -29.96684554338306938 ) ) ;
#3107 = CARTESIAN_POINT ( 'NONE',  ( -17.04231097319850008, 17.04170971210359653, -27.56242905611415139 ) ) ;
#3108 = CARTESIAN_POINT ( 'NONE',  ( 0.0009469663927753679345, 22.57207504543210064, -24.58914082496374931 ) ) ;
#3109 = DIRECTION ( 'NONE',  ( 0.000000000000000000, 0.000000000000000000, -1.000000000000000000 ) ) ;
#3110 = CARTESIAN_POINT ( 'NONE',  ( -6.780602746975439743, 32.24478138222849566, 20.00000000000000000 ) ) ;
#3111 = CARTESIAN_POINT ( 'NONE',  ( 10.25021645926311997, 31.31510118997304915, 17.50000000000000000 ) ) ;
#3112 = AXIS2_PLACEMENT_3D ( 'NONE', #526, #1928, #2307 ) ;
#3113 = CARTESIAN_POINT ( 'NONE',  ( 21.62582862190975064, -8.957733751977698944, -21.15349006216964867 ) ) ;
#3114 = CARTESIAN_POINT ( 'NONE',  ( -31.31510118997309888, -10.25021645926289970, 20.00000000000000000 ) ) ;
#3115 = VECTOR ( 'NONE', #2939, 1000.000000000000000 ) ;
#3116 = CARTESIAN_POINT ( 'NONE',  ( -21.99456492296554799, 24.53449844299765203, 0.000000000000000000 ) ) ;
#3117 = CARTESIAN_POINT ( 'NONE',  ( -8.674039222344369193, -20.93958957797864784, -24.24466388919134729 ) ) ;
#3118 = EDGE_CURVE ( 'NONE', #4707, #1475, #2970, .T. ) ;
#3119 = ORIENTED_EDGE ( 'NONE', *, *, #1567, .F. ) ;
#3120 = CARTESIAN_POINT ( 'NONE',  ( -5.768532388139909983, -21.52837569441155097, -9.055805460746901403 ) ) ;
#3121 = VERTEX_POINT ( 'NONE', #787 ) ;
#3122 = TOROIDAL_SURFACE ( 'NONE', #1047, 7.500000000000000000, 2.500000000000000000 ) ;
#3123 = CIRCLE ( 'NONE', #5501, 22.10000000000000142 ) ;
#3124 = CARTESIAN_POINT ( 'NONE',  ( -8.637639452833230536, 20.85409947395740105, -27.66855618722784982 ) ) ;
#3125 = CARTESIAN_POINT ( 'NONE',  ( 8.637092499873579854, 20.85302587620019921, -24.75000000000000000 ) ) ;
#3126 = CARTESIAN_POINT ( 'NONE',  ( -30.70060056415840322, -17.72500000000000142, 20.00000000000000000 ) ) ;
#3127 = CARTESIAN_POINT ( 'NONE',  ( -21.99456492296554799, 24.53449844299769822, 20.00000000000000000 ) ) ;
#3128 = CARTESIAN_POINT ( 'NONE',  ( -8.685958206496609435, -22.77087777769904875, -10.85278727422543987 ) ) ;
#3129 = FACE_OUTER_BOUND ( 'NONE', #530, .T. ) ;
#3130 = ORIENTED_EDGE ( 'NONE', *, *, #4365, .F. ) ;
#3131 = ADVANCED_FACE ( 'NONE', ( #5663, #4789 ), #2514, .F. ) ;
#3132 = DIRECTION ( 'NONE',  ( 0.000000000000000000, 0.000000000000000000, 1.000000000000000000 ) ) ;
#3133 = CARTESIAN_POINT ( 'NONE',  ( 22.28129402335340004, 0.000000000000000000, -27.00000000000000000 ) ) ;
#3134 = AXIS2_PLACEMENT_3D ( 'NONE', #5543, #5598, #1088 ) ;
#3135 = CIRCLE ( 'NONE', #5025, 2.500000000000002220 ) ;
#3136 = CARTESIAN_POINT ( 'NONE',  ( 20.85227034995364903, -8.636959263542170362, -21.10827761439395189 ) ) ;
#3137 = COORDINATED_UNIVERSAL_TIME_OFFSET ( 8, 0, .BEHIND. ) ;
#3138 = ORIENTED_EDGE ( 'NONE', *, *, #2778, .T. ) ;
#3139 = EDGE_CURVE ( 'NONE', #2423, #1011, #5146, .T. ) ;
#3140 = DIRECTION ( 'NONE',  ( 0.000000000000000000, 0.000000000000000000, 1.000000000000000000 ) ) ;
#3141 = CARTESIAN_POINT ( 'NONE',  ( 9.665203016762768939, 23.32994294475025043, -16.49954139175619972 ) ) ;
#3142 = CARTESIAN_POINT ( 'NONE',  ( -8.637036769058369146, 20.85340137380135062, -11.83914082496372089 ) ) ;
#3143 = EDGE_CURVE ( 'NONE', #3579, #3329, #3732, .T. ) ;
#3144 = DIRECTION ( 'NONE',  ( 1.000000000000000000, 0.000000000000000000, 5.551115123125781913E-15 ) ) ;
#3145 = CARTESIAN_POINT ( 'NONE',  ( 31.11026764803479949, -12.74181097284206032, 17.50000000000000000 ) ) ;
#3146 = DIRECTION ( 'NONE',  ( 0.000000000000000000, 0.000000000000000000, -1.000000000000000000 ) ) ;
#3147 = B_SPLINE_SURFACE_WITH_KNOTS ( 'NONE', 3, 3, ( 
 ( #948, #417, #5836, #3172, #2343, #2228, #2287, #3677, #3647, #888, #4054, #1774, #3585, #4975, #99, #4528, #3201, #1808, #5395, #1839, #2699, #5491, #5034, #2758, #2786, #534, #4946, #4144, #1905, #4586, #446 ),
 ( #66, #2255, #3231, #5356, #1303, #3108, #4914, #1370, #2314, #856, #5459, #918, #39, #2728, #3615, #2670, #4470, #1396, #4024, #1338, #476, #4086, #3142, #12, #4209, #3711, #5124, #3767, #1489, #3343, #4615 ),
 ( #5148, #2405, #651, #154, #1961, #5092, #2460, #3818, #229, #5175, #5603, #3736, #3286, #5522, #5630, #1120, #1515, #1564, #206, #5575, #1457, #1989, #1040, #2933, #4733, #1092, #3259, #2903, #3318, #2846, #3368 ),
 ( #4180, #680, #4651, #2483, #5065, #4288, #598, #4704, #5547, #569, #179, #1541, #1065, #128, #2871, #1008, #2814, #2378, #4264, #4677, #626, #2430, #2016, #1933, #4232, #3794, #3514, #5319, #1178, #3013, #727 ),
 ( #2537, #2043, #3455, #2102, #5690, #1675, #2960, #5261, #1709, #4759, #2985, #1264, #1234, #754, #4785, #3070, #2567, #2127, #2595, #4816, #783, #1594, #4871, #3903, #2071, #4398, #341, #809, #702, #2628, #3427 ),
 ( #4432, #3481, #3841, #5293, #4343, #5233, #2156, #5658, #3875, #2509, #3957, #3402, #4373, #1205, #283, #5715, #3040, #312, #1650, #4840, #5205, #3931, #1152, #4315, #5741, #254, #1623, #5771, #5802, #2722, #3167 ),
 ( #974, #2192, #881, #2751, #2694, #500, #1767, #5029, #5349, #2780, #5420, #4495, #409, #4999, #2222, #4018, #3136, #441, #4941, #2249, #2665, #5830, #4047, #2309, #3577, #3988, #943, #4110, #470, #6, #1363 ),
 ( #2283, #1804, #4465, #3610, #376, #1424, #3672, #1391, #4969, #5386, #1332, #4558, #5484, #910, #4523, #1862, #3225, #4081, #34, #1831, #3641, #5452, #3196, #63, #1738, #3543, #1296, #3100, #4907, #848, #175 ),
 ( #201, #3791, #3314, #5544, #4262, #5120, #4672, #5144, #1509, #3341, #4139, #1562, #4647, #4610, #1089, #2900, #3365, #1453, #5172, #124, #4700, #92, #2428, #2012, #1983, #2868, #4229, #1931, #1063, #648, #5060 ),
 ( #3816, #624, #152, #3284, #595, #5599, #1539, #1483, #2452, #5626, #1117, #4583, #3255, #529, #2337, #1900, #1003, #3706, #5519, #2808, #560, #2373, #4173, #3731, #5088, #2402, #1034, #2843, #4206, #1957, #3762 ),
 ( #5573, #2955, #1750, #4755, #699, #5685, #2983, #1619, #1176, #5201, #2505, #3425, #3117, #4310, #4730, #3557, #4924, #3085, #4781, #2098, #2534, #868, #5403, #722, #250, #426, #5712, #2066, #5367, #2677, #3452 ),
 ( #1647, #1311, #2480, #5843, #4338, #3867, #4478, #2234, #1784, #5654, #3594, #5229, #4031, #4284, #825, #2925, #4451, #1200, #2647, #279, #5257, #674, #3395, #227, #2039, #3838, #3901, #1147, #1590, #4887, #394 ),
 ( #2206, #4002, #5816, #2821, #4066, #4121, #4627, #895, #20, #2705, #3685, #75, #5499, #5436, #1378, #2262, #4508, #1406, #4953, #4537, #2793, #1816, #3623, #5013, #4187, #3179, #1880, #5529, #1436, #2733, #47 ),
 ( #5467, #4982, #926, #4093, #1465, #485, #3151, #108, #3267, #3238, #3208, #511, #956, #5072, #3744, #2765, #2294, #578, #5042, #1847, #1913, #3655, #1017, #136, #3717, #1941, #2387, #4570, #543, #1348, #989 ),
 ( #2322, #4594, #454, #2354, #4153, #212, #1604, #1997, #3801, #1100, #3774, #187, #5555, #2911, #5613, #3327, #5183, #605, #4711, #5215, #2414, #4685, #1160, #4742, #4272, #633, #1548, #660, #261, #1494, #3351 ) ),
 .UNSPECIFIED., .F., .F., .F.,
 ( 4, 1, 1, 1, 1, 1, 1, 1, 1, 1, 1, 1, 4 ),
 ( 4, 1, 1, 1, 1, 1, 1, 1, 1, 1, 1, 1, 1, 1, 1, 1, 1, 1, 1, 1, 1, 1, 1, 1, 1, 1, 1, 1, 4 ),
 ( 0.000000000000000000, 0.2500000000000000000, 0.5000000000000000000, 0.6250000000000000000, 0.7500000000000000000, 0.7578125000000000000, 0.7656250000000000000, 0.7734375000000000000, 0.7773437500000000000, 0.7812500000000000000, 0.8125000000000000000, 0.8750000000000000000, 1.000000000000000000 ),
 ( 0.000000000000000000, 0.03658536585365854826, 0.07317073170731711040, 0.1097560975609755962, 0.1463414634146342208, 0.1829268292682925123, 0.2195121951219514977, 0.2560975609756099836, 0.2926829268292684971, 0.3292682926829270107, 0.3658536585365855243, 0.4024390243902439823, 0.4390243902439024959, 0.4756097560975610095, 0.5121951219512199671, 0.5487804878048780921, 0.5853658536585369943, 0.6219512195121950082, 0.6585365853658540214, 0.6951219512195119243, 0.7317073170731710485, 0.7682926829268299507, 0.8048780487804879646, 0.8414634146341469778, 0.8780487804878049918, 0.9146341463414640049, 0.9512195121951220189, 0.9878048780487810321, 1.000000000000000000 ),
 .UNSPECIFIED. ) ;
#3148 = CARTESIAN_POINT ( 'NONE',  ( 8.756167250026599902, 21.13957036104124754, -18.24402064658085010 ) ) ;
#3149 = FACE_OUTER_BOUND ( 'NONE', #3053, .T. ) ;
#3150 = DIRECTION ( 'NONE',  ( 0.000000000000000000, 0.000000000000000000, -1.000000000000000000 ) ) ;
#3151 = CARTESIAN_POINT ( 'NONE',  ( -9.124492516082140625, 22.02481424787999842, -28.47515453695519838 ) ) ;
#3152 = DIRECTION ( 'NONE',  ( 0.000000000000000000, 0.000000000000000000, 1.000000000000000000 ) ) ;
#3153 = CARTESIAN_POINT ( 'NONE',  ( -5.693498590739220155, -21.24792828970069891, -9.657006934047720037 ) ) ;
#3154 = ORIENTED_EDGE ( 'NONE', *, *, #546, .T. ) ;
#3155 = ORIENTED_EDGE ( 'NONE', *, *, #1568, .F. ) ;
#3156 = CARTESIAN_POINT ( 'NONE',  ( -6.620849872602970088, -20.99990998482745042, -11.00188952056126013 ) ) ;
#3157 = DIRECTION ( 'NONE',  ( -0.5692753230620657412, 0.8221469494880953022, 0.000000000000000000 ) ) ;
#3158 = CARTESIAN_POINT ( 'NONE',  ( -17.88148647880450071, 13.06165566123748611, -22.20695735252841629 ) ) ;
#3159 = CARTESIAN_POINT ( 'NONE',  ( 33.69105727418964591, 11.02792635753769979, 17.50000000000000000 ) ) ;
#3160 = CARTESIAN_POINT ( 'NONE',  ( -8.507606761798999884, -22.07550692674575288, -7.223786485931710466 ) ) ;
#3161 = FACE_OUTER_BOUND ( 'NONE', #1762, .T. ) ;
#3162 = VERTEX_POINT ( 'NONE', #5264 ) ;
#3163 = AXIS2_PLACEMENT_3D ( 'NONE', #1150, #4313, #1757 ) ;
#3164 = AXIS2_PLACEMENT_3D ( 'NONE', #2549, #3493, #4352 ) ;
#3165 = DIRECTION ( 'NONE',  ( 0.000000000000000000, 0.000000000000000000, -1.000000000000000000 ) ) ;
#3166 = CARTESIAN_POINT ( 'NONE',  ( -16.59049667494429769, -16.58970867077295352, -7.588419329384869627 ) ) ;
#3167 = CARTESIAN_POINT ( 'NONE',  ( -5.694606504464450047, -21.25206924403925157, -11.52299471345103932 ) ) ;
#3168 = CALENDAR_DATE ( 2026, 22, 6 ) ;
#3169 = ORIENTED_EDGE ( 'NONE', *, *, #5165, .F. ) ;
#3170 = CARTESIAN_POINT ( 'NONE',  ( 22.26832381991292564, -0.000000000000000000, -29.96106980744821158 ) ) ;
#3171 = CARTESIAN_POINT ( 'NONE',  ( -17.99264761130739743, 17.99163304759510140, -25.35399774898194991 ) ) ;
#3172 = CARTESIAN_POINT ( 'NONE',  ( 15.96032586147899934, 15.96029631152930151, -25.50000000000000000 ) ) ;
#3173 = DIRECTION ( 'NONE',  ( -0.9040803662633939419, -0.4273624823695310049, 0.000000000000000000 ) ) ;
#3174 = DIRECTION ( 'NONE',  ( 0.000000000000000000, 0.000000000000000000, 1.000000000000000000 ) ) ;
#3175 = CARTESIAN_POINT ( 'NONE',  ( 22.34166400630475025, 0.000000000000000000, -29.48953950895949916 ) ) ;
#3176 = CARTESIAN_POINT ( 'NONE',  ( -23.40986896015984797, 0.0001387901914312196082, -14.40349006216973926 ) ) ;
#3177 = CARTESIAN_POINT ( 'NONE',  ( -7.295064260403100853, -34.69127465857359738, 20.00000000000000000 ) ) ;
#3178 = DIRECTION ( 'NONE',  ( 0.000000000000000000, 0.000000000000000000, -1.000000000000000000 ) ) ;
#3179 = CARTESIAN_POINT ( 'NONE',  ( -23.40986896015984797, 0.0001387901914312196082, -14.40349006216973926 ) ) ;
#3180 = CARTESIAN_POINT ( 'NONE',  ( -34.69127465857359738, -7.295064260402980061, 17.50000000000000000 ) ) ;
#3181 = CARTESIAN_POINT ( 'NONE',  ( -8.075780098388460004, -20.51665953851264845, -6.716593941753779440 ) ) ;
#3182 = ORIENTED_EDGE ( 'NONE', *, *, #857, .T. ) ;
#3183 = CARTESIAN_POINT ( 'NONE',  ( 22.00296986071574779, 0.000000000000000000, -32.02299471345099846 ) ) ;
#3184 = CARTESIAN_POINT ( 'NONE',  ( 22.46504977481525955, 2.304314194760922252, -32.24607838008339655 ) ) ;
#3185 = ADVANCED_FACE ( 'NONE', ( #315, #258, #2078 ), #5695, .F. ) ;
#3186 = CARTESIAN_POINT ( 'NONE',  ( 0.000000000000000000, 0.000000000000000000, 20.00000000000000000 ) ) ;
#3187 = CARTESIAN_POINT ( 'NONE',  ( 0.000000000000000000, 0.000000000000000000, 20.00000000000000000 ) ) ;
#3188 = CARTESIAN_POINT ( 'NONE',  ( -8.805395928678610318, -23.15916139736980028, -9.438678485302959942 ) ) ;
#3189 = CARTESIAN_POINT ( 'NONE',  ( 31.31510118997314507, 10.25021645926280023, 20.00000000000000000 ) ) ;
#3190 = ORIENTED_EDGE ( 'NONE', *, *, #723, .T. ) ;
#3191 = EDGE_LOOP ( 'NONE', ( #978, #5311, #4802, #5114 ) ) ;
#3192 = CYLINDRICAL_SURFACE ( 'NONE', #2366, 2.500000000000000444 ) ;
#3193 = ORIENTED_EDGE ( 'NONE', *, *, #344, .T. ) ;
#3194 = CARTESIAN_POINT ( 'NONE',  ( -21.12248983656009926, 8.749210743623372366, -9.750000000000000000 ) ) ;
#3195 = ADVANCED_FACE ( 'NONE', ( #5117 ), #5456, .T. ) ;
#3196 = CARTESIAN_POINT ( 'NONE',  ( -8.636753608797031134, 20.85291768187489936, -16.66339838996564993 ) ) ;
#3197 = EDGE_LOOP ( 'NONE', ( #1850, #741, #5061, #1671 ) ) ;
#3198 = CIRCLE ( 'NONE', #2252, 2.500000000000000444 ) ;
#3199 = EDGE_CURVE ( 'NONE', #4083, #5607, #1640, .T. ) ;
#3200 = CARTESIAN_POINT ( 'NONE',  ( -25.25100779318849931, 0.001959788314325530082, -24.74954139175624945 ) ) ;
#3201 = CARTESIAN_POINT ( 'NONE',  ( 20.85290869284730064, -8.637289879644990620, -15.75000000000000000 ) ) ;
#3202 = DIRECTION ( 'NONE',  ( 0.000000000000000000, 0.000000000000000000, -1.000000000000000000 ) ) ;
#3203 = CARTESIAN_POINT ( 'NONE',  ( 1.446441617590319639, -22.09999999999999787, -17.87687566225812219 ) ) ;
#3204 = CARTESIAN_POINT ( 'NONE',  ( 23.22099131000575056, 2.480160462179620051, -31.94621779995020106 ) ) ;
#3205 = CARTESIAN_POINT ( 'NONE',  ( 16.17901278999169890, -16.17940925163799903, -21.99402064658089984 ) ) ;
#3206 = CARTESIAN_POINT ( 'NONE',  ( -32.24478138222849566, 6.780602746975479711, 0.000000000000000000 ) ) ;
#3207 = CARTESIAN_POINT ( 'NONE',  ( 33.31318758815229586, -4.520401831317090391, 17.50000000000000000 ) ) ;
#3208 = CARTESIAN_POINT ( 'NONE',  ( -22.02446584437145205, -9.122378783578021455, -25.47515453695525167 ) ) ;
#3209 = SECURITY_CLASSIFICATION ( '', '', #1334 ) ;
#3210 = ORIENTED_EDGE ( 'NONE', *, *, #3619, .T. ) ;
#3211 = CIRCLE ( 'NONE', #2538, 32.95000000000000284 ) ;
#3212 = CARTESIAN_POINT ( 'NONE',  ( -5.629288379133050135, -21.00793527555639884, -9.795642858895480032 ) ) ;
#3213 = ORIENTED_EDGE ( 'NONE', *, *, #3935, .T. ) ;
#3214 = CIRCLE ( 'NONE', #5765, 2.499999999999999112 ) ;
#3215 = CARTESIAN_POINT ( 'NONE',  ( 20.85736885308224942, 8.640558120432720202, -31.27299471345110149 ) ) ;
#3216 = LINE ( 'NONE', #1921, #3693 ) ;
#3217 = CARTESIAN_POINT ( 'NONE',  ( -4.024740628434146927, 21.77512044003975689, -23.65299879881145984 ) ) ;
#3218 = DIRECTION ( 'NONE',  ( 0.4273624823695281738, -0.9040803662633953852, 0.000000000000000000 ) ) ;
#3219 = CARTESIAN_POINT ( 'NONE',  ( -8.528398051430730931, -22.07426563235834749, -11.67345659199430052 ) ) ;
#3220 = CYLINDRICAL_SURFACE ( 'NONE', #1903, 5.000000000000000000 ) ;
#3221 = ORIENTED_EDGE ( 'NONE', *, *, #3246, .F. ) ;
#3222 = ORIENTED_EDGE ( 'NONE', *, *, #1095, .F. ) ;
#3223 = CYLINDRICAL_SURFACE ( 'NONE', #3017, 5.000000000000002665 ) ;
#3224 = CARTESIAN_POINT ( 'NONE',  ( -10.39681348585780007, -20.01935011574660095, -6.916666666666709595 ) ) ;
#3225 = CARTESIAN_POINT ( 'NONE',  ( 20.85237154774375057, -8.637000549672169569, -21.16339838996569966 ) ) ;
#3226 = COORDINATED_UNIVERSAL_TIME_OFFSET ( 8, 0, .BEHIND. ) ;
#3227 = ORIENTED_EDGE ( 'NONE', *, *, #4353, .F. ) ;
#3228 = CIRCLE ( 'NONE', #1148, 2.500000000000000444 ) ;
#3229 = AXIS2_PLACEMENT_3D ( 'NONE', #3245, #142, #995 ) ;
#3230 = CARTESIAN_POINT ( 'NONE',  ( -25.25355354936920094, 0.0009290462330589639413, -12.74954139175614110 ) ) ;
#3231 = CARTESIAN_POINT ( 'NONE',  ( 20.85453101574299950, 8.639370035133028480, -26.83914082496374931 ) ) ;
#3232 = CYLINDRICAL_SURFACE ( 'NONE', #3018, 4.999999999999996447 ) ;
#3233 = CARTESIAN_POINT ( 'NONE',  ( 2.892847469061247345, -21.95754145786461464, -17.75187377619008799 ) ) ;
#3234 = CARTESIAN_POINT ( 'NONE',  ( 22.25875216954515068, 2.494380952015860409, -26.81091788897670014 ) ) ;
#3235 = CARTESIAN_POINT ( 'NONE',  ( -21.14204993521299869, 8.757332865741100036, -15.24402064658085010 ) ) ;
#3236 = DIRECTION ( 'NONE',  ( 0.000000000000000000, 0.000000000000000000, 1.000000000000000000 ) ) ;
#3237 = DIRECTION ( 'NONE',  ( 0.000000000000000000, 0.000000000000000000, 1.000000000000000000 ) ) ;
#3238 = CARTESIAN_POINT ( 'NONE',  ( -23.83994198301515155, 0.0004764234892566379860, -26.22515453695515220 ) ) ;
#3239 = ORIENTED_EDGE ( 'NONE', *, *, #1328, .F. ) ;
#3240 = CARTESIAN_POINT ( 'NONE',  ( -5.779368949798589838, -21.56887858375529987, -9.519909713880009505 ) ) ;
#3241 = ORIENTED_EDGE ( 'NONE', *, *, #901, .T. ) ;
#3242 = ORIENTED_EDGE ( 'NONE', *, *, #764, .T. ) ;
#3243 = CARTESIAN_POINT ( 'NONE',  ( -20.85606853842080000, -8.638194620211660180, -25.27299471345110149 ) ) ;
#3244 = CARTESIAN_POINT ( 'NONE',  ( 0.000000000000000000, 0.000000000000000000, 17.50000000000000000 ) ) ;
#3245 = CARTESIAN_POINT ( 'NONE',  ( 24.53449844299775151, 21.99456492296544852, 17.50000000000000000 ) ) ;
#3246 = EDGE_CURVE ( 'NONE', #3420, #618, #4944, .T. ) ;
#3247 = CARTESIAN_POINT ( 'NONE',  ( -8.191448570597330558, -20.81544441450460425, -12.52845907386425850 ) ) ;
#3248 = EDGE_CURVE ( 'NONE', #2836, #1884, #2226, .T. ) ;
#3249 = CARTESIAN_POINT ( 'NONE',  ( 33.31318758815229586, -4.520401831317090391, 0.000000000000000000 ) ) ;
#3250 = VERTEX_POINT ( 'NONE', #1806 ) ;
#3251 = VERTEX_POINT ( 'NONE', #1507 ) ;
#3252 = CARTESIAN_POINT ( 'NONE',  ( -6.780602746975439743, 32.24478138222849566, 17.50000000000000000 ) ) ;
#3253 = ORIENTED_EDGE ( 'NONE', *, *, #4920, .T. ) ;
#3254 = CARTESIAN_POINT ( 'NONE',  ( -8.747553000354640673, 21.11991668447814874, -11.25000000000000000 ) ) ;
#3255 = CARTESIAN_POINT ( 'NONE',  ( -8.636787989947599442, -20.84926325951645154, -24.25258339428615173 ) ) ;
#3256 = AXIS2_PLACEMENT_3D ( 'NONE', #5239, #3964, #4819 ) ;
#3257 = VERTEX_POINT ( 'NONE', #5834 ) ;
#3258 = CARTESIAN_POINT ( 'NONE',  ( 22.92927765054504974, -9.498252366041910477, -20.23658235219505030 ) ) ;
#3259 = CARTESIAN_POINT ( 'NONE',  ( -20.85387155016460170, -8.639039351137650868, -10.01742247489113957 ) ) ;
#3260 = EDGE_CURVE ( 'NONE', #5308, #779, #5714, .T. ) ;
#3261 = CARTESIAN_POINT ( 'NONE',  ( 5.908884960500032868, 21.34157935008884266, -30.01158017298261171 ) ) ;
#3262 = CARTESIAN_POINT ( 'NONE',  ( 22.00470819879020112, 2.492151239802975038, -26.78823028762274916 ) ) ;
#3263 = ORIENTED_EDGE ( 'NONE', *, *, #3347, .T. ) ;
#3264 = CARTESIAN_POINT ( 'NONE',  ( 22.26478597092985012, 9.224112205881420223, -19.31242905611419758 ) ) ;
#3265 = DIRECTION ( 'NONE',  ( 0.08193341677529827893, -0.9966378054316047397, -1.394483344226333740E-14 ) ) ;
#3266 = CARTESIAN_POINT ( 'NONE',  ( 10.25021645926286062, -31.31510118997314507, 17.50000000000000000 ) ) ;
#3267 = CARTESIAN_POINT ( 'NONE',  ( -22.02589323194069948, 9.123962112459629736, -26.97515453695525167 ) ) ;
#3268 = ADVANCED_FACE ( 'NONE', ( #2400 ), #3311, .F. ) ;
#3269 = CARTESIAN_POINT ( 'NONE',  ( -17.04051706104064934, -17.03925811403690105, -12.56242905611419935 ) ) ;
#3270 = CARTESIAN_POINT ( 'NONE',  ( -8.068152000857029549, -20.48719058221970002, -6.716521934845459896 ) ) ;
#3271 = ORIENTED_EDGE ( 'NONE', *, *, #2456, .F. ) ;
#3272 = ADVANCED_FACE ( 'NONE', ( #3583 ), #4204, .T. ) ;
#3273 = CARTESIAN_POINT ( 'NONE',  ( -8.639105930112869203, -20.85488688244719668, -24.10827761439389860 ) ) ;
#3274 = LINE ( 'NONE', #2495, #1131 ) ;
#3275 = CARTESIAN_POINT ( 'NONE',  ( 0.1443420958873031790, 22.14347697774133295, -24.01450916038222161 ) ) ;
#3276 = CIRCLE ( 'NONE', #2986, 2.500000000000000444 ) ;
#3277 = CARTESIAN_POINT ( 'NONE',  ( -8.682083343270280196, -22.65520725486684839, -11.06673569007029911 ) ) ;
#3278 = CARTESIAN_POINT ( 'NONE',  ( -34.69127465857359738, 7.295064260403060885, 20.00000000000000000 ) ) ;
#3279 = ORIENTED_EDGE ( 'NONE', *, *, #844, .F. ) ;
#3280 = VERTEX_POINT ( 'NONE', #2697 ) ;
#3281 = DIRECTION ( 'NONE',  ( -1.000000000000000000, 0.000000000000000000, 0.000000000000000000 ) ) ;
#3282 = CARTESIAN_POINT ( 'NONE',  ( 22.39726826747289223, -0.000000000000000000, -29.65552087541155757 ) ) ;
#3283 = CARTESIAN_POINT ( 'NONE',  ( 20.85290869284730064, -8.637289879644990620, -15.75000000000000000 ) ) ;
#3284 = CARTESIAN_POINT ( 'NONE',  ( 15.95543952796560028, 15.95529038627735119, -31.00258339428610199 ) ) ;
#3285 = CARTESIAN_POINT ( 'NONE',  ( -17.90314356984480071, -17.90125237336724950, -9.439239837700618807 ) ) ;
#3286 = CARTESIAN_POINT ( 'NONE',  ( -8.639320766127669415, -20.85548548779350142, -20.51742247489115201 ) ) ;
#3287 = CARTESIAN_POINT ( 'NONE',  ( 22.00489525603214958, 0.000000000000000000, -32.50000001668475136 ) ) ;
#3288 = CARTESIAN_POINT ( 'NONE',  ( 23.33307128043609779, 2.480346511430965517, -31.87536716809330528 ) ) ;
#3289 = AXIS2_PLACEMENT_3D ( 'NONE', #5787, #3028, #1749 ) ;
#3290 = ORIENTED_EDGE ( 'NONE', *, *, #204, .F. ) ;
#3291 = VECTOR ( 'NONE', #1528, 1000.000000000000000 ) ;
#3292 = CARTESIAN_POINT ( 'NONE',  ( -6.865669246896070277, -21.77841658808399927, -11.98682339550304121 ) ) ;
#3293 = SPHERICAL_SURFACE ( 'NONE', #5495, 2.500000000000000000 ) ;
#3294 = LINE ( 'NONE', #5214, #2725 ) ;
#3295 = FACE_OUTER_BOUND ( 'NONE', #2768, .T. ) ;
#3296 = CARTESIAN_POINT ( 'NONE',  ( -24.09914700631710005, 0.0007479543134519389940, -26.06242905611415139 ) ) ;
#3297 = CARTESIAN_POINT ( 'NONE',  ( -8.775548665576259566, -23.14383986866025111, -9.438757632696420430 ) ) ;
#3298 = CARTESIAN_POINT ( 'NONE',  ( 20.85614177070515041, -8.638563450865278881, -21.20525588809364947 ) ) ;
#3299 = CARTESIAN_POINT ( 'NONE',  ( 24.54933128336199388, 2.491752109337267207, -28.92395435420630179 ) ) ;
#3300 = EDGE_CURVE ( 'NONE', #2614, #4142, #1366, .T. ) ;
#3301 = AXIS2_PLACEMENT_3D ( 'NONE', #3769, #5577, #1154 ) ;
#3302 = DIRECTION ( 'NONE',  ( 0.000000000000000000, 0.000000000000000000, 1.000000000000000000 ) ) ;
#3303 = VECTOR ( 'NONE', #1681, 1000.000000000000000 ) ;
#3304 = CARTESIAN_POINT ( 'NONE',  ( 24.45557770043068047, 2.493989791663342892, -28.60613290551631493 ) ) ;
#3305 = LINE ( 'NONE', #3754, #580 ) ;
#3306 = ORIENTED_EDGE ( 'NONE', *, *, #3347, .F. ) ;
#3307 = AXIS2_PLACEMENT_3D ( 'NONE', #1705, #5347, #1293 ) ;
#3308 = EDGE_LOOP ( 'NONE', ( #4799, #4125, #3386, #1636 ) ) ;
#3309 = CARTESIAN_POINT ( 'NONE',  ( 0.0001481490272007862001, -22.57292731404519870, -19.76742247489115201 ) ) ;
#3310 = EDGE_LOOP ( 'NONE', ( #3138, #2304, #3667 ) ) ;
#3311 = PLANE ( 'NONE',  #5049 ) ;
#3312 = CARTESIAN_POINT ( 'NONE',  ( -20.85388273541019899, -8.639035810442047492, -8.250000000000000000 ) ) ;
#3313 = AXIS2_PLACEMENT_3D ( 'NONE', #4185, #72, #924 ) ;
#3314 = CARTESIAN_POINT ( 'NONE',  ( 20.85772298319430007, 8.640705868059320949, -31.70525588809369566 ) ) ;
#3315 = EDGE_CURVE ( 'NONE', #5530, #36, #4241, .T. ) ;
#3316 = CIRCLE ( 'NONE', #2844, 35.45000000000000284 ) ;
#3317 = CARTESIAN_POINT ( 'NONE',  ( -11.51430612324760006, -22.17272910359424998, -8.855906504367441201 ) ) ;
#3318 = CARTESIAN_POINT ( 'NONE',  ( -10.26556762410132073, -19.76645896348120246, -8.684089141557830516 ) ) ;
#3319 = CARTESIAN_POINT ( 'NONE',  ( -32.24478138222849566, -6.780602746975409545, 17.50000000000000000 ) ) ;
#3320 = CARTESIAN_POINT ( 'NONE',  ( 32.24478138222845303, -6.780602746975559647, 20.00000000000000000 ) ) ;
#3321 = ADVANCED_FACE ( 'NONE', ( #2064 ), #199, .T. ) ;
#3322 = CARTESIAN_POINT ( 'NONE',  ( -10.84204654341878005, -20.87733864050455068, -12.14182120362185913 ) ) ;
#3323 = FACE_OUTER_BOUND ( 'NONE', #122, .T. ) ;
#3324 = ADVANCED_FACE ( 'NONE', ( #4728 ), #5323, .T. ) ;
#3325 = DIRECTION ( 'NONE',  ( 0.000000000000000000, 0.000000000000000000, -1.000000000000000000 ) ) ;
#3326 = CARTESIAN_POINT ( 'NONE',  ( -21.95754145786843026, 2.892847469032577834, -14.74589254976290142 ) ) ;
#3327 = CARTESIAN_POINT ( 'NONE',  ( 17.04001663727485294, -17.04104004414145024, -21.56242905611420113 ) ) ;
#3328 = DIRECTION ( 'NONE',  ( 0.000000000000000000, 0.000000000000000000, 1.000000000000000000 ) ) ;
#3329 = VERTEX_POINT ( 'NONE', #2478 ) ;
#3330 = CARTESIAN_POINT ( 'NONE',  ( 8.640457620422029805, -20.85739197920890220, -22.70525588809359974 ) ) ;
#3331 = DIRECTION ( 'NONE',  ( 0.000000000000000000, 0.000000000000000000, -1.000000000000000000 ) ) ;
#3332 = SPHERICAL_SURFACE ( 'NONE', #552, 2.500000000000000000 ) ;
#3333 = DIRECTION ( 'NONE',  ( 1.000000000000000000, 0.000000000000000000, 0.000000000000000000 ) ) ;
#3334 = FACE_OUTER_BOUND ( 'NONE', #5854, .T. ) ;
#3335 = ORIENTED_EDGE ( 'NONE', *, *, #1960, .T. ) ;
#3336 = ORIENTED_EDGE ( 'NONE', *, *, #4986, .F. ) ;
#3337 = CARTESIAN_POINT ( 'NONE',  ( 15.96241332211360131, 15.96295781254480239, -14.08914082496372089 ) ) ;
#3338 = VERTEX_POINT ( 'NONE', #2531 ) ;
#3339 = DIRECTION ( 'NONE',  ( 0.000000000000000000, 0.000000000000000000, -1.000000000000000000 ) ) ;
#3340 = CARTESIAN_POINT ( 'NONE',  ( 30.70060056415830019, -17.72500000000000142, 17.50000000000000000 ) ) ;
#3341 = CARTESIAN_POINT ( 'NONE',  ( -22.57513384099420151, -0.0008435574403042980004, -26.45525588809355000 ) ) ;
#3342 = CARTESIAN_POINT ( 'NONE',  ( 0.0002012617611526559824, -25.32141226146300284, -19.93923983770065078 ) ) ;
#3343 = CARTESIAN_POINT ( 'NONE',  ( -6.620838523790829377, -20.99990240647115058, -7.172474158297089453 ) ) ;
#3344 = CARTESIAN_POINT ( 'NONE',  ( 4.539519964864160428, 21.67419408239121026, -29.89034910832441838 ) ) ;
#3345 = ORIENTED_EDGE ( 'NONE', *, *, #5474, .T. ) ;
#3346 = AXIS2_PLACEMENT_3D ( 'NONE', #1759, #3602, #4991 ) ;
#3347 = EDGE_CURVE ( 'NONE', #1011, #2423, #985, .T. ) ;
#3348 = CARTESIAN_POINT ( 'NONE',  ( -17.04088710598439960, 17.03963469756894966, -15.56242905611415139 ) ) ;
#3349 = DIRECTION ( 'NONE',  ( 0.000000000000000000, 0.000000000000000000, 1.000000000000000000 ) ) ;
#3350 = DIRECTION ( 'NONE',  ( 1.000000000000000000, 0.000000000000000000, 0.000000000000000000 ) ) ;
#3351 = CARTESIAN_POINT ( 'NONE',  ( -6.078512556599419803, -22.68696204839885411, -11.56242905611419935 ) ) ;
#3352 = CARTESIAN_POINT ( 'NONE',  ( 22.00943715107544918, 0.000000000000000000, -32.50125340356335357 ) ) ;
#3353 = ORIENTED_EDGE ( 'NONE', *, *, #3567, .T. ) ;
#3354 = CARTESIAN_POINT ( 'NONE',  ( -15.95956628248890219, -15.95917691140200034, -12.85827761439404071 ) ) ;
#3355 = CARTESIAN_POINT ( 'NONE',  ( 22.10000000000000853, -1.446441617590208839, -20.62082942530403429 ) ) ;
#3356 = FACE_OUTER_BOUND ( 'NONE', #4259, .T. ) ;
#3357 = CARTESIAN_POINT ( 'NONE',  ( 0.000000000000000000, 0.000000000000000000, 20.00000000000000000 ) ) ;
#3358 = CARTESIAN_POINT ( 'NONE',  ( 6.780602746975439743, 32.24478138222849566, 17.50000000000000000 ) ) ;
#3359 = ORIENTED_EDGE ( 'NONE', *, *, #1641, .T. ) ;
#3360 = ADVANCED_FACE ( 'NONE', ( #2096 ), #1617, .T. ) ;
#3361 = VERTEX_POINT ( 'NONE', #1644 ) ;
#3362 = CARTESIAN_POINT ( 'NONE',  ( -0.0006650971267825810888, 22.57144268762310091, -12.00000000000000000 ) ) ;
#3363 = DIRECTION ( 'NONE',  ( 1.000000000000000000, 0.000000000000000000, 0.000000000000000000 ) ) ;
#3364 = CARTESIAN_POINT ( 'NONE',  ( -22.57266373321159847, -0.0002571224954794425047, -9.000000000000000000 ) ) ;
#3365 = CARTESIAN_POINT ( 'NONE',  ( 20.85614177070515041, -8.638563450865278881, -21.20525588809364947 ) ) ;
#3366 = CARTESIAN_POINT ( 'NONE',  ( -23.50788169218039769, 9.733730510616691589, -12.60399774898204051 ) ) ;
#3367 = AXIS2_PLACEMENT_3D ( 'NONE', #983, #2316, #1871 ) ;
#3368 = CARTESIAN_POINT ( 'NONE',  ( -5.693838915648810506, -21.24920029299734736, -8.267422474891180428 ) ) ;
#3369 = CARTESIAN_POINT ( 'NONE',  ( 22.00092829953575091, 2.090252128018744937, -32.31497040148849464 ) ) ;
#3370 = DIRECTION ( 'NONE',  ( 1.000000000000000000, 0.000000000000000000, 0.000000000000000000 ) ) ;
#3371 = EDGE_CURVE ( 'NONE', #3533, #198, #676, .T. ) ;
#3372 = ORIENTED_EDGE ( 'NONE', *, *, #2331, .F. ) ;
#3373 = CIRCLE ( 'NONE', #4778, 2.499999999999998668 ) ;
#3374 = CARTESIAN_POINT ( 'NONE',  ( 23.48833217909759696, 0.000000000000000000, -32.06242905611415495 ) ) ;
#3375 = DIRECTION ( 'NONE',  ( -0.7445978283155588739, -0.6675133512280888581, -8.765152589022388717E-15 ) ) ;
#3376 = DIRECTION ( 'NONE',  ( 0.9040803662633911664, -0.4273624823695366115, -1.551205840788715455E-14 ) ) ;
#3377 = CIRCLE ( 'NONE', #812, 5.000000000000001776 ) ;
#3378 = DIRECTION ( 'NONE',  ( 2.775557561562893323E-15, 2.775557561562894901E-15, -1.000000000000000000 ) ) ;
#3379 = CARTESIAN_POINT ( 'NONE',  ( 9.222062098367780791, -22.26588498761569923, -22.31242905611420113 ) ) ;
#3380 = AXIS2_PLACEMENT_3D ( 'NONE', #3186, #54, #965 ) ;
#3381 = CARTESIAN_POINT ( 'NONE',  ( 15.95956717473770148, -15.95979923438225079, -21.91339838996575295 ) ) ;
#3382 = CARTESIAN_POINT ( 'NONE',  ( -2.892847469061162968, -21.95754145786462885, -23.74585595327780041 ) ) ;
#3383 = CARTESIAN_POINT ( 'NONE',  ( 0.000000000000000000, 0.000000000000000000, 17.50000000000000000 ) ) ;
#3384 = DIRECTION ( 'NONE',  ( 0.000000000000000000, 0.000000000000000000, -1.000000000000000000 ) ) ;
#3385 = CARTESIAN_POINT ( 'NONE',  ( -5.795599143946274623, -21.62954079177824696, -9.264976502734004526 ) ) ;
#3386 = ORIENTED_EDGE ( 'NONE', *, *, #3852, .T. ) ;
#3387 = APPROVAL ( #410, 'UNSPECIFIED' ) ;
#3388 = EDGE_CURVE ( 'NONE', #4331, #4639, #5784, .T. ) ;
#3389 = VERTEX_POINT ( 'NONE', #3422 ) ;
#3390 = LOCAL_TIME ( 21, 1, 52.00000000000000000, #313 ) ;
#3391 = CARTESIAN_POINT ( 'NONE',  ( -20.85387900699499752, -8.639036990673918837, -8.839140824963731546 ) ) ;
#3392 = DIRECTION ( 'NONE',  ( -0.6675133512280898573, -0.7445978283155578747, 0.000000000000000000 ) ) ;
#3393 = EDGE_CURVE ( 'NONE', #1380, #2610, #1343, .T. ) ;
#3394 = CARTESIAN_POINT ( 'NONE',  ( 23.35668022916114950, 2.480377847627174948, -31.86044239992549976 ) ) ;
#3395 = CARTESIAN_POINT ( 'NONE',  ( -8.755566117872408682, 21.13946935849530107, -16.74402064658085010 ) ) ;
#3396 = AXIS2_PLACEMENT_3D ( 'NONE', #356, #2172, #3528 ) ;
#3397 = ORGANIZATION ( 'UNSPECIFIED', 'UNSPECIFIED', '' ) ;
#3398 = CIRCLE ( 'NONE', #5003, 5.000000000000000888 ) ;
#3399 = AXIS2_PLACEMENT_3D ( 'NONE', #1309, #5272, #423 ) ;
#3400 = TOROIDAL_SURFACE ( 'NONE', #843, 32.95000000000000284, 2.500000000000000000 ) ;
#3401 = CARTESIAN_POINT ( 'NONE',  ( 9.691194265402229391, 23.39262591098384902, -14.68923983770070052 ) ) ;
#3402 = CARTESIAN_POINT ( 'NONE',  ( -15.96273809660015175, -15.96240515646990232, -24.52299471345094872 ) ) ;
#3403 = CARTESIAN_POINT ( 'NONE',  ( -22.10000000000000142, -2.826641589216204908E-14, -26.49587929789469953 ) ) ;
#3404 = VERTEX_POINT ( 'NONE', #1061 ) ;
#3405 = AXIS2_PLACEMENT_3D ( 'NONE', #3571, #2987, #4786 ) ;
#3406 = AXIS2_PLACEMENT_3D ( 'NONE', #553, #87, #116 ) ;
#3407 = CARTESIAN_POINT ( 'NONE',  ( -6.780602746975519679, -32.24478138222849566, 0.000000000000000000 ) ) ;
#3408 = DIRECTION ( 'NONE',  ( 1.000000000000000000, 0.000000000000000000, 0.000000000000000000 ) ) ;
#3409 = CARTESIAN_POINT ( 'NONE',  ( 31.31510118997309888, -10.25021645926306135, 17.50000000000000000 ) ) ;
#3410 = DIRECTION ( 'NONE',  ( 0.000000000000000000, 0.000000000000000000, 1.000000000000000000 ) ) ;
#3411 = DIRECTION ( 'NONE',  ( 0.000000000000000000, 0.000000000000000000, -1.000000000000000000 ) ) ;
#3412 = CARTESIAN_POINT ( 'NONE',  ( -5.692111840813620205, -21.24274515315304868, -12.00258339428619969 ) ) ;
#3413 = CARTESIAN_POINT ( 'NONE',  ( -16.64984854061121311, -14.60427118783420219, -25.12086762558625352 ) ) ;
#3414 = AXIS2_PLACEMENT_3D ( 'NONE', #1158, #4213, #1965 ) ;
#3415 = CIRCLE ( 'NONE', #5694, 2.500000000000001776 ) ;
#3416 = DIRECTION ( 'NONE',  ( 0.000000000000000000, 0.000000000000000000, -1.000000000000000000 ) ) ;
#3417 = FACE_OUTER_BOUND ( 'NONE', #79, .T. ) ;
#3418 = DIRECTION ( 'NONE',  ( 0.000000000000000000, 0.000000000000000000, -1.000000000000000000 ) ) ;
#3419 = ORIENTED_EDGE ( 'NONE', *, *, #3315, .F. ) ;
#3420 = VERTEX_POINT ( 'NONE', #2450 ) ;
#3421 = CARTESIAN_POINT ( 'NONE',  ( -8.637653483992810521, 20.85415059821249883, -23.83914082496369957 ) ) ;
#3422 = CARTESIAN_POINT ( 'NONE',  ( -6.780602746975519679, -34.74478138222850276, 17.50000000000000000 ) ) ;
#3423 = EDGE_CURVE ( 'NONE', #2950, #242, #4260, .T. ) ;
#3424 = CARTESIAN_POINT ( 'NONE',  ( -8.308920094876000917, -21.51805510146460421, -11.98760472312597258 ) ) ;
#3425 = CARTESIAN_POINT ( 'NONE',  ( -16.02486344974054688, -16.02459462805809665, -24.99466388919135085 ) ) ;
#3426 = CARTESIAN_POINT ( 'NONE',  ( 21.67804079572865206, 8.978694324569888252, -26.33841932938484831 ) ) ;
#3427 = CARTESIAN_POINT ( 'NONE',  ( -5.693838915648810506, -21.24920029299734736, -10.91855618722790133 ) ) ;
#3428 = CARTESIAN_POINT ( 'NONE',  ( -30.70060056415840322, -17.72500000000000142, 17.50000000000000000 ) ) ;
#3429 = CARTESIAN_POINT ( 'NONE',  ( 0.000000000000000000, 0.000000000000000000, 0.000000000000000000 ) ) ;
#3430 = ORIENTED_EDGE ( 'NONE', *, *, #3814, .F. ) ;
#3431 = EDGE_CURVE ( 'NONE', #2582, #5139, #862, .T. ) ;
#3432 = DIRECTION ( 'NONE',  ( 1.000000000000000000, -4.085620730620574807E-14, 0.000000000000000000 ) ) ;
#3433 = DIRECTION ( 'NONE',  ( 0.000000000000000000, -1.000000000000000000, -5.551115123125781913E-15 ) ) ;
#3434 = DIRECTION ( 'NONE',  ( 0.000000000000000000, 0.000000000000000000, -1.000000000000000000 ) ) ;
#3435 = CARTESIAN_POINT ( 'NONE',  ( 22.02576641218800191, 0.000000000000000000, -32.50000000595355232 ) ) ;
#3436 = CARTESIAN_POINT ( 'NONE',  ( -8.743003819285117828, -23.03982222737455388, -8.684059077522126913 ) ) ;
#3437 = CIRCLE ( 'NONE', #3163, 2.500000000000000888 ) ;
#3438 = AXIS2_PLACEMENT_3D ( 'NONE', #3827, #4273, #5667 ) ;
#3439 = CARTESIAN_POINT ( 'NONE',  ( -0.0006328334954218559549, 22.66242299213654832, -17.49466388919145032 ) ) ;
#3440 = DIRECTION ( 'NONE',  ( 0.000000000000000000, 0.000000000000000000, 1.000000000000000000 ) ) ;
#3441 = EDGE_CURVE ( 'NONE', #796, #343, #2100, .T. ) ;
#3442 = CARTESIAN_POINT ( 'NONE',  ( 30.70060056415830019, -17.72500000000000142, 17.50000000000000000 ) ) ;
#3443 = EDGE_LOOP ( 'NONE', ( #1583, #5045, #5053, #842 ) ) ;
#3444 = CARTESIAN_POINT ( 'NONE',  ( -5.687081351663750617, -21.22394312426235174, -8.967559296918649281 ) ) ;
#3445 = ORIENTED_EDGE ( 'NONE', *, *, #1143, .T. ) ;
#3446 = EDGE_CURVE ( 'NONE', #5541, #3470, #2854, .T. ) ;
#3447 = VERTEX_POINT ( 'NONE', #5142 ) ;
#3448 = CARTESIAN_POINT ( 'NONE',  ( 0.0009933099722425169087, 22.57219551471970220, -28.41855618722784982 ) ) ;
#3449 = DIRECTION ( 'NONE',  ( 1.000000000000000000, 0.000000000000000000, 0.000000000000000000 ) ) ;
#3450 = DIRECTION ( 'NONE',  ( -1.348150961071065938E-29, -1.000000000000000000, 2.775557561562890168E-15 ) ) ;
#3451 = CARTESIAN_POINT ( 'NONE',  ( -8.103584582649720147, -20.52469191225360134, -6.693965822955589395 ) ) ;
#3452 = CARTESIAN_POINT ( 'NONE',  ( -5.716751375669810287, -21.33483823444544925, -11.99466388919143967 ) ) ;
#3453 = CYLINDRICAL_SURFACE ( 'NONE', #4154, 2.499999999999998668 ) ;
#3454 = CARTESIAN_POINT ( 'NONE',  ( -6.289617767449780850, -23.47599193299549825, -7.670015974367079714 ) ) ;
#3455 = CARTESIAN_POINT ( 'NONE',  ( 20.85454983951954588, 8.639393991579531473, -30.66855618722795285 ) ) ;
#3456 = DATE_AND_TIME ( #4345, #4804 ) ;
#3457 = ORIENTED_EDGE ( 'NONE', *, *, #1654, .T. ) ;
#3458 = PRODUCT_RELATED_PRODUCT_CATEGORY ( 'detail', '', ( #4566 ) ) ;
#3459 = DIRECTION ( 'NONE',  ( 1.000000000000000000, 0.000000000000000000, 0.000000000000000000 ) ) ;
#3460 = CARTESIAN_POINT ( 'NONE',  ( 24.19173757605064878, 3.169484979951954884, -31.23658235219495083 ) ) ;
#3461 = CARTESIAN_POINT ( 'NONE',  ( 0.000000000000000000, 0.000000000000000000, 20.00000000000000000 ) ) ;
#3462 = CARTESIAN_POINT ( 'NONE',  ( -8.720182615947797089, -22.96001256082747588, -8.439908094871938715 ) ) ;
#3463 = FACE_OUTER_BOUND ( 'NONE', #5662, .T. ) ;
#3464 = TOROIDAL_SURFACE ( 'NONE', #1196, 7.500000000000000000, 2.500000000000000000 ) ;
#3465 = CARTESIAN_POINT ( 'NONE',  ( -20.84750917150149974, -8.636428822793339677, -13.75258339428609844 ) ) ;
#3466 = DIRECTION ( 'NONE',  ( 0.000000000000000000, 0.000000000000000000, 1.000000000000000000 ) ) ;
#3467 = DIRECTION ( 'NONE',  ( 0.000000000000000000, 0.000000000000000000, -1.000000000000000000 ) ) ;
#3468 = ORIENTED_EDGE ( 'NONE', *, *, #1968, .T. ) ;
#3469 = CARTESIAN_POINT ( 'NONE',  ( 32.24478138222849566, -6.780602746975570305, 17.50000000000000000 ) ) ;
#3470 = VERTEX_POINT ( 'NONE', #4308 ) ;
#3471 = AXIS2_PLACEMENT_3D ( 'NONE', #3116, #2997, #2676 ) ;
#3472 = EDGE_LOOP ( 'NONE', ( #2680, #5250, #2399, #2020 ) ) ;
#3473 = CARTESIAN_POINT ( 'NONE',  ( -15.96007744469675060, -15.95973291912389946, -10.74027453730051995 ) ) ;
#3474 = DIRECTION ( 'NONE',  ( 0.000000000000000000, -1.000000000000000000, -8.326672684688666165E-15 ) ) ;
#3475 = DIRECTION ( 'NONE',  ( 0.000000000000000000, 0.000000000000000000, -1.000000000000000000 ) ) ;
#3476 = CARTESIAN_POINT ( 'NONE',  ( -8.278089570284057785, -21.19764793601430242, -6.791462633981069530 ) ) ;
#3477 = ORIENTED_EDGE ( 'NONE', *, *, #2957, .T. ) ;
#3478 = CARTESIAN_POINT ( 'NONE',  ( 0.0009320531703881920153, 24.30332965336555162, -12.51496339966606008 ) ) ;
#3479 =( GEOMETRIC_REPRESENTATION_CONTEXT ( 3 ) GLOBAL_UNCERTAINTY_ASSIGNED_CONTEXT ( ( #863 ) ) GLOBAL_UNIT_ASSIGNED_CONTEXT ( ( #4234, #1094, #2019 ) ) REPRESENTATION_CONTEXT ( 'NONE', 'WORKASPACE' ) );
#3480 = EDGE_CURVE ( 'NONE', #3579, #3470, #4552, .T. ) ;
#3481 = CARTESIAN_POINT ( 'NONE',  ( 22.00376982417965266, 2.880075243597584933, -31.77299471345099846 ) ) ;
#3482 = AXIS2_PLACEMENT_3D ( 'NONE', #3409, #5554, #3350 ) ;
#3483 = EDGE_CURVE ( 'NONE', #5692, #3251, #3978, .T. ) ;
#3484 = PERSON_AND_ORGANIZATION_ROLE ( 'creator' ) ;
#3485 = VERTEX_POINT ( 'NONE', #4698 ) ;
#3486 = ORIENTED_EDGE ( 'NONE', *, *, #1095, .T. ) ;
#3487 = AXIS2_PLACEMENT_3D ( 'NONE', #477, #447, #2256 ) ;
#3488 = CARTESIAN_POINT ( 'NONE',  ( 0.000000000000000000, 0.000000000000000000, -32.50000000000000000 ) ) ;
#3489 = CARTESIAN_POINT ( 'NONE',  ( 0.0001565643146818234733, -24.10104732129340377, -23.06242905611419758 ) ) ;
#3490 = ADVANCED_FACE ( 'NONE', ( #697 ), #1795, .T. ) ;
#3491 = DIRECTION ( 'NONE',  ( -1.000000000000000000, 0.000000000000000000, 0.000000000000000000 ) ) ;
#3492 = CARTESIAN_POINT ( 'NONE',  ( 0.000000000000000000, 0.000000000000000000, 20.00000000000000000 ) ) ;
#3493 = DIRECTION ( 'NONE',  ( 0.000000000000000000, 0.000000000000000000, 1.000000000000000000 ) ) ;
#3494 = CARTESIAN_POINT ( 'NONE',  ( 22.22414652221274878, 0.000000000000000000, -29.99387932744444996 ) ) ;
#3495 = EDGE_CURVE ( 'NONE', #3572, #4361, #203, .T. ) ;
#3496 = ADVANCED_FACE ( 'NONE', ( #2148 ), #4424, .T. ) ;
#3497 = CARTESIAN_POINT ( 'NONE',  ( -20.84978430451780085, 8.636709657009507879, -15.25258339428614818 ) ) ;
#3498 = FACE_OUTER_BOUND ( 'NONE', #3443, .T. ) ;
#3499 = DIRECTION ( 'NONE',  ( 0.000000000000000000, 0.000000000000000000, 1.000000000000000000 ) ) ;
#3500 = ORIENTED_EDGE ( 'NONE', *, *, #281, .F. ) ;
#3501 = CARTESIAN_POINT ( 'NONE',  ( -5.648137825388459987, -21.07838723808119852, -9.001745126203159586 ) ) ;
#3502 = EDGE_LOOP ( 'NONE', ( #4318, #380, #1790, #2118, #326 ) ) ;
#3503 = EDGE_LOOP ( 'NONE', ( #1450, #5194, #5564 ) ) ;
#3504 = AXIS2_PLACEMENT_3D ( 'NONE', #151, #1146, #2370 ) ;
#3505 = AXIS2_PLACEMENT_3D ( 'NONE', #2656, #303, #400 ) ;
#3506 = CARTESIAN_POINT ( 'NONE',  ( -15.96058629199284873, -15.96024325842474845, -23.91855618722780008 ) ) ;
#3507 = CARTESIAN_POINT ( 'NONE',  ( 16.64984854060671893, 14.60427118783938916, -19.12084371291022222 ) ) ;
#3508 = CARTESIAN_POINT ( 'NONE',  ( -23.20060056415840322, -17.72500000000000142, 20.00000000000000000 ) ) ;
#3509 = CARTESIAN_POINT ( 'NONE',  ( 20.57137661531049844, 26.58986581671780058, 17.50000000000000000 ) ) ;
#3510 = CARTESIAN_POINT ( 'NONE',  ( -8.563390826127770694, -22.30236992269710328, -11.45424222886389920 ) ) ;
#3511 = EDGE_LOOP ( 'NONE', ( #1387, #4257, #117, #2251, #2513 ) ) ;
#3512 = DIRECTION ( 'NONE',  ( 1.000000000000000000, 0.000000000000000000, 0.000000000000000000 ) ) ;
#3513 = CARTESIAN_POINT ( 'NONE',  ( 0.0001988080461856804951, -24.93988679695790012, -19.17001597436699711 ) ) ;
#3514 = CARTESIAN_POINT ( 'NONE',  ( -20.85386222912660159, -8.639042301717310579, -11.49027453730040094 ) ) ;
#3515 = DATE_TIME_ROLE ( 'creation_date' ) ;
#3516 = ORIENTED_EDGE ( 'NONE', *, *, #596, .T. ) ;
#3517 = B_SPLINE_SURFACE_WITH_KNOTS ( 'NONE', 1, 3, ( 
 ( #3553, #860, #2673, #4474, #5270, #1214, #3024, #4824, #762, #2577, #4382, #321, #1684, #3494, #4531, #5431, #2346, #2789, #4147, #4089, #42, #921, #3175, #70, #3618, #1374, #2816, #5094, #2407, #3680, #2848, #2730, #4589, #4182, #101, #1399, #4565, #2290, #479 ),
 ( #1843, #2760, #130, #3204, #4978, #1811, #3288, #15, #1872, #5037, #5494, #1935, #4653, #3651, #600, #5007, #3738, #5462, #3713, #1042, #1459, #1907, #5524, #951, #537, #2380, #506, #2317, #4117, #5550, #1431, #3234, #984, #3262, #5067, #1491, #1010, #4618, #571 ) ),
 .UNSPECIFIED., .F., .F., .F.,
 ( 2, 2 ),
 ( 4, 3, 2, 2, 2, 2, 2, 2, 2, 2, 2, 2, 2, 2, 2, 2, 2, 2, 4 ),
 ( 0.000000000000000000, 1.000000000000000000 ),
 ( 0.02759390191014634772, 0.1531242268485380198, 0.1656548526662695031, 0.1687875091207020062, 0.1719201655751350089, 0.1781854784840005146, 0.2032467301194629816, 0.2533692333903880267, 0.3536142399322380059, 0.4538592464740879850, 0.5039817497450130857, 0.5541042530159380197, 0.6543492595577869997, 0.7545942660996369789, 0.8548392726414869580, 0.9049617759124120031, 0.9174924017301429036, 0.9300230275478739150, 0.9550842791833370482 ),
 .UNSPECIFIED. ) ;
#3518 = EDGE_LOOP ( 'NONE', ( #1927, #4043, #1858, #5111 ) ) ;
#3519 = DIRECTION ( 'NONE',  ( 1.000000000000000000, 0.000000000000000000, 0.000000000000000000 ) ) ;
#3520 = CARTESIAN_POINT ( 'NONE',  ( 23.74090024891664896, 0.000000000000000000, -31.89970357527315059 ) ) ;
#3521 = CARTESIAN_POINT ( 'NONE',  ( 20.97126691143523303, 7.120966049802373909, -14.37683494121246675 ) ) ;
#3522 = CARTESIAN_POINT ( 'NONE',  ( -35.45000000000000284, 4.152809267445049311E-14, 17.50000000000000000 ) ) ;
#3523 = CARTESIAN_POINT ( 'NONE',  ( 22.10000000000000142, 0.000000000000000000, -32.50000000000000000 ) ) ;
#3524 = DIRECTION ( 'NONE',  ( 0.000000000000000000, 0.000000000000000000, 1.000000000000000000 ) ) ;
#3525 = ADVANCED_FACE ( 'NONE', ( #1227 ), #3064, .F. ) ;
#3526 = CARTESIAN_POINT ( 'NONE',  ( 8.634427336722829693, 20.84675399117390171, -30.25258339428614818 ) ) ;
#3527 = ORIENTED_EDGE ( 'NONE', *, *, #5330, .T. ) ;
#3528 = DIRECTION ( 'NONE',  ( 1.000000000000000000, 0.000000000000000000, 0.000000000000000000 ) ) ;
#3529 = DIRECTION ( 'NONE',  ( 0.000000000000000000, 0.000000000000000000, -1.000000000000000000 ) ) ;
#3530 = VECTOR ( 'NONE', #1713, 1000.000000000000000 ) ;
#3531 = ORIENTED_EDGE ( 'NONE', *, *, #2877, .T. ) ;
#3532 = CARTESIAN_POINT ( 'NONE',  ( -5.704455321993710193, -21.28888032666115038, -8.960143747378809920 ) ) ;
#3533 = VERTEX_POINT ( 'NONE', #1321 ) ;
#3534 = EDGE_LOOP ( 'NONE', ( #2284, #5738, #4049, #3306 ) ) ;
#3535 = CARTESIAN_POINT ( 'NONE',  ( 15.96030017124170186, 15.96017271779390256, -29.91855618722780008 ) ) ;
#3536 = CARTESIAN_POINT ( 'NONE',  ( -9.793641660750168398, 19.86420842555569166, -16.62087161968318227 ) ) ;
#3537 = SPHERICAL_SURFACE ( 'NONE', #1812, 2.500000000000000000 ) ;
#3538 = CARTESIAN_POINT ( 'NONE',  ( -8.008560187259801566, -20.16845266612804721, -6.696870425933509452 ) ) ;
#3539 = ORIENTED_EDGE ( 'NONE', *, *, #814, .T. ) ;
#3540 = EDGE_CURVE ( 'NONE', #5368, #5210, #4737, .T. ) ;
#3541 = CARTESIAN_POINT ( 'NONE',  ( 0.000000000000000000, 0.000000000000000000, 20.00000000000000000 ) ) ;
#3542 = CARTESIAN_POINT ( 'NONE',  ( -11.34095860864063887, -21.83868919341550097, -8.086682641033799968 ) ) ;
#3543 = CARTESIAN_POINT ( 'NONE',  ( -22.57179130335745043, -0.0002249017476007745067, -14.41339838996581868 ) ) ;
#3544 = PERSON_AND_ORGANIZATION_ROLE ( 'design_owner' ) ;
#3545 = VERTEX_POINT ( 'NONE', #3508 ) ;
#3546 = EDGE_CURVE ( 'NONE', #3545, #1860, #1149, .T. ) ;
#3547 = CARTESIAN_POINT ( 'NONE',  ( 22.35556924523009314, -0.000000000000000000, -29.51710964720054520 ) ) ;
#3548 = CARTESIAN_POINT ( 'NONE',  ( -0.0004481475304277499853, 24.35742710260969801, -28.89970357527314704 ) ) ;
#3549 = AXIS2_PLACEMENT_3D ( 'NONE', #2716, #5445, #85 ) ;
#3550 = CARTESIAN_POINT ( 'NONE',  ( -14.60427118782354938, 16.64984854062051767, -10.62685089232834024 ) ) ;
#3551 = CARTESIAN_POINT ( 'NONE',  ( -27.03449844299769822, -21.99456492296550181, 0.000000000000000000 ) ) ;
#3552 = DIRECTION ( 'NONE',  ( 0.000000000000000000, 0.000000000000000000, -1.000000000000000000 ) ) ;
#3553 = CARTESIAN_POINT ( 'NONE',  ( 21.02369083207385358, 0.000000000000000000, -30.76562031665685026 ) ) ;
#3554 = CARTESIAN_POINT ( 'NONE',  ( -10.40632340952570090, -20.03771990730975006, -12.41068731324749841 ) ) ;
#3555 = CARTESIAN_POINT ( 'NONE',  ( 0.000000000000000000, 0.000000000000000000, 17.50000000000000000 ) ) ;
#3556 = DIRECTION ( 'NONE',  ( 1.000000000000000000, 0.000000000000000000, 0.000000000000000000 ) ) ;
#3557 = CARTESIAN_POINT ( 'NONE',  ( 16.02435444912675067, -16.02463643552025019, -21.99466388919145032 ) ) ;
#3558 = EDGE_CURVE ( 'NONE', #883, #5248, #1058, .T. ) ;
#3559 = ORIENTED_EDGE ( 'NONE', *, *, #1676, .T. ) ;
#3560 = CARTESIAN_POINT ( 'NONE',  ( -5.665595928490999356, -21.14363889634574889, -8.995657108488890330 ) ) ;
#3561 = VERTEX_POINT ( 'NONE', #4895 ) ;
#3562 = AXIS2_PLACEMENT_3D ( 'NONE', #1055, #1557, #2862 ) ;
#3563 = CARTESIAN_POINT ( 'NONE',  ( -6.620846380660769803, -20.99990765302554863, -9.823607870633830785 ) ) ;
#3564 = CARTESIAN_POINT ( 'NONE',  ( 22.00081087482589837, 2.879698322838744939, -26.75000000000000000 ) ) ;
#3565 = DIRECTION ( 'NONE',  ( 1.000000000000000000, 0.000000000000000000, 0.000000000000000000 ) ) ;
#3566 = CARTESIAN_POINT ( 'NONE',  ( 21.99456492296544852, -24.53449844299775151, 0.000000000000000000 ) ) ;
#3567 = EDGE_CURVE ( 'NONE', #5440, #670, #3415, .T. ) ;
#3568 = CARTESIAN_POINT ( 'NONE',  ( -8.740105229245301643, -22.98577659241285076, -10.37328133827852028 ) ) ;
#3569 = CIRCLE ( 'NONE', #1873, 7.500000000000000000 ) ;
#3570 = EDGE_CURVE ( 'NONE', #3361, #4176, #2388, .T. ) ;
#3571 = CARTESIAN_POINT ( 'NONE',  ( -35.45000000000000284, 4.152809267445049311E-14, 0.000000000000000000 ) ) ;
#3572 = VERTEX_POINT ( 'NONE', #433 ) ;
#3573 = EDGE_CURVE ( 'NONE', #4687, #2650, #367, .T. ) ;
#3574 = VECTOR ( 'NONE', #1611, 1000.000000000000000 ) ;
#3575 = CARTESIAN_POINT ( 'NONE',  ( -31.11026764803485278, 12.74181097284199815, 0.000000000000000000 ) ) ;
#3576 = CARTESIAN_POINT ( 'NONE',  ( -20.85316386424315027, -8.637082640757109075, -20.25000000000000000 ) ) ;
#3577 = CARTESIAN_POINT ( 'NONE',  ( -20.85540824879380040, 8.639029464655470392, -15.10827761439395012 ) ) ;
#3578 = PERSON_AND_ORGANIZATION_ROLE ( 'design_supplier' ) ;
#3579 = VERTEX_POINT ( 'NONE', #5254 ) ;
#3580 = APPLICATION_CONTEXT ( 'configuration controlled 3d designs of mechanical parts and assemblies' ) ;
#3581 = CIRCLE ( 'NONE', #4050, 2.500000000000000444 ) ;
#3582 = AXIS2_PLACEMENT_3D ( 'NONE', #2575, #1744, #2671 ) ;
#3583 = FACE_OUTER_BOUND ( 'NONE', #4221, .T. ) ;
#3584 = CARTESIAN_POINT ( 'NONE',  ( 22.50414045019799758, 9.323607653877898471, -19.14970357527315059 ) ) ;
#3585 = CARTESIAN_POINT ( 'NONE',  ( -8.639283710928641113, -20.85543386853720094, -18.75000000000000000 ) ) ;
#3586 = FACE_OUTER_BOUND ( 'NONE', #871, .T. ) ;
#3587 = CARTESIAN_POINT ( 'NONE',  ( -4.520401831316960717, 33.31318758815234560, 17.50000000000000000 ) ) ;
#3588 = DIRECTION ( 'NONE',  ( -0.9966378054316038515, 0.08193341677530940892, 0.000000000000000000 ) ) ;
#3589 = AXIS2_PLACEMENT_3D ( 'NONE', #121, #1801, #32 ) ;
#3590 = AXIS2_PLACEMENT_3D ( 'NONE', #4087, #40, #1840 ) ;
#3591 = CARTESIAN_POINT ( 'NONE',  ( 0.0007554380751694340316, 22.88169799885630340, -29.49402064658085010 ) ) ;
#3592 = DIRECTION ( 'NONE',  ( 0.000000000000000000, 0.000000000000000000, 1.000000000000000000 ) ) ;
#3593 = DIRECTION ( 'NONE',  ( 0.000000000000000000, 0.000000000000000000, 1.000000000000000000 ) ) ;
#3594 = CARTESIAN_POINT ( 'NONE',  ( -21.13928348789189826, -8.755551266003028132, -25.74402064658095313 ) ) ;
#3595 = ORIENTED_EDGE ( 'NONE', *, *, #2061, .F. ) ;
#3596 = CARTESIAN_POINT ( 'NONE',  ( -8.268901458164618745, -21.26126737760865026, -6.831412290164429635 ) ) ;
#3597 = ORIENTED_EDGE ( 'NONE', *, *, #2197, .F. ) ;
#3598 = CIRCLE ( 'NONE', #1609, 2.499999999999998668 ) ;
#3599 = CARTESIAN_POINT ( 'NONE',  ( 20.85715286218059816, 8.638984761298418746, -19.27299471345110149 ) ) ;
#3600 = DIRECTION ( 'NONE',  ( 1.000000000000000000, 0.000000000000000000, 0.000000000000000000 ) ) ;
#3601 = CARTESIAN_POINT ( 'NONE',  ( -6.729768853518406146, 21.09655465905793648, -23.41199189109761747 ) ) ;
#3602 = DIRECTION ( 'NONE',  ( -0.6675133512280860826, -0.7445978283155610944, 0.000000000000000000 ) ) ;
#3603 = CARTESIAN_POINT ( 'NONE',  ( -8.315553961068189892, -21.27928482569000224, -12.21661832177501950 ) ) ;
#3604 = CARTESIAN_POINT ( 'NONE',  ( -6.780602746975449513, 32.24478138222849566, 20.00000000000000000 ) ) ;
#3605 = EDGE_LOOP ( 'NONE', ( #1763, #4775, #3031, #999 ) ) ;
#3606 = CYLINDRICAL_SURFACE ( 'NONE', #2076, 20.00000000000000000 ) ;
#3607 = CARTESIAN_POINT ( 'NONE',  ( 16.59035137748955080, -16.59092157947850055, -16.58841932938484831 ) ) ;
#3608 = AXIS2_PLACEMENT_3D ( 'NONE', #4656, #1602, #5213 ) ;
#3609 = AXIS2_PLACEMENT_3D ( 'NONE', #1981, #4282, #4336 ) ;
#3610 = CARTESIAN_POINT ( 'NONE',  ( 15.95983206891155071, 15.95968279438979920, -30.91339838996560019 ) ) ;
#3611 = APPROVAL_STATUS ( 'not_yet_approved' ) ;
#3612 = ORIENTED_EDGE ( 'NONE', *, *, #2711, .T. ) ;
#3613 = DIRECTION ( 'NONE',  ( 1.000000000000000000, 0.000000000000000000, 0.000000000000000000 ) ) ;
#3614 = CARTESIAN_POINT ( 'NONE',  ( -17.85621580383619644, 17.85526395526309784, -26.24954139175619972 ) ) ;
#3615 = CARTESIAN_POINT ( 'NONE',  ( 8.639124977808959827, -20.85423132013119840, -17.83914082496374931 ) ) ;
#3616 = DIRECTION ( 'NONE',  ( 0.9785973105380441073, -0.2057846053710214729, 0.000000000000000000 ) ) ;
#3617 = CARTESIAN_POINT ( 'NONE',  ( -7.120966049804295928, -20.97126691143460775, -18.62688697866638421 ) ) ;
#3618 = CARTESIAN_POINT ( 'NONE',  ( 22.26436616427394810, 0.000000000000000000, -29.38874136523759972 ) ) ;
#3619 = EDGE_CURVE ( 'NONE', #4020, #4660, #4649, .T. ) ;
#3620 = CARTESIAN_POINT ( 'NONE',  ( -8.958900928377460104, 21.62662117223595004, -28.65349006216965222 ) ) ;
#3621 = CARTESIAN_POINT ( 'NONE',  ( -26.58986581671794980, -20.57137661531030304, 0.000000000000000000 ) ) ;
#3622 = DIRECTION ( 'NONE',  ( 0.000000000000000000, 0.000000000000000000, 1.000000000000000000 ) ) ;
#3623 = CARTESIAN_POINT ( 'NONE',  ( -8.957371029143120111, 21.62617248460900043, -16.65349006216965222 ) ) ;
#3624 = FACE_OUTER_BOUND ( 'NONE', #3810, .T. ) ;
#3625 = CARTESIAN_POINT ( 'NONE',  ( -5.694927093221830106, -21.25326748120835063, -9.658371933464849235 ) ) ;
#3626 = ORIENTED_EDGE ( 'NONE', *, *, #2998, .T. ) ;
#3627 = ADVANCED_FACE ( 'NONE', ( #2619 ), #3537, .T. ) ;
#3628 = CARTESIAN_POINT ( 'NONE',  ( -22.57248507432359830, -0.0002305915553905605155, -13.41855618722797949 ) ) ;
#3629 = FACE_OUTER_BOUND ( 'NONE', #998, .T. ) ;
#3630 = DIRECTION ( 'NONE',  ( 1.000000000000000000, 0.000000000000000000, 0.000000000000000000 ) ) ;
#3631 = CARTESIAN_POINT ( 'NONE',  ( 31.31510118997309888, -10.25021645926306135, 17.50000000000000000 ) ) ;
#3632 = CARTESIAN_POINT ( 'NONE',  ( -8.537015491067679207, -22.10648410671485209, -11.64769832495760049 ) ) ;
#3633 = EDGE_CURVE ( 'NONE', #1475, #1696, #3951, .T. ) ;
#3634 = DIRECTION ( 'NONE',  ( 0.000000000000000000, -1.000000000000000000, 0.000000000000000000 ) ) ;
#3635 = ORIENTED_EDGE ( 'NONE', *, *, #777, .F. ) ;
#3636 = AXIS2_PLACEMENT_3D ( 'NONE', #1414, #3218, #5021 ) ;
#3637 = CIRCLE ( 'NONE', #412, 5.000000000000000888 ) ;
#3638 = VERTEX_POINT ( 'NONE', #3924 ) ;
#3639 = DIRECTION ( 'NONE',  ( 0.000000000000000000, 0.000000000000000000, 1.000000000000000000 ) ) ;
#3640 = CARTESIAN_POINT ( 'NONE',  ( -8.978246169834660506, 21.67629901132719894, -11.33841932938489983 ) ) ;
#3641 = CARTESIAN_POINT ( 'NONE',  ( 8.637101995397069132, 20.85268572499220241, -18.16339838996569966 ) ) ;
#3642 = APPROVAL_ROLE ( '' ) ;
#3643 = ORIENTED_EDGE ( 'NONE', *, *, #292, .T. ) ;
#3644 = ORGANIZATION ( 'NAUO-ORG1', 'UNSPECIFIED', 'UNSPECIFIED' ) ;
#3645 = CARTESIAN_POINT ( 'NONE',  ( 22.39819675614896255, -0.000000000000000000, -29.68359061663523235 ) ) ;
#3646 = CARTESIAN_POINT ( 'NONE',  ( -7.278562744314270638, -23.09140504772874891, -11.06991568552840022 ) ) ;
#3647 = CARTESIAN_POINT ( 'NONE',  ( -20.85382499533929845, 8.637462832827608850, -21.75000000000000000 ) ) ;
#3648 = FACE_OUTER_BOUND ( 'NONE', #1832, .T. ) ;
#3649 = CC_DESIGN_PERSON_AND_ORGANIZATION_ASSIGNMENT ( #4817, #755, ( #4900 ) ) ;
#3650 = CARTESIAN_POINT ( 'NONE',  ( -13.48077440072930244, -17.57187852535234995, -19.25189640900660137 ) ) ;
#3651 = CARTESIAN_POINT ( 'NONE',  ( 23.53941285777730030, 2.479629097638099910, -31.73525247938374605 ) ) ;
#3652 = CARTESIAN_POINT ( 'NONE',  ( -22.88235927433330019, -8.962014288008479722E-05, -14.49402064658096023 ) ) ;
#3653 = CARTESIAN_POINT ( 'NONE',  ( 6.780602746975439743, 32.24478138222849566, 17.50000000000000000 ) ) ;
#3654 = CARTESIAN_POINT ( 'NONE',  ( -33.69105727418954643, 11.02792635753787920, 17.50000000000000000 ) ) ;
#3655 = CARTESIAN_POINT ( 'NONE',  ( 0.0004585963193663599889, 23.83958184233240019, -17.22515453695520193 ) ) ;
#3656 = DIRECTION ( 'NONE',  ( 0.9966378054316049617, 0.08193341677529689115, 0.000000000000000000 ) ) ;
#3657 = CARTESIAN_POINT ( 'NONE',  ( -5.692686918901679327, -21.24489457331954867, -9.656047371287559855 ) ) ;
#3658 = EDGE_LOOP ( 'NONE', ( #1417, #4831, #301, #2606, #64, #4171, #1084 ) ) ;
#3659 = CARTESIAN_POINT ( 'NONE',  ( 22.57572742508084929, -0.001009105696419645851, -20.02299471345099846 ) ) ;
#3660 = CARTESIAN_POINT ( 'NONE',  ( -6.780602746975530337, -32.24478138222849566, 17.50000000000000000 ) ) ;
#3661 = CIRCLE ( 'NONE', #4403, 5.000000000000001776 ) ;
#3662 = LINE ( 'NONE', #2361, #2350 ) ;
#3663 = DIRECTION ( 'NONE',  ( 0.000000000000000000, 0.000000000000000000, -1.000000000000000000 ) ) ;
#3664 = CARTESIAN_POINT ( 'NONE',  ( -8.549364630138230225, -22.15271316188174922, -11.60952115968729892 ) ) ;
#3665 = LINE ( 'NONE', #969, #4169 ) ;
#3666 = ORIENTED_EDGE ( 'NONE', *, *, #3446, .F. ) ;
#3667 = ORIENTED_EDGE ( 'NONE', *, *, #2711, .F. ) ;
#3668 = CARTESIAN_POINT ( 'NONE',  ( -17.72500000000000142, -30.70060056415830019, 17.50000000000000000 ) ) ;
#3669 = ORIENTED_EDGE ( 'NONE', *, *, #5474, .F. ) ;
#3670 = AXIS2_PLACEMENT_3D ( 'NONE', #2881, #2023, #686 ) ;
#3671 = CARTESIAN_POINT ( 'NONE',  ( -10.67075420959259979, -20.54722356387830118, -7.005085996051599651 ) ) ;
#3672 = CARTESIAN_POINT ( 'NONE',  ( -8.637385084631869603, 20.85348328750430014, -28.66339838996564993 ) ) ;
#3673 = EDGE_LOOP ( 'NONE', ( #3154, #5703, #220, #4332 ) ) ;
#3674 = AXIS2_PLACEMENT_3D ( 'NONE', #3383, #3416, #666 ) ;
#3675 = EDGE_CURVE ( 'NONE', #4693, #3082, #2664, .T. ) ;
#3676 = CARTESIAN_POINT ( 'NONE',  ( -23.32963815883980274, 9.660174235515409435, -13.49954139175627965 ) ) ;
#3677 = CARTESIAN_POINT ( 'NONE',  ( -15.96293446879330169, 15.96275838617849985, -22.50000000000000000 ) ) ;
#3678 = CARTESIAN_POINT ( 'NONE',  ( -17.72500000000000142, 30.70060056415834993, 17.50000000000000000 ) ) ;
#3679 = CARTESIAN_POINT ( 'NONE',  ( 31.31510118997314507, 10.25021645926281977, 0.000000000000000000 ) ) ;
#3680 = CARTESIAN_POINT ( 'NONE',  ( 21.90620309261464627, 0.000000000000000000, -29.38330047623869845 ) ) ;
#3681 = ADVANCED_FACE ( 'NONE', ( #5342 ), #4366, .T. ) ;
#3682 = CARTESIAN_POINT ( 'NONE',  ( -8.755566117872408682, 21.13946935849530107, -16.74402064658085010 ) ) ;
#3683 = CARTESIAN_POINT ( 'NONE',  ( 0.000000000000000000, 0.000000000000000000, 0.000000000000000000 ) ) ;
#3684 = CARTESIAN_POINT ( 'NONE',  ( 24.53449844299759874, -21.99456492296560128, 0.000000000000000000 ) ) ;
#3685 = CARTESIAN_POINT ( 'NONE',  ( -21.62611411170044917, -8.957297201198381131, -25.65349006216970196 ) ) ;
#3686 = CIRCLE ( 'NONE', #2734, 2.500000000000000000 ) ;
#3687 = DIRECTION ( 'NONE',  ( -0.08193341677529691891, 0.9966378054316049617, 0.000000000000000000 ) ) ;
#3688 = AXIS2_PLACEMENT_3D ( 'NONE', #4767, #3826, #5638 ) ;
#3689 = CARTESIAN_POINT ( 'NONE',  ( -7.984560952284610380, -20.17511201929359999, -6.719691455618770348 ) ) ;
#3690 = ORIENTED_EDGE ( 'NONE', *, *, #4746, .T. ) ;
#3691 = ORIENTED_EDGE ( 'NONE', *, *, #2988, .F. ) ;
#3692 = VECTOR ( 'NONE', #3349, 1000.000000000000000 ) ;
#3693 = VECTOR ( 'NONE', #5534, 1000.000000000000000 ) ;
#3694 = CARTESIAN_POINT ( 'NONE',  ( 15.96462603961665216, 15.96515437001265170, -18.52299471345104820 ) ) ;
#3695 = LINE ( 'NONE', #1470, #1899 ) ;
#3696 = CARTESIAN_POINT ( 'NONE',  ( 16.29479553334396869, 14.99446717395850825, -25.58105406052219521 ) ) ;
#3697 = DIRECTION ( 'NONE',  ( 1.000000000000000000, 1.387778780781446464E-15, 0.000000000000000000 ) ) ;
#3698 = CARTESIAN_POINT ( 'NONE',  ( -20.57137661531040251, -26.58986581671785032, 0.000000000000000000 ) ) ;
#3699 = CARTESIAN_POINT ( 'NONE',  ( -24.53449844299769822, -21.99456492296550181, 17.50000000000000000 ) ) ;
#3700 = ORIENTED_EDGE ( 'NONE', *, *, #4936, .T. ) ;
#3701 = AXIS2_PLACEMENT_3D ( 'NONE', #4132, #3634, #1891 ) ;
#3702 = VERTEX_POINT ( 'NONE', #2213 ) ;
#3703 = EDGE_CURVE ( 'NONE', #670, #3082, #5304, .T. ) ;
#3704 = CARTESIAN_POINT ( 'NONE',  ( -11.02792635753784012, 33.69105727418959617, 20.00000000000000000 ) ) ;
#3705 = CARTESIAN_POINT ( 'NONE',  ( -6.881577840212659503, -21.82904472739464907, -6.671752662718230198 ) ) ;
#3706 = CARTESIAN_POINT ( 'NONE',  ( 22.56584952105579944, -0.001025468616367008080, -20.50258339428615173 ) ) ;
#3707 = ORIENTED_EDGE ( 'NONE', *, *, #844, .T. ) ;
#3708 = AXIS2_PLACEMENT_3D ( 'NONE', #4670, #5199, #1174 ) ;
#3709 = EDGE_CURVE ( 'NONE', #2582, #343, #3135, .T. ) ;
#3710 = CARTESIAN_POINT ( 'NONE',  ( 17.85446957990244954, -17.85606415185180040, -20.24954139175619972 ) ) ;
#3711 = CARTESIAN_POINT ( 'NONE',  ( -22.57263991202654907, -0.0002535850368009224631, -9.589140824963770626 ) ) ;
#3712 = CARTESIAN_POINT ( 'NONE',  ( -3.842438809584896031, 21.80856700077192301, -29.16296272037519088 ) ) ;
#3713 = CARTESIAN_POINT ( 'NONE',  ( 24.51619250466094613, 2.482070813859519998, -30.37496593064274819 ) ) ;
#3714 = CARTESIAN_POINT ( 'NONE',  ( -24.10089259004044848, 0.0004366619407503560053, -14.06242905611419935 ) ) ;
#3715 = FACE_OUTER_BOUND ( 'NONE', #524, .T. ) ;
#3716 = DIRECTION ( 'NONE',  ( 0.000000000000000000, 0.000000000000000000, 1.000000000000000000 ) ) ;
#3717 = CARTESIAN_POINT ( 'NONE',  ( -22.02696213257239677, 9.122549641571019663, -14.97515453695520016 ) ) ;
#3718 = ORIENTED_EDGE ( 'NONE', *, *, #5426, .F. ) ;
#3719 = CARTESIAN_POINT ( 'NONE',  ( -5.455114191590309858, -20.35693931698684622, -10.23257331122660041 ) ) ;
#3720 = VERTEX_POINT ( 'NONE', #2328 ) ;
#3721 = CARTESIAN_POINT ( 'NONE',  ( -15.96273809660015175, -15.96240515646990232, -24.52299471345094872 ) ) ;
#3722 = DIRECTION ( 'NONE',  ( 0.000000000000000000, 0.000000000000000000, -1.000000000000000000 ) ) ;
#3723 = DIRECTION ( 'NONE',  ( 1.000000000000000000, 0.000000000000000000, 0.000000000000000000 ) ) ;
#3724 = CARTESIAN_POINT ( 'NONE',  ( -8.482036674161451018, -21.90150956512885116, -11.79833020289552081 ) ) ;
#3725 = LINE ( 'NONE', #587, #4919 ) ;
#3726 = EDGE_LOOP ( 'NONE', ( #1194, #3643, #5381, #4032 ) ) ;
#3727 = ORIENTED_EDGE ( 'NONE', *, *, #2521, .F. ) ;
#3728 = DIRECTION ( 'NONE',  ( 0.000000000000000000, 0.000000000000000000, 1.000000000000000000 ) ) ;
#3729 = EDGE_LOOP ( 'NONE', ( #4668, #5447, #3477 ) ) ;
#3730 = CARTESIAN_POINT ( 'NONE',  ( -5.693838915648810506, -21.24920029299734736, -6.500000000000000000 ) ) ;
#3731 = CARTESIAN_POINT ( 'NONE',  ( -15.95546953116304678, 15.95600760218749947, -16.00258339428619792 ) ) ;
#3732 = CIRCLE ( 'NONE', #1936, 2.500000000000000444 ) ;
#3733 = DATE_AND_TIME ( #4970, #3920 ) ;
#3734 = CIRCLE ( 'NONE', #1937, 2.499999999999998668 ) ;
#3735 = CARTESIAN_POINT ( 'NONE',  ( -6.260060892497570251, -23.36551973035000174, -10.98658235219505919 ) ) ;
#3736 = CARTESIAN_POINT ( 'NONE',  ( -15.96059347607104861, -15.96021495988554939, -21.26742247489109872 ) ) ;
#3737 = CARTESIAN_POINT ( 'NONE',  ( 18.24380733517227071, 12.55155068307008115, -31.34512188422284495 ) ) ;
#3738 = CARTESIAN_POINT ( 'NONE',  ( 24.11834901404855103, 2.478935516800805150, -31.16992129367104880 ) ) ;
#3739 = LOCAL_TIME ( 21, 1, 52.00000000000000000, #1677 ) ;
#3740 = EDGE_CURVE ( 'NONE', #1884, #2187, #2471, .T. ) ;
#3741 = CARTESIAN_POINT ( 'NONE',  ( 22.02543149166169911, 9.124616757884938423, -19.47515453695520193 ) ) ;
#3742 = FACE_OUTER_BOUND ( 'NONE', #2681, .T. ) ;
#3743 = CARTESIAN_POINT ( 'NONE',  ( 22.06597191760491938, 1.226094515686032338, -28.15763476739700977 ) ) ;
#3744 = CARTESIAN_POINT ( 'NONE',  ( 9.123142975598920401, -22.02632758731310147, -22.47515453695519838 ) ) ;
#3745 = CARTESIAN_POINT ( 'NONE',  ( -8.763037247087426707, -23.10657601454213150, -8.979869683243155265 ) ) ;
#3746 = CARTESIAN_POINT ( 'NONE',  ( -8.513188300245861484, -22.19392026762935188, -7.342309761426190740 ) ) ;
#3747 = ORIENTED_EDGE ( 'NONE', *, *, #4311, .F. ) ;
#3748 = CARTESIAN_POINT ( 'NONE',  ( 22.00334109330519894, 0.000000000000000000, -32.45525588809360329 ) ) ;
#3749 = FACE_OUTER_BOUND ( 'NONE', #4224, .T. ) ;
#3750 = EDGE_CURVE ( 'NONE', #1335, #3702, #3892, .T. ) ;
#3751 = CARTESIAN_POINT ( 'NONE',  ( 0.000000000000000000, 0.000000000000000000, 0.000000000000000000 ) ) ;
#3752 = CIRCLE ( 'NONE', #2800, 32.95000000000000284 ) ;
#3753 = CARTESIAN_POINT ( 'NONE',  ( 24.08736777878925395, 2.498643577052249931, -27.90021806005112737 ) ) ;
#3754 = CARTESIAN_POINT ( 'NONE',  ( -22.10000000000000142, 2.706469426115649772E-15, -32.50000000000000000 ) ) ;
#3755 = VERTEX_POINT ( 'NONE', #5536 ) ;
#3756 = EDGE_LOOP ( 'NONE', ( #5438, #3976, #3718, #495 ) ) ;
#3757 = CARTESIAN_POINT ( 'NONE',  ( 8.637080390284628706, 20.85304500882514844, -26.51742247489114845 ) ) ;
#3758 = ORIENTED_EDGE ( 'NONE', *, *, #5338, .F. ) ;
#3759 = PRODUCT_RELATED_PRODUCT_CATEGORY ( 'detail', '', ( #84 ) ) ;
#3760 = DIRECTION ( 'NONE',  ( 1.000000000000000000, 0.000000000000000000, 0.000000000000000000 ) ) ;
#3761 = DIRECTION ( 'NONE',  ( 1.000000000000000000, 0.000000000000000000, 0.000000000000000000 ) ) ;
#3762 = CARTESIAN_POINT ( 'NONE',  ( -5.692111840813620205, -21.24274515315304868, -12.00258339428619969 ) ) ;
#3763 = VECTOR ( 'NONE', #3152, 1000.000000000000000 ) ;
#3764 = EDGE_CURVE ( 'NONE', #4006, #2423, #2799, .T. ) ;
#3765 = EDGE_CURVE ( 'NONE', #3945, #5063, #4129, .T. ) ;
#3766 = CARTESIAN_POINT ( 'NONE',  ( -17.63457875072599990, 17.63370520753124993, -23.67001597436705040 ) ) ;
#3767 = CARTESIAN_POINT ( 'NONE',  ( -15.96004263340170048, -15.95975478824145100, -8.089140824963759968 ) ) ;
#3768 = CARTESIAN_POINT ( 'NONE',  ( -17.83210281952809240, 13.12989107595112515, -27.70818994447673944 ) ) ;
#3769 = CARTESIAN_POINT ( 'NONE',  ( 0.000000000000000000, 0.000000000000000000, 0.000000000000000000 ) ) ;
#3770 = CIRCLE ( 'NONE', #1971, 7.500000000000000000 ) ;
#3771 = CARTESIAN_POINT ( 'NONE',  ( 16.85886654443809718, 16.85883546741034777, -18.72515453695524812 ) ) ;
#3772 = LINE ( 'NONE', #2966, #861 ) ;
#3773 = FACE_OUTER_BOUND ( 'NONE', #4421, .T. ) ;
#3774 = CARTESIAN_POINT ( 'NONE',  ( -22.26383696860014894, -9.221577970918879430, -25.31242905611420113 ) ) ;
#3775 = CARTESIAN_POINT ( 'NONE',  ( -17.03977246532705436, -17.04044217852004905, -24.56242905611415139 ) ) ;
#3776 = CARTESIAN_POINT ( 'NONE',  ( 15.96272131397200056, 15.96256972454050072, -30.95525588809355000 ) ) ;
#3777 = CARTESIAN_POINT ( 'NONE',  ( -12.75021645926302050, -31.31510118997309888, 20.00000000000000000 ) ) ;
#3778 = AXIS2_PLACEMENT_3D ( 'NONE', #4078, #3639, #2777 ) ;
#3779 = LINE ( 'NONE', #1053, #3291 ) ;
#3780 = VECTOR ( 'NONE', #1522, 1000.000000000000000 ) ;
#3781 = DIRECTION ( 'NONE',  ( -1.000000000000000000, 0.000000000000000000, 0.000000000000000000 ) ) ;
#3782 = DIRECTION ( 'NONE',  ( 1.000000000000000000, 0.000000000000000000, 0.000000000000000000 ) ) ;
#3783 = ORIENTED_EDGE ( 'NONE', *, *, #4437, .F. ) ;
#3784 = AXIS2_PLACEMENT_3D ( 'NONE', #752, #845, #3986 ) ;
#3785 = AXIS2_PLACEMENT_3D ( 'NONE', #879, #374, #3038 ) ;
#3786 = ORIENTED_EDGE ( 'NONE', *, *, #1651, .T. ) ;
#3787 = CARTESIAN_POINT ( 'NONE',  ( -6.620836777819730123, -20.99990124057015350, -6.583333333333379223 ) ) ;
#3788 = ORIENTED_EDGE ( 'NONE', *, *, #4443, .T. ) ;
#3789 = DIRECTION ( 'NONE',  ( 0.000000000000000000, 0.000000000000000000, 1.000000000000000000 ) ) ;
#3790 = DIRECTION ( 'NONE',  ( 1.000000000000000000, 0.000000000000000000, 0.000000000000000000 ) ) ;
#3791 = CARTESIAN_POINT ( 'NONE',  ( 22.00414012727229718, 2.880122979557734997, -32.20525588809360329 ) ) ;
#3792 = EDGE_CURVE ( 'NONE', #976, #5084, #3662, .T. ) ;
#3793 = CARTESIAN_POINT ( 'NONE',  ( -17.90365676217230018, 17.90101312889409968, -12.43923983770065966 ) ) ;
#3794 = CARTESIAN_POINT ( 'NONE',  ( -22.57253271669370065, -0.0002376664727475954759, -12.24027453730053949 ) ) ;
#3795 = CARTESIAN_POINT ( 'NONE',  ( -21.43497133708038049, 5.560569612108537285, -26.98080355652752260 ) ) ;
#3796 = ORIENTED_EDGE ( 'NONE', *, *, #1471, .F. ) ;
#3797 = CARTESIAN_POINT ( 'NONE',  ( 17.04207090362369925, 17.04192590036090138, -18.56242905611419758 ) ) ;
#3798 = CARTESIAN_POINT ( 'NONE',  ( -35.45000000000000284, 4.152809267445049311E-14, 17.50000000000000000 ) ) ;
#3799 = DIRECTION ( 'NONE',  ( 1.000000000000000000, 0.000000000000000000, 0.000000000000000000 ) ) ;
#3800 = CARTESIAN_POINT ( 'NONE',  ( -21.39316793596536570, 5.730144764024937665, -14.99588975908560329 ) ) ;
#3801 = CARTESIAN_POINT ( 'NONE',  ( -22.26549353722950286, 9.223400533111599131, -26.81242905611419758 ) ) ;
#3802 = CARTESIAN_POINT ( 'NONE',  ( 22.26355389468239920, -9.222186483684019720, -20.81242905611420113 ) ) ;
#3803 = EDGE_CURVE ( 'NONE', #804, #3755, #1030, .T. ) ;
#3804 = ORIENTED_EDGE ( 'NONE', *, *, #225, .T. ) ;
#3805 = CARTESIAN_POINT ( 'NONE',  ( -20.85927985653999883, 8.640628217379319409, -15.20525588809360151 ) ) ;
#3806 = CARTESIAN_POINT ( 'NONE',  ( -13.48077440072923849, -17.57187852535239259, -24.74586444222939363 ) ) ;
#3807 = DIRECTION ( 'NONE',  ( -1.000000000000000000, 0.000000000000000000, 0.000000000000000000 ) ) ;
#3808 = DIRECTION ( 'NONE',  ( 0.000000000000000000, 0.000000000000000000, -1.000000000000000000 ) ) ;
#3809 = DIRECTION ( 'NONE',  ( 2.775557561562894901E-15, -6.938893903907226800E-15, -1.000000000000000000 ) ) ;
#3810 = EDGE_LOOP ( 'NONE', ( #1999, #683, #1251 ) ) ;
#3811 = EDGE_LOOP ( 'NONE', ( #3727, #1805, #372 ) ) ;
#3812 = CARTESIAN_POINT ( 'NONE',  ( -8.637040815868299859, 20.85338680428069935, -11.25000000000000000 ) ) ;
#3813 = CARTESIAN_POINT ( 'NONE',  ( -11.02792635753792005, -33.69105727418954643, 20.00000000000000000 ) ) ;
#3814 = EDGE_CURVE ( 'NONE', #796, #3485, #3853, .T. ) ;
#3815 = CARTESIAN_POINT ( 'NONE',  ( -12.06688363295893573, -18.64544443737341695, -7.098250341490093263 ) ) ;
#3816 = CARTESIAN_POINT ( 'NONE',  ( 21.99331781338964831, 0.000000000000000000, -32.50258339428619792 ) ) ;
#3817 = CARTESIAN_POINT ( 'NONE',  ( -23.39007313236290031, -9.688351138122479611, -22.18923983770060104 ) ) ;
#3818 = CARTESIAN_POINT ( 'NONE',  ( -15.96295664903350087, 15.96279088598460305, -24.26742247489114845 ) ) ;
#3819 = CARTESIAN_POINT ( 'NONE',  ( 21.86824651820727539, 3.486792917779575784, -32.19373933683029776 ) ) ;
#3820 = ORIENTED_EDGE ( 'NONE', *, *, #1156, .F. ) ;
#3821 = ORIENTED_EDGE ( 'NONE', *, *, #3675, .T. ) ;
#3822 = CARTESIAN_POINT ( 'NONE',  ( -22.02696213257239677, 9.122549641571019663, -14.97515453695520016 ) ) ;
#3823 = DIRECTION ( 'NONE',  ( 0.8221469494880921935, 0.5692753230620701821, 1.193684770712660286E-14 ) ) ;
#3824 = ADVANCED_FACE ( 'NONE', ( #519 ), #1383, .T. ) ;
#3825 = DIRECTION ( 'NONE',  ( 0.000000000000000000, 0.000000000000000000, 1.000000000000000000 ) ) ;
#3826 = DIRECTION ( 'NONE',  ( 0.6675133512280870818, -0.7445978283155600952, -8.872128790652011963E-15 ) ) ;
#3827 = CARTESIAN_POINT ( 'NONE',  ( 0.000000000000000000, 0.000000000000000000, 17.50000000000000000 ) ) ;
#3828 = CARTESIAN_POINT ( 'NONE',  ( -22.57179130335745043, -0.0002249017476007745067, -14.41339838996581868 ) ) ;
#3829 = CARTESIAN_POINT ( 'NONE',  ( -19.86420842556425015, -9.793641660732726351, -25.62087187006205014 ) ) ;
#3830 = CARTESIAN_POINT ( 'NONE',  ( -5.719988482647019978, -21.34693729222965075, -9.652266534179180013 ) ) ;
#3831 = DIRECTION ( 'NONE',  ( 0.000000000000000000, 0.000000000000000000, -1.000000000000000000 ) ) ;
#3832 = CARTESIAN_POINT ( 'NONE',  ( -5.758825377419778846, -21.49209463096721962, -9.609588002417575936 ) ) ;
#3833 = VERTEX_POINT ( 'NONE', #4574 ) ;
#3834 = ORIENTED_EDGE ( 'NONE', *, *, #413, .T. ) ;
#3835 = CARTESIAN_POINT ( 'NONE',  ( -8.637649166712931148, 20.85413486767250291, -25.01742247489114845 ) ) ;
#3836 = DIRECTION ( 'NONE',  ( -0.7445978283155576527, 0.6675133512280900794, 0.000000000000000000 ) ) ;
#3837 = CARTESIAN_POINT ( 'NONE',  ( -20.85597116647394955, 8.639213692030649483, -9.750000000000000000 ) ) ;
#3838 = CARTESIAN_POINT ( 'NONE',  ( -22.88235927433330019, -8.962014288008479722E-05, -14.49402064658096023 ) ) ;
#3839 = CARTESIAN_POINT ( 'NONE',  ( -9.692194111809749657, 23.38996122228839880, -25.18923983770074670 ) ) ;
#3840 = VECTOR ( 'NONE', #419, 1000.000000000000000 ) ;
#3841 = CARTESIAN_POINT ( 'NONE',  ( 20.85736885308224942, 8.640558120432720202, -31.27299471345110149 ) ) ;
#3842 = CARTESIAN_POINT ( 'NONE',  ( 32.24478138222854540, 6.780602746975319839, 17.50000000000000000 ) ) ;
#3843 = APPROVAL_ROLE ( '' ) ;
#3844 = ORIENTED_EDGE ( 'NONE', *, *, #4901, .T. ) ;
#3845 = CIRCLE ( 'NONE', #1294, 35.45000000000000284 ) ;
#3846 = CARTESIAN_POINT ( 'NONE',  ( 22.10000000000000142, 0.000000000000000000, -30.06836298473314883 ) ) ;
#3847 = DIRECTION ( 'NONE',  ( 2.775557561562894901E-15, 5.551115123125781913E-15, -1.000000000000000000 ) ) ;
#3848 = CARTESIAN_POINT ( 'NONE',  ( -30.70060056415840322, -17.72500000000000142, 0.000000000000000000 ) ) ;
#3849 = AXIS2_PLACEMENT_3D ( 'NONE', #925, #894, #2704 ) ;
#3850 = CARTESIAN_POINT ( 'NONE',  ( -21.99456492296554799, 24.53449844299769822, 17.50000000000000000 ) ) ;
#3851 = CARTESIAN_POINT ( 'NONE',  ( 23.35668022916114950, 2.480377847627174948, -31.86044239992549976 ) ) ;
#3852 = EDGE_CURVE ( 'NONE', #2062, #1316, #4141, .T. ) ;
#3853 = CIRCLE ( 'NONE', #4325, 2.500000000000002220 ) ;
#3854 = ADVANCED_FACE ( 'NONE', ( #3356 ), #3857, .F. ) ;
#3855 = CARTESIAN_POINT ( 'NONE',  ( -15.96254089870835102, 15.96239661810069954, -27.91339838996569966 ) ) ;
#3856 = CARTESIAN_POINT ( 'NONE',  ( -11.07542989873708628, -19.17907833842017240, -24.49586231999148822 ) ) ;
#3857 = CYLINDRICAL_SURFACE ( 'NONE', #86, 5.000000000000000888 ) ;
#3858 = CARTESIAN_POINT ( 'NONE',  ( 22.88319531808959795, 2.499703238773182790, -26.98376012322845696 ) ) ;
#3859 = CARTESIAN_POINT ( 'NONE',  ( -5.751838227182492602, -21.46597935734049400, -9.621903329061860077 ) ) ;
#3860 = ORIENTED_EDGE ( 'NONE', *, *, #1632, .T. ) ;
#3861 = ORIENTED_EDGE ( 'NONE', *, *, #1917, .T. ) ;
#3862 = CC_DESIGN_APPROVAL ( #3387, ( #4900 ) ) ;
#3863 = AXIS2_PLACEMENT_3D ( 'NONE', #858, #3939, #5723 ) ;
#3864 = CARTESIAN_POINT ( 'NONE',  ( -15.96059666899470031, -15.96020238275700009, -20.08914082496369957 ) ) ;
#3865 = CARTESIAN_POINT ( 'NONE',  ( 35.45000000000000284, -1.324557592679437988E-13, 17.50000000000000000 ) ) ;
#3866 = CARTESIAN_POINT ( 'NONE',  ( -7.903143777056963692, -20.89232075954851098, -12.17217665561285678 ) ) ;
#3867 = CARTESIAN_POINT ( 'NONE',  ( 0.0007554380751694340316, 22.88169799885630340, -29.49402064658085010 ) ) ;
#3868 = CIRCLE ( 'NONE', #3396, 35.45000000000000284 ) ;
#3869 = AXIS2_PLACEMENT_3D ( 'NONE', #13, #1809, #4976 ) ;
#3870 = ADVANCED_FACE ( 'NONE', ( #2029 ), #5220, .T. ) ;
#3871 = AXIS2_PLACEMENT_3D ( 'NONE', #5497, #5070, #5553 ) ;
#3872 = CARTESIAN_POINT ( 'NONE',  ( -11.07542989875457451, 19.17907833841012177, -16.49587301502183223 ) ) ;
#3873 = CIRCLE ( 'NONE', #2083, 35.45000000000000284 ) ;
#3874 = CARTESIAN_POINT ( 'NONE',  ( -7.127517133070269573, -22.61111677554355026, -7.098296732999420655 ) ) ;
#3875 = CARTESIAN_POINT ( 'NONE',  ( -20.85643604428429754, 8.638604844750810585, -26.77299471345110149 ) ) ;
#3876 = CARTESIAN_POINT ( 'NONE',  ( 0.000000000000000000, 35.45000000000000284, 20.00000000000000000 ) ) ;
#3877 = PERSON_AND_ORGANIZATION_ROLE ( 'creator' ) ;
#3878 = ORIENTED_EDGE ( 'NONE', *, *, #909, .F. ) ;
#3879 = AXIS2_PLACEMENT_3D ( 'NONE', #3428, #1289, #3096 ) ;
#3880 = ADVANCED_FACE ( 'NONE', ( #4300 ), #1165, .T. ) ;
#3881 = AXIS2_PLACEMENT_3D ( 'NONE', #463, #4576, #58 ) ;
#3882 = DIRECTION ( 'NONE',  ( -0.3110839593099550826, -0.9503824336865882572, 9.232444025683741897E-15 ) ) ;
#3883 = FACE_OUTER_BOUND ( 'NONE', #794, .T. ) ;
#3884 = CARTESIAN_POINT ( 'NONE',  ( 16.64984854061414410, 14.60427118783080935, -13.62683813143563860 ) ) ;
#3885 = ADVANCED_FACE ( 'NONE', ( #2974 ), #3332, .T. ) ;
#3886 = B_SPLINE_CURVE_WITH_KNOTS ( 'NONE', 3,
 ( #4845, #1208, #3044, #3846 ),
 .UNSPECIFIED., .F., .F.,
 ( 4, 4 ),
 ( 0.000000000000000000, 1.000000000000000000 ),
 .UNSPECIFIED. ) ;
#3887 = CARTESIAN_POINT ( 'NONE',  ( -24.53449844299765203, 21.99456492296554799, 20.00000000000000000 ) ) ;
#3888 = CARTESIAN_POINT ( 'NONE',  ( 33.31318758815234560, 4.520401831316839925, 0.000000000000000000 ) ) ;
#3889 = CARTESIAN_POINT ( 'NONE',  ( -10.26241610328349907, -19.76041639902760139, -12.41925006095280004 ) ) ;
#3890 = CARTESIAN_POINT ( 'NONE',  ( -33.31318758815234560, -4.520401831316919861, 17.50000000000000000 ) ) ;
#3891 = CIRCLE ( 'NONE', #3134, 2.500000000000002220 ) ;
#3892 = CIRCLE ( 'NONE', #5661, 22.10000000000000142 ) ;
#3893 = CARTESIAN_POINT ( 'NONE',  ( -17.72500000000000142, 30.70060056415834993, 20.00000000000000000 ) ) ;
#3894 = ORIENTED_EDGE ( 'NONE', *, *, #2, .F. ) ;
#3895 = CARTESIAN_POINT ( 'NONE',  ( -5.780636414961289660, -21.57361587985060325, -9.512506005507454176 ) ) ;
#3896 = EDGE_LOOP ( 'NONE', ( #1978, #125, #4578 ) ) ;
#3897 = EDGE_LOOP ( 'NONE', ( #5075, #3193, #2651, #5743, #3878, #2857, #3468, #2660, #5286, #1504 ) ) ;
#3898 = CARTESIAN_POINT ( 'NONE',  ( 20.85296257102960027, -8.637257869496689722, -20.16855618722789956 ) ) ;
#3899 = CARTESIAN_POINT ( 'NONE',  ( 24.53449844299775151, 21.99456492296544852, 17.50000000000000000 ) ) ;
#3900 = CARTESIAN_POINT ( 'NONE',  ( 10.25021645926311997, 31.31510118997304915, 17.50000000000000000 ) ) ;
#3901 = CARTESIAN_POINT ( 'NONE',  ( -21.14012337205920034, -8.757283582352851425, -13.74402064658080036 ) ) ;
#3902 = CARTESIAN_POINT ( 'NONE',  ( -17.18517039441800165, -17.18389140936360349, -8.014963399666040544 ) ) ;
#3903 = CARTESIAN_POINT ( 'NONE',  ( -15.96031394498585065, 15.96085650227814945, -14.91855618722790133 ) ) ;
#3904 = APPROVAL_ROLE ( '' ) ;
#3905 = VERTEX_POINT ( 'NONE', #4220 ) ;
#3906 = DIRECTION ( 'NONE',  ( 0.000000000000000000, 0.000000000000000000, 1.000000000000000000 ) ) ;
#3907 = CARTESIAN_POINT ( 'NONE',  ( -11.07770638536992003, -21.33144301652504993, -11.81637024193984153 ) ) ;
#3908 = CARTESIAN_POINT ( 'NONE',  ( 21.39316793595856936, 5.730144764050077555, -14.50183440950860358 ) ) ;
#3909 = DIRECTION ( 'NONE',  ( 0.000000000000000000, 0.000000000000000000, -1.000000000000000000 ) ) ;
#3910 = CARTESIAN_POINT ( 'NONE',  ( -8.527741009335885636, -22.24821977658571726, -7.393018099466580395 ) ) ;
#3911 = VECTOR ( 'NONE', #1356, 1000.000000000000000 ) ;
#3912 = AXIS2_PLACEMENT_3D ( 'NONE', #1955, #1772, #3613 ) ;
#3913 = VECTOR ( 'NONE', #3411, 1000.000000000000000 ) ;
#3914 = CARTESIAN_POINT ( 'NONE',  ( -22.56484714600984987, -0.0008546936117486729967, -26.50258339428609844 ) ) ;
#3915 = DIRECTION ( 'NONE',  ( 0.000000000000000000, 0.000000000000000000, -1.000000000000000000 ) ) ;
#3916 = CARTESIAN_POINT ( 'NONE',  ( 12.75021645926286062, -31.31510118997314507, 20.00000000000000000 ) ) ;
#3917 = VERTEX_POINT ( 'NONE', #4250 ) ;
#3918 = CARTESIAN_POINT ( 'NONE',  ( -5.787453353080110219, -21.59909496620534952, -9.467874264013889984 ) ) ;
#3919 = ORIENTED_EDGE ( 'NONE', *, *, #288, .F. ) ;
#3920 = LOCAL_TIME ( 21, 1, 52.00000000000000000, #2753 ) ;
#3921 = VERTEX_POINT ( 'NONE', #3830 ) ;
#3922 = EDGE_CURVE ( 'NONE', #2650, #693, #1304, .T. ) ;
#3923 = CARTESIAN_POINT ( 'NONE',  ( -15.96029674619845196, 15.96086990273889938, -12.26742247489118043 ) ) ;
#3924 = CARTESIAN_POINT ( 'NONE',  ( -8.088697255554070153, -20.56654994664859970, -6.717528848892419191 ) ) ;
#3925 = CARTESIAN_POINT ( 'NONE',  ( -7.820856211930734325, -20.79619104818344866, -12.17887959628896155 ) ) ;
#3926 = CARTESIAN_POINT ( 'NONE',  ( -8.506377045912341117, -22.08869030551650070, -11.63559004847819978 ) ) ;
#3927 = ORIENTED_EDGE ( 'NONE', *, *, #3441, .F. ) ;
#3928 = CC_DESIGN_PERSON_AND_ORGANIZATION_ASSIGNMENT ( #1769, #3578, ( #2453 ) ) ;
#3929 = FACE_OUTER_BOUND ( 'NONE', #5378, .T. ) ;
#3930 = CARTESIAN_POINT ( 'NONE',  ( -17.18433338273889888, -17.18507672799940167, -20.01496339966610094 ) ) ;
#3931 = CARTESIAN_POINT ( 'NONE',  ( -0.0007097104657128489339, 22.57449791619775326, -17.02299471345110149 ) ) ;
#3932 = EDGE_CURVE ( 'NONE', #1559, #4142, #256, .T. ) ;
#3933 = CALENDAR_DATE ( 2026, 22, 6 ) ;
#3934 = ORIENTED_EDGE ( 'NONE', *, *, #1779, .F. ) ;
#3935 = EDGE_CURVE ( 'NONE', #813, #4389, #5177, .T. ) ;
#3936 = DIRECTION ( 'NONE',  ( 1.000000000000000000, 0.000000000000000000, 1.387778780781445478E-15 ) ) ;
#3937 = CARTESIAN_POINT ( 'NONE',  ( -9.221728171538369878, 22.26372680763894962, -16.31242905611420113 ) ) ;
#3938 = CARTESIAN_POINT ( 'NONE',  ( 22.06306822146468249, 1.277115733150248511, -28.10312280793593587 ) ) ;
#3939 = DIRECTION ( 'NONE',  ( 0.9785973105380428860, -0.2057846053710269407, 0.000000000000000000 ) ) ;
#3940 = CARTESIAN_POINT ( 'NONE',  ( -8.255542429733715437, -21.20673838304848147, -6.800387571514727725 ) ) ;
#3941 = CARTESIAN_POINT ( 'NONE',  ( 6.780602746975369577, -32.24478138222849566, 17.50000000000000000 ) ) ;
#3942 = CARTESIAN_POINT ( 'NONE',  ( 16.02435444912675067, -16.02463643552025019, -21.99466388919145032 ) ) ;
#3943 = EDGE_LOOP ( 'NONE', ( #751, #5082, #653, #912, #5276 ) ) ;
#3944 = CARTESIAN_POINT ( 'NONE',  ( -32.24478138222849566, -6.780602746975409545, 17.50000000000000000 ) ) ;
#3945 = VERTEX_POINT ( 'NONE', #4690 ) ;
#3946 = DIRECTION ( 'NONE',  ( 0.000000000000000000, 0.000000000000000000, -1.000000000000000000 ) ) ;
#3947 = ORIENTED_EDGE ( 'NONE', *, *, #5030, .F. ) ;
#3948 = CIRCLE ( 'NONE', #1771, 32.95000000000000284 ) ;
#3949 = VERTEX_POINT ( 'NONE', #2860 ) ;
#3950 = CARTESIAN_POINT ( 'NONE',  ( -8.637018558413661395, 20.85346693664419959, -14.49027453730044002 ) ) ;
#3951 = LINE ( 'NONE', #1198, #2563 ) ;
#3952 = CARTESIAN_POINT ( 'NONE',  ( -31.31510118997309888, 10.25021645926300096, 20.00000000000000000 ) ) ;
#3953 = CARTESIAN_POINT ( 'NONE',  ( -8.477547595086230459, -21.98110146372125229, -11.71746858634799970 ) ) ;
#3954 = ORIENTED_EDGE ( 'NONE', *, *, #4079, .F. ) ;
#3955 = DIRECTION ( 'NONE',  ( 1.000000000000000000, 0.000000000000000000, 0.000000000000000000 ) ) ;
#3956 = CARTESIAN_POINT ( 'NONE',  ( -16.59034219399949706, -16.59052715089934793, -19.58841932938490160 ) ) ;
#3957 = CARTESIAN_POINT ( 'NONE',  ( -20.85606853842080000, -8.638194620211660180, -25.27299471345110149 ) ) ;
#3958 = AXIS2_PLACEMENT_3D ( 'NONE', #4472, #5780, #1716 ) ;
#3959 = EDGE_CURVE ( 'NONE', #1351, #4751, #2532, .T. ) ;
#3960 = CALENDAR_DATE ( 2026, 22, 6 ) ;
#3961 = ORIENTED_EDGE ( 'NONE', *, *, #4059, .F. ) ;
#3962 = AXIS2_PLACEMENT_3D ( 'NONE', #4709, #3823, #4271 ) ;
#3963 = ORIENTED_EDGE ( 'NONE', *, *, #1156, .T. ) ;
#3964 = DIRECTION ( 'NONE',  ( 0.000000000000000000, 0.000000000000000000, 1.000000000000000000 ) ) ;
#3965 = CARTESIAN_POINT ( 'NONE',  ( 22.26355389468239920, -9.222186483684019720, -20.81242905611420113 ) ) ;
#3966 = CARTESIAN_POINT ( 'NONE',  ( 22.10000000000000497, 1.446441617589898421, -14.87683281439701233 ) ) ;
#3967 = LINE ( 'NONE', #4823, #1643 ) ;
#3968 = LINE ( 'NONE', #5360, #4333 ) ;
#3969 = CARTESIAN_POINT ( 'NONE',  ( 20.93699480388920264, -8.672090673416651185, -21.24466388919140059 ) ) ;
#3970 = CYLINDRICAL_SURFACE ( 'NONE', #565, 2.499999999999998668 ) ;
#3971 = DIRECTION ( 'NONE',  ( -1.000000000000000000, 0.000000000000000000, 0.000000000000000000 ) ) ;
#3972 = EDGE_CURVE ( 'NONE', #5248, #411, #3779, .T. ) ;
#3973 = ORIENTED_EDGE ( 'NONE', *, *, #1567, .T. ) ;
#3974 = DIRECTION ( 'NONE',  ( 0.000000000000000000, 0.000000000000000000, -1.000000000000000000 ) ) ;
#3975 = ORIENTED_EDGE ( 'NONE', *, *, #1924, .F. ) ;
#3976 = ORIENTED_EDGE ( 'NONE', *, *, #332, .F. ) ;
#3977 = CIRCLE ( 'NONE', #5514, 2.499999999999998668 ) ;
#3978 = CIRCLE ( 'NONE', #1437, 5.000000000000000888 ) ;
#3979 = CARTESIAN_POINT ( 'NONE',  ( -22.57170628101659915, -0.0008276010193791759643, -24.24027453730039738 ) ) ;
#3980 = CARTESIAN_POINT ( 'NONE',  ( -7.120966049821562116, 20.97126691142879551, -16.87086882900588591 ) ) ;
#3981 = DIRECTION ( 'NONE',  ( 0.000000000000000000, 0.000000000000000000, -1.000000000000000000 ) ) ;
#3982 = CARTESIAN_POINT ( 'NONE',  ( -30.70060056415840322, -17.72500000000000142, 17.50000000000000000 ) ) ;
#3983 = CARTESIAN_POINT ( 'NONE',  ( -8.287847839675160699, -21.27245156568604756, -12.19543135320233951 ) ) ;
#3984 = DIRECTION ( 'NONE',  ( 0.000000000000000000, -1.000000000000000000, 5.551115123125783491E-15 ) ) ;
#3985 = ORIENTED_EDGE ( 'NONE', *, *, #281, .T. ) ;
#3986 = DIRECTION ( 'NONE',  ( 1.000000000000000000, 0.000000000000000000, -1.387778780781446464E-15 ) ) ;
#3987 = CARTESIAN_POINT ( 'NONE',  ( 24.30264438929559745, 0.0009670209734209819167, -15.51496339966610094 ) ) ;
#3988 = CARTESIAN_POINT ( 'NONE',  ( -22.57168460780750152, -0.0002252799933069194870, -14.35827761439405847 ) ) ;
#3989 = CALENDAR_DATE ( 2026, 22, 6 ) ;
#3990 = ORIENTED_EDGE ( 'NONE', *, *, #5090, .F. ) ;
#3991 = CARTESIAN_POINT ( 'NONE',  ( 22.30564127436977273, -0.000000000000000000, -29.93254409420464768 ) ) ;
#3992 = CARTESIAN_POINT ( 'NONE',  ( -0.0002362082391505889931, 24.09843480153674733, -29.06242905611415139 ) ) ;
#3993 = CARTESIAN_POINT ( 'NONE',  ( -11.07542989872596095, 19.17907833842656729, -11.00184929721675076 ) ) ;
#3994 = CARTESIAN_POINT ( 'NONE',  ( -31.31510118997314507, -10.25021645926292102, 17.50000000000000000 ) ) ;
#3995 = CARTESIAN_POINT ( 'NONE',  ( 22.96282613755944979, 0.000000000000000000, -29.52497335472034834 ) ) ;
#3996 = DIRECTION ( 'NONE',  ( 0.000000000000000000, 0.000000000000000000, -1.000000000000000000 ) ) ;
#3997 = CC_DESIGN_PERSON_AND_ORGANIZATION_ASSIGNMENT ( #2374, #35, ( #4491 ) ) ;
#3998 = CARTESIAN_POINT ( 'NONE',  ( 22.56584952105579944, -0.001025468616367008080, -20.50258339428615173 ) ) ;
#3999 = CARTESIAN_POINT ( 'NONE',  ( -34.69127465857359738, -7.295064260402980061, 0.000000000000000000 ) ) ;
#4000 = ADVANCED_FACE ( 'NONE', ( #1554 ), #4663, .T. ) ;
#4001 = DIRECTION ( 'NONE',  ( 1.000000000000000000, 1.387778780781446464E-15, 0.000000000000000000 ) ) ;
#4002 = CARTESIAN_POINT ( 'NONE',  ( 22.81631813193435221, 2.987552028010085348, -32.15349006216960248 ) ) ;
#4003 = CIRCLE ( 'NONE', #5232, 2.500000000000000444 ) ;
#4004 = ORIENTED_EDGE ( 'NONE', *, *, #913, .T. ) ;
#4005 = CARTESIAN_POINT ( 'NONE',  ( 12.74181097284212072, 31.11026764803479949, 17.50000000000000000 ) ) ;
#4006 = VERTEX_POINT ( 'NONE', #5674 ) ;
#4007 = EDGE_CURVE ( 'NONE', #4938, #2864, #690, .T. ) ;
#4008 = B_SPLINE_CURVE_WITH_KNOTS ( 'NONE', 3,
 ( #1220, #324, #2675, #5753, #1689, #3054, #508, #2320, #106, #18 ),
 .UNSPECIFIED., .F., .F.,
 ( 4, 2, 2, 2, 4 ),
 ( 0.000000000000000000, 0.2500000000000000000, 0.5000000000000000000, 0.7500000000000000000, 1.000000000000000000 ),
 .UNSPECIFIED. ) ;
#4009 = CARTESIAN_POINT ( 'NONE',  ( -15.96005810508839851, -15.95974506863364795, -9.267422474891210626 ) ) ;
#4010 = PLANE ( 'NONE',  #5435 ) ;
#4011 = CARTESIAN_POINT ( 'NONE',  ( 0.000000000000000000, 0.000000000000000000, 20.00000000000000000 ) ) ;
#4012 = DIRECTION ( 'NONE',  ( 0.000000000000000000, 0.000000000000000000, -1.000000000000000000 ) ) ;
#4013 = CARTESIAN_POINT ( 'NONE',  ( -8.437186597740378602, -21.83060138047119736, -11.82021658424200083 ) ) ;
#4014 = DIRECTION ( 'NONE',  ( 0.000000000000000000, 0.000000000000000000, 1.000000000000000000 ) ) ;
#4015 = ORIENTED_EDGE ( 'NONE', *, *, #546, .F. ) ;
#4016 = DIRECTION ( 'NONE',  ( 0.000000000000000000, 0.000000000000000000, -1.000000000000000000 ) ) ;
#4017 = CARTESIAN_POINT ( 'NONE',  ( -15.96293446879330169, 15.96275838617845011, -22.50000000000000000 ) ) ;
#4018 = CARTESIAN_POINT ( 'NONE',  ( 15.95949141060919807, -15.95972208074654830, -21.85827761439399808 ) ) ;
#4019 = DATE_AND_TIME ( #3989, #1593 ) ;
#4020 = VERTEX_POINT ( 'NONE', #167 ) ;
#4021 = DIRECTION ( 'NONE',  ( 1.000000000000000000, 0.000000000000000000, 0.000000000000000000 ) ) ;
#4022 = CARTESIAN_POINT ( 'NONE',  ( -24.10089259004044848, 0.0004366619407503560053, -14.06242905611419935 ) ) ;
#4023 = VECTOR ( 'NONE', #3808, 1000.000000000000000 ) ;
#4024 = CARTESIAN_POINT ( 'NONE',  ( 20.85442556849400120, 8.637855015548719706, -14.83914082496376174 ) ) ;
#4025 = CARTESIAN_POINT ( 'NONE',  ( 33.69105727418964591, 11.02792635753769979, 0.000000000000000000 ) ) ;
#4026 = FACE_OUTER_BOUND ( 'NONE', #147, .T. ) ;
#4027 = DIRECTION ( 'NONE',  ( 0.000000000000000000, 0.000000000000000000, 1.000000000000000000 ) ) ;
#4028 = CARTESIAN_POINT ( 'NONE',  ( -8.957371029143120111, 21.62617248460900043, -16.65349006216965222 ) ) ;
#4029 = DIRECTION ( 'NONE',  ( 1.000000000000000000, 0.000000000000000000, 0.000000000000000000 ) ) ;
#4030 = CYLINDRICAL_SURFACE ( 'NONE', #1201, 2.500000000000002220 ) ;
#4031 = CARTESIAN_POINT ( 'NONE',  ( -8.757322923741449827, -21.14153447757470161, -24.24402064658080036 ) ) ;
#4032 = ORIENTED_EDGE ( 'NONE', *, *, #4007, .T. ) ;
#4033 = CARTESIAN_POINT ( 'NONE',  ( -5.793479372013019990, -21.62161790158934949, -9.207179705804160008 ) ) ;
#4034 = ORIENTED_EDGE ( 'NONE', *, *, #5430, .T. ) ;
#4035 = ADVANCED_FACE ( 'NONE', ( #1975 ), #1106, .T. ) ;
#4036 = CARTESIAN_POINT ( 'NONE',  ( -0.0007097104657128489339, 22.57449791619775326, -17.02299471345110149 ) ) ;
#4037 = CARTESIAN_POINT ( 'NONE',  ( -15.96059826545650040, -15.96019609419269791, -19.50000000000000000 ) ) ;
#4038 = DIRECTION ( 'NONE',  ( 0.000000000000000000, 0.000000000000000000, -1.000000000000000000 ) ) ;
#4039 = DIRECTION ( 'NONE',  ( 0.000000000000000000, -5.551115123125781913E-15, -1.000000000000000000 ) ) ;
#4040 = CARTESIAN_POINT ( 'NONE',  ( -8.458656374766009733, -21.81412624308834936, -11.85706433121016090 ) ) ;
#4041 = CIRCLE ( 'NONE', #1672, 22.10000000000000142 ) ;
#4042 = DIRECTION ( 'NONE',  ( 0.000000000000000000, 0.000000000000000000, -1.000000000000000000 ) ) ;
#4043 = ORIENTED_EDGE ( 'NONE', *, *, #2221, .F. ) ;
#4044 = AXIS2_PLACEMENT_3D ( 'NONE', #2004, #5563, #1500 ) ;
#4045 = DIRECTION ( 'NONE',  ( 1.000000000000000000, 0.000000000000000000, 0.000000000000000000 ) ) ;
#4046 = CARTESIAN_POINT ( 'NONE',  ( -22.86039395030125121, -0.0004982160836436709843, -21.00000000000000000 ) ) ;
#4047 = CARTESIAN_POINT ( 'NONE',  ( -8.636712317017959606, 20.85281581933620032, -16.60827761439389860 ) ) ;
#4048 = EDGE_CURVE ( 'NONE', #5308, #4331, #1027, .T. ) ;
#4049 = ORIENTED_EDGE ( 'NONE', *, *, #3764, .T. ) ;
#4050 = AXIS2_PLACEMENT_3D ( 'NONE', #4057, #1746, #2604 ) ;
#4051 = TOROIDAL_SURFACE ( 'NONE', #264, 7.500000000000000000, 2.500000000000000000 ) ;
#4052 = CARTESIAN_POINT ( 'NONE',  ( 22.12783807826464155, 0.000000000000000000, -30.05032920495729698 ) ) ;
#4053 = CARTESIAN_POINT ( 'NONE',  ( 24.79988338553184946, 3.249930711763564961, -29.60399774898189662 ) ) ;
#4054 = CARTESIAN_POINT ( 'NONE',  ( -20.85316386424315027, -8.637082640757119734, -20.25000000000000000 ) ) ;
#4055 = CARTESIAN_POINT ( 'NONE',  ( 7.295064260402940093, -34.69127465857359738, 17.50000000000000000 ) ) ;
#4056 = CARTESIAN_POINT ( 'NONE',  ( -31.31510118997314507, -10.25021645926292102, 17.50000000000000000 ) ) ;
#4057 = CARTESIAN_POINT ( 'NONE',  ( 10.25021645926311997, 31.31510118997304915, 0.000000000000000000 ) ) ;
#4058 = AXIS2_PLACEMENT_3D ( 'NONE', #2626, #2125, #2565 ) ;
#4059 = EDGE_CURVE ( 'NONE', #5440, #3833, #1277, .T. ) ;
#4060 = TOROIDAL_SURFACE ( 'NONE', #2269, 32.95000000000000284, 2.500000000000000000 ) ;
#4061 = ADVANCED_FACE ( 'NONE', ( #2113 ), #1875, .T. ) ;
#4062 = CARTESIAN_POINT ( 'NONE',  ( 21.13899712452930046, -8.755855933100390232, -21.24402064658085010 ) ) ;
#4063 = CARTESIAN_POINT ( 'NONE',  ( 10.25021645926286062, -31.31510118997314507, 17.50000000000000000 ) ) ;
#4064 = AXIS2_PLACEMENT_3D ( 'NONE', #865, #3915, #4449 ) ;
#4065 = LINE ( 'NONE', #4151, #4412 ) ;
#4066 = CARTESIAN_POINT ( 'NONE',  ( 8.957694511603680354, 21.62573513186720220, -30.15349006216965222 ) ) ;
#4067 = DIRECTION ( 'NONE',  ( -0.4999999999999996669, -0.8660254037844389297, 0.000000000000000000 ) ) ;
#4068 = CARTESIAN_POINT ( 'NONE',  ( -8.313414632324001019, -21.43238617060615070, -6.890488215217890122 ) ) ;
#4069 = ORIENTED_EDGE ( 'NONE', *, *, #2318, .T. ) ;
#4070 = CARTESIAN_POINT ( 'NONE',  ( -6.621743280467129900, -21.00274647913729709, -11.60632804678442120 ) ) ;
#4071 = DIRECTION ( 'NONE',  ( 0.000000000000000000, 0.000000000000000000, -1.000000000000000000 ) ) ;
#4072 = CARTESIAN_POINT ( 'NONE',  ( -21.96763401495141110, 2.788810335887912828, -21.24292972167303972 ) ) ;
#4073 = CARTESIAN_POINT ( 'NONE',  ( -10.22499999999999964, -30.70060056415830019, 17.50000000000000000 ) ) ;
#4074 = DIRECTION ( 'NONE',  ( 0.000000000000000000, 0.000000000000000000, -1.000000000000000000 ) ) ;
#4075 = CARTESIAN_POINT ( 'NONE',  ( -33.69105727418959617, -11.02792635753779926, 17.50000000000000000 ) ) ;
#4076 = ORIENTED_EDGE ( 'NONE', *, *, #4231, .T. ) ;
#4077 = ORIENTED_EDGE ( 'NONE', *, *, #2306, .T. ) ;
#4078 = CARTESIAN_POINT ( 'NONE',  ( 0.000000000000000000, 0.000000000000000000, 20.00000000000000000 ) ) ;
#4079 = EDGE_CURVE ( 'NONE', #2650, #5056, #1115, .T. ) ;
#4080 = CARTESIAN_POINT ( 'NONE',  ( -21.67884889497639733, 8.978830933342470288, -9.838419329384908707 ) ) ;
#4081 = CARTESIAN_POINT ( 'NONE',  ( 22.57204419975675336, -0.001017565939838141996, -20.41339838996564993 ) ) ;
#4082 = APPROVAL_ROLE ( '' ) ;
#4083 = VERTEX_POINT ( 'NONE', #2581 ) ;
#4084 = CARTESIAN_POINT ( 'NONE',  ( 22.35298314285627086, 0.000000000000000000, -29.86806735340589469 ) ) ;
#4085 = CARTESIAN_POINT ( 'NONE',  ( -0.001185165607518761819, 25.24933138193815196, -27.74954139175619972 ) ) ;
#4086 = CARTESIAN_POINT ( 'NONE',  ( -0.0006706604194892589821, 22.57144357681329794, -12.58914082496374043 ) ) ;
#4087 = CARTESIAN_POINT ( 'NONE',  ( 32.24478138222845303, -6.780602746975559647, 0.000000000000000000 ) ) ;
#4088 = CARTESIAN_POINT ( 'NONE',  ( 35.45000000000000284, -1.324557592679437988E-13, 17.50000000000000000 ) ) ;
#4089 = CARTESIAN_POINT ( 'NONE',  ( 22.40377404439540143, 0.000000000000000000, -29.64818251804734572 ) ) ;
#4090 = CARTESIAN_POINT ( 'NONE',  ( -16.55206204919385016, -16.55119161072004985, -12.90349006216971972 ) ) ;
#4091 = LINE ( 'NONE', #4624, #5008 ) ;
#4092 = DIRECTION ( 'NONE',  ( 1.000000000000000000, 0.000000000000000000, 0.000000000000000000 ) ) ;
#4093 = CARTESIAN_POINT ( 'NONE',  ( 16.85802854183075183, 16.85745214783170098, -30.72515453695509891 ) ) ;
#4094 = DIRECTION ( 'NONE',  ( 0.000000000000000000, 0.000000000000000000, 1.000000000000000000 ) ) ;
#4095 = CARTESIAN_POINT ( 'NONE',  ( -8.294322466947480876, -21.35904098291295128, -6.863900493071669828 ) ) ;
#4096 = ORIENTED_EDGE ( 'NONE', *, *, #725, .T. ) ;
#4097 = CARTESIAN_POINT ( 'NONE',  ( -15.96225674555114971, -15.96187235904989876, -12.52299471345112103 ) ) ;
#4098 = DIRECTION ( 'NONE',  ( 0.000000000000000000, 0.000000000000000000, -1.000000000000000000 ) ) ;
#4099 = DIRECTION ( 'NONE',  ( 0.000000000000000000, 0.000000000000000000, 1.000000000000000000 ) ) ;
#4100 = FACE_OUTER_BOUND ( 'NONE', #170, .T. ) ;
#4101 = CARTESIAN_POINT ( 'NONE',  ( -8.769872705561940762, -23.00054401511205171, -10.38103471786236121 ) ) ;
#4102 = DIRECTION ( 'NONE',  ( 0.000000000000000000, 0.000000000000000000, -1.000000000000000000 ) ) ;
#4103 = VERTEX_POINT ( 'NONE', #5274 ) ;
#4104 = CIRCLE ( 'NONE', #3060, 2.500000000000002665 ) ;
#4105 = ADVANCED_FACE ( 'NONE', ( #4450 ), #2625, .T. ) ;
#4106 = ORIENTED_EDGE ( 'NONE', *, *, #1471, .T. ) ;
#4107 = ADVANCED_FACE ( 'NONE', ( #824 ), #4827, .T. ) ;
#4108 = FACE_OUTER_BOUND ( 'NONE', #3197, .T. ) ;
#4109 = CARTESIAN_POINT ( 'NONE',  ( 16.16467468705990385, 16.16454701402744831, -25.50000000000000000 ) ) ;
#4110 = CARTESIAN_POINT ( 'NONE',  ( -15.95956628248890219, -15.95917691140200034, -12.85827761439404071 ) ) ;
#4111 = ORIENTED_EDGE ( 'NONE', *, *, #1532, .F. ) ;
#4112 = EDGE_CURVE ( 'NONE', #1237, #4389, #4792, .T. ) ;
#4113 = CARTESIAN_POINT ( 'NONE',  ( 9.661637943025310094, -23.33043593142505046, -20.99954139175625301 ) ) ;
#4114 = CARTESIAN_POINT ( 'NONE',  ( -22.09999999999874376, 1.446441617609199426, -9.126857272774692831 ) ) ;
#4115 = CYLINDRICAL_SURFACE ( 'NONE', #4256, 2.499999999999998668 ) ;
#4116 = CARTESIAN_POINT ( 'NONE',  ( -16.64984854061126640, -14.60427118783414002, -19.62690206721073949 ) ) ;
#4117 = CARTESIAN_POINT ( 'NONE',  ( 23.21453013605914606, 2.499867242829550307, -27.12731352207059743 ) ) ;
#4118 = CARTESIAN_POINT ( 'NONE',  ( 22.81545230136359947, 0.000000000000000000, -32.40349006216965222 ) ) ;
#4119 = CARTESIAN_POINT ( 'NONE',  ( 23.66334830103590292, 26.39599301378645180, 17.50000000000000000 ) ) ;
#4120 = CARTESIAN_POINT ( 'NONE',  ( 32.24478138222845303, -6.780602746975570305, 20.00000000000000000 ) ) ;
#4121 = CARTESIAN_POINT ( 'NONE',  ( 0.0003273113676243685527, 23.40843688262535238, -29.40349006216965222 ) ) ;
#4122 = CARTESIAN_POINT ( 'NONE',  ( -34.69127465857359738, 7.295064260403060885, 0.000000000000000000 ) ) ;
#4123 = CARTESIAN_POINT ( 'NONE',  ( -5.696826984088459334, -21.26036854074740035, -9.659775991228640279 ) ) ;
#4124 = ORIENTED_EDGE ( 'NONE', *, *, #4312, .T. ) ;
#4125 = ORIENTED_EDGE ( 'NONE', *, *, #68, .T. ) ;
#4126 = CARTESIAN_POINT ( 'NONE',  ( 22.57193352979904688, -0.001017074806210848054, -20.35827761439389860 ) ) ;
#4127 = DIRECTION ( 'NONE',  ( 0.000000000000000000, 0.000000000000000000, 1.000000000000000000 ) ) ;
#4128 = VECTOR ( 'NONE', #386, 1000.000000000000000 ) ;
#4129 = LINE ( 'NONE', #4990, #818 ) ;
#4130 = CARTESIAN_POINT ( 'NONE',  ( -8.348904058265981476, -21.60460419713367486, -11.94574595410401940 ) ) ;
#4131 = CARTESIAN_POINT ( 'NONE',  ( -8.377606656303619559, -21.51120503128269590, -12.06069794573039999 ) ) ;
#4132 = CARTESIAN_POINT ( 'NONE',  ( -23.20060056415840322, -17.72500000000000142, 17.50000000000000000 ) ) ;
#4133 = EDGE_LOOP ( 'NONE', ( #2476, #3635, #3747, #3227 ) ) ;
#4134 = EDGE_CURVE ( 'NONE', #2864, #976, #174, .T. ) ;
#4135 = ORIENTED_EDGE ( 'NONE', *, *, #3570, .F. ) ;
#4136 = CARTESIAN_POINT ( 'NONE',  ( 30.70060056415844940, 17.72500000000000142, 0.000000000000000000 ) ) ;
#4137 = CIRCLE ( 'NONE', #563, 2.500000000000000444 ) ;
#4138 = CARTESIAN_POINT ( 'NONE',  ( 8.637092499873579854, 20.85302587620019921, -24.75000000000000000 ) ) ;
#4139 = CARTESIAN_POINT ( 'NONE',  ( -20.85642811942924624, -8.638335738071859282, -25.70525588809375250 ) ) ;
#4140 = ORIENTED_EDGE ( 'NONE', *, *, #2834, .F. ) ;
#4141 = CIRCLE ( 'NONE', #3674, 35.45000000000000284 ) ;
#4142 = VERTEX_POINT ( 'NONE', #2205 ) ;
#4143 = CARTESIAN_POINT ( 'NONE',  ( -0.001352420009495351998, 25.44224258694464780, -26.85399774898194991 ) ) ;
#4144 = CARTESIAN_POINT ( 'NONE',  ( -15.96003489755839766, -15.95975964804535074, -7.500000000000000000 ) ) ;
#4145 = SPHERICAL_SURFACE ( 'NONE', #5767, 2.500000000000000000 ) ;
#4146 = DIRECTION ( 'NONE',  ( 0.000000000000000000, 0.000000000000000000, -1.000000000000000000 ) ) ;
#4147 = CARTESIAN_POINT ( 'NONE',  ( 22.39773199065779963, 0.000000000000000000, -29.72980568654535105 ) ) ;
#4148 = CC_DESIGN_APPROVAL ( #3025, ( #4436 ) ) ;
#4149 = CARTESIAN_POINT ( 'NONE',  ( -16.17942592524655154, 16.17959361454004963, -15.99402064658089806 ) ) ;
#4150 = DIRECTION ( 'NONE',  ( 1.000000000000000000, 0.000000000000000000, 0.000000000000000000 ) ) ;
#4151 = CARTESIAN_POINT ( 'NONE',  ( -31.11026764803489897, -12.74181097284191999, 0.000000000000000000 ) ) ;
#4152 = TOROIDAL_SURFACE ( 'NONE', #4905, 7.500000000000000000, 2.500000000000000000 ) ;
#4153 = CARTESIAN_POINT ( 'NONE',  ( 9.222275847876240107, 22.26329313341139837, -29.81242905611420113 ) ) ;
#4154 = AXIS2_PLACEMENT_3D ( 'NONE', #4869, #439, #308 ) ;
#4155 = CARTESIAN_POINT ( 'NONE',  ( 6.780602746975369577, -32.24478138222849566, 17.50000000000000000 ) ) ;
#4156 = CIRCLE ( 'NONE', #4621, 2.500000000000002220 ) ;
#4157 = CARTESIAN_POINT ( 'NONE',  ( -5.757405884310370148, -21.48678911302289762, -9.617376344691431100 ) ) ;
#4158 = ORIENTED_EDGE ( 'NONE', *, *, #5204, .T. ) ;
#4159 = AXIS2_PLACEMENT_3D ( 'NONE', #2488, #1098, #1069 ) ;
#4160 = AXIS2_PLACEMENT_3D ( 'NONE', #2523, #1077, #2888 ) ;
#4161 = CARTESIAN_POINT ( 'NONE',  ( 22.00005644886349998, 2.879583100097664605, -32.10827761439389860 ) ) ;
#4162 = CARTESIAN_POINT ( 'NONE',  ( 22.05931684723769237, 2.121419832946183082, -32.31020510377351229 ) ) ;
#4163 = EDGE_CURVE ( 'NONE', #411, #3420, #4706, .T. ) ;
#4164 = CARTESIAN_POINT ( 'NONE',  ( 21.95908253317000103, 2.491725165709020029, -26.78608859909139639 ) ) ;
#4165 = CARTESIAN_POINT ( 'NONE',  ( -8.592067669646290540, -22.39417991163954724, -7.508880829711620741 ) ) ;
#4166 = CARTESIAN_POINT ( 'NONE',  ( -27.94999999999999929, 4.152809267445049311E-14, 17.50000000000000000 ) ) ;
#4167 = ORIENTED_EDGE ( 'NONE', *, *, #57, .T. ) ;
#4168 = AXIS2_PLACEMENT_3D ( 'NONE', #3842, #4461, #3984 ) ;
#4169 = VECTOR ( 'NONE', #2774, 1000.000000000000000 ) ;
#4170 = ORIENTED_EDGE ( 'NONE', *, *, #5290, .T. ) ;
#4171 = ORIENTED_EDGE ( 'NONE', *, *, #1887, .F. ) ;
#4172 = CARTESIAN_POINT ( 'NONE',  ( -22.10000000000192344, -2.202788886495190113, -8.811497058179705633 ) ) ;
#4173 = CARTESIAN_POINT ( 'NONE',  ( -8.634377783166909737, 20.84719142188514951, -16.75258339428615173 ) ) ;
#4174 = EDGE_CURVE ( 'NONE', #1626, #3257, #251, .T. ) ;
#4175 = DATE_TIME_ROLE ( 'classification_date' ) ;
#4176 = VERTEX_POINT ( 'NONE', #5815 ) ;
#4177 = CIRCLE ( 'NONE', #1912, 2.499999999999998668 ) ;
#4178 = AXIS2_PLACEMENT_3D ( 'NONE', #3126, #4038, #3565 ) ;
#4179 = CARTESIAN_POINT ( 'NONE',  ( -23.32754856464859827, -9.662407683742021192, -23.99954139175614998 ) ) ;
#4180 = CARTESIAN_POINT ( 'NONE',  ( 22.00000000000000000, 0.000000000000000000, -30.24027453730045067 ) ) ;
#4181 = CARTESIAN_POINT ( 'NONE',  ( -2.447555778583772490, 22.00880281485759937, -29.28419378503339132 ) ) ;
#4182 = CARTESIAN_POINT ( 'NONE',  ( 21.83437679515250096, 0.000000000000000000, -29.48117758452925230 ) ) ;
#4183 = EDGE_CURVE ( 'NONE', #4083, #208, #2646, .T. ) ;
#4184 = CARTESIAN_POINT ( 'NONE',  ( -22.26549353722950286, 9.223400533111599131, -26.81242905611419758 ) ) ;
#4185 = CARTESIAN_POINT ( 'NONE',  ( -30.70060056415840322, -17.72500000000000142, 0.000000000000000000 ) ) ;
#4186 = CARTESIAN_POINT ( 'NONE',  ( 22.08048244389305381, 0.9328612926339050482, -28.46816234083241781 ) ) ;
#4187 = CARTESIAN_POINT ( 'NONE',  ( -21.62873245494605001, 8.958194687646040322, -15.15349006216965044 ) ) ;
#4188 = CARTESIAN_POINT ( 'NONE',  ( -31.31510118997309888, 10.25021645926300096, 17.50000000000000000 ) ) ;
#4189 = CARTESIAN_POINT ( 'NONE',  ( -8.096717880901499242, -20.59752295276164702, -6.718454429783289328 ) ) ;
#4190 = APPROVAL ( #3611, 'UNKNOWN' ) ;
#4191 = EDGE_LOOP ( 'NONE', ( #4550, #5515, #1258, #4375 ) ) ;
#4192 = EDGE_CURVE ( 'NONE', #1316, #2187, #4235, .T. ) ;
#4193 = APPLICATION_CONTEXT ( 'configuration controlled 3d designs of mechanical parts and assemblies' ) ;
#4194 = CARTESIAN_POINT ( 'NONE',  ( -15.95985835635685035, 15.96039019556690164, -15.91339838996569789 ) ) ;
#4195 = DIRECTION ( 'NONE',  ( 0.000000000000000000, 0.000000000000000000, -1.000000000000000000 ) ) ;
#4196 = CARTESIAN_POINT ( 'NONE',  ( 4.308268485513065293, 21.72080177988696192, -24.37601952195298693 ) ) ;
#4197 = CARTESIAN_POINT ( 'NONE',  ( 23.62817323711817608, 2.499972637759487526, -27.43605722347596299 ) ) ;
#4198 = EDGE_CURVE ( 'NONE', #3702, #1335, #4041, .T. ) ;
#4199 = DIRECTION ( 'NONE',  ( 1.000000000000000000, 0.000000000000000000, 0.000000000000000000 ) ) ;
#4200 = ORIENTED_EDGE ( 'NONE', *, *, #3051, .T. ) ;
#4201 = ORIENTED_EDGE ( 'NONE', *, *, #3059, .T. ) ;
#4202 = CARTESIAN_POINT ( 'NONE',  ( 8.637088463343928879, 20.85303225374185132, -25.33914082496374931 ) ) ;
#4203 = VERTEX_POINT ( 'NONE', #5366 ) ;
#4204 = CYLINDRICAL_SURFACE ( 'NONE', #1261, 35.45000000000000284 ) ;
#4205 = FACE_OUTER_BOUND ( 'NONE', #4388, .T. ) ;
#4206 = CARTESIAN_POINT ( 'NONE',  ( -10.26241610328349907, -19.76041639902760139, -12.41925006095280004 ) ) ;
#4207 = CIRCLE ( 'NONE', #3164, 32.95000000000000284 ) ;
#4208 = CARTESIAN_POINT ( 'NONE',  ( 24.30511462799990241, 0.000000000000000000, -28.17001597436705040 ) ) ;
#4209 = CARTESIAN_POINT ( 'NONE',  ( -20.85598661973434886, 8.639225358325260729, -10.33914082496374043 ) ) ;
#4210 = CARTESIAN_POINT ( 'NONE',  ( 22.01498766759710080, 0.008437413668063999464, -32.50000000000000000 ) ) ;
#4211 = EDGE_LOOP ( 'NONE', ( #830, #3595, #4861, #3758 ) ) ;
#4212 = CARTESIAN_POINT ( 'NONE',  ( -23.83994198301515155, 0.0004764234892566379860, -26.22515453695515220 ) ) ;
#4213 = DIRECTION ( 'NONE',  ( 0.000000000000000000, 0.000000000000000000, 1.000000000000000000 ) ) ;
#4214 = CARTESIAN_POINT ( 'NONE',  ( 33.31318758815229586, -4.520401831317090391, 0.000000000000000000 ) ) ;
#4215 = DIRECTION ( 'NONE',  ( 0.000000000000000000, 0.000000000000000000, -1.000000000000000000 ) ) ;
#4216 = CARTESIAN_POINT ( 'NONE',  ( 22.00489525603214958, 0.000000000000000000, -32.50000001668475136 ) ) ;
#4217 = VERTEX_POINT ( 'NONE', #1310 ) ;
#4218 = CARTESIAN_POINT ( 'NONE',  ( -10.26523740838941912, -19.76585221701219908, -12.33006505663231955 ) ) ;
#4219 = CARTESIAN_POINT ( 'NONE',  ( 22.93013891648260127, 2.445402070964173724, -32.09516958135939291 ) ) ;
#4220 = CARTESIAN_POINT ( 'NONE',  ( 22.10000000000000142, 0.000000000000000000, -32.50000000000000000 ) ) ;
#4221 = EDGE_LOOP ( 'NONE', ( #654, #5513, #5278, #5706 ) ) ;
#4222 = FACE_OUTER_BOUND ( 'NONE', #3029, .T. ) ;
#4223 = DIRECTION ( 'NONE',  ( 0.000000000000000000, -1.000000000000000000, 6.938893903907231533E-15 ) ) ;
#4224 = EDGE_LOOP ( 'NONE', ( #527, #3239, #4418, #772 ) ) ;
#4225 = ORIENTED_EDGE ( 'NONE', *, *, #853, .T. ) ;
#4226 = CARTESIAN_POINT ( 'NONE',  ( 20.85440240724999938, 8.637844340632170770, -16.01742247489119819 ) ) ;
#4227 = DIRECTION ( 'NONE',  ( 0.000000000000000000, 0.000000000000000000, 1.000000000000000000 ) ) ;
#4228 = CARTESIAN_POINT ( 'NONE',  ( -15.50983421302115239, -15.89677079041999797, -7.478971834087785986 ) ) ;
#4229 = CARTESIAN_POINT ( 'NONE',  ( -20.85701758170595355, -8.640355744527459692, -13.70525588809353934 ) ) ;
#4230 = CARTESIAN_POINT ( 'NONE',  ( -9.685255332978748299, -23.39164590641129848, -20.68923983770075026 ) ) ;
#4231 = EDGE_CURVE ( 'NONE', #3082, #642, #3569, .T. ) ;
#4232 = CARTESIAN_POINT ( 'NONE',  ( -20.85605615940604807, 8.639277856650970477, -12.99027453730044002 ) ) ;
#4233 = CARTESIAN_POINT ( 'NONE',  ( 19.00519165270636890, 11.36576530095805815, -31.46635294888105960 ) ) ;
#4234 =( LENGTH_UNIT ( ) NAMED_UNIT ( * ) SI_UNIT ( .MILLI., .METRE. ) );
#4235 = CIRCLE ( 'NONE', #3289, 2.500000000000000000 ) ;
#4236 = ORIENTED_EDGE ( 'NONE', *, *, #5770, .F. ) ;
#4237 = CARTESIAN_POINT ( 'NONE',  ( 22.26355389468239920, -9.222186483684019720, -20.81242905611420113 ) ) ;
#4238 = DIRECTION ( 'NONE',  ( 0.000000000000000000, 0.000000000000000000, 1.000000000000000000 ) ) ;
#4239 = SPHERICAL_SURFACE ( 'NONE', #2622, 2.500000000000000000 ) ;
#4240 = CARTESIAN_POINT ( 'NONE',  ( -16.64984854062659991, 14.60427118781671574, -15.87087999171506780 ) ) ;
#4241 = B_SPLINE_CURVE_WITH_KNOTS ( 'NONE', 3,
 ( #2253, #4052, #5424, #382, #2195, #3106, #1367, #3170, #4973, #916, #3991, #5806, #2726, #1741, #4526, #4084, #1033, #37, #1836, #3645, #4912, #3282, #854, #2668, #4645, #593, #3547, #5354, #4468, #2981, #1144, #1114, #224, #672, #4779 ),
 .UNSPECIFIED., .F., .F.,
 ( 4, 1, 1, 1, 1, 2, 2, 1, 1, 1, 2, 2, 1, 1, 1, 1, 2, 2, 2, 2, 2, 2, 4 ),
 ( 0.000000000000000000, 0.06250000000020894397, 0.09375000000031244451, 0.1093750000003632095, 0.1171875000003859413, 0.1210937500003946704, 0.1250000000004033995, 0.1875000000004146128, 0.2187500000004202194, 0.2343750000004220235, 0.2421875000004241052, 0.2500000000004261591, 0.3750000000002272071, 0.4375000000001333378, 0.4687500000000913714, 0.4843750000000703881, 0.4921875000000600631, 0.5000000000000497380, 0.6250000000000396350, 0.6875000000000303091, 0.7500000000000209832, 0.8750000000000105471, 1.000000000000000000 ),
 .UNSPECIFIED. ) ;
#4242 = CARTESIAN_POINT ( 'NONE',  ( -8.305618534890098622E-14, -35.45000000000000284, 20.00000000000000000 ) ) ;
#4243 = ADVANCED_FACE ( 'NONE', ( #5334 ), #5307, .T. ) ;
#4244 = CARTESIAN_POINT ( 'NONE',  ( -17.04088710598439960, 17.03963469756894966, -15.56242905611415139 ) ) ;
#4245 = EDGE_LOOP ( 'NONE', ( #23, #2796, #1727, #906 ) ) ;
#4246 = EDGE_CURVE ( 'NONE', #1711, #2950, #4518, .T. ) ;
#4247 = CARTESIAN_POINT ( 'NONE',  ( 15.96490102125699906, 15.96542773916644720, -18.95525588809369921 ) ) ;
#4248 = FACE_OUTER_BOUND ( 'NONE', #2334, .T. ) ;
#4249 =( GEOMETRIC_REPRESENTATION_CONTEXT ( 3 ) GLOBAL_UNCERTAINTY_ASSIGNED_CONTEXT ( ( #2169 ) ) GLOBAL_UNIT_ASSIGNED_CONTEXT ( ( #1122, #4266, #5632 ) ) REPRESENTATION_CONTEXT ( 'NONE', 'WORKASPACE' ) );
#4250 = CARTESIAN_POINT ( 'NONE',  ( 31.11026764803489897, 12.74181097284184006, 17.50000000000000000 ) ) ;
#4251 = AXIS2_PLACEMENT_3D ( 'NONE', #2519, #4215, #2466 ) ;
#4252 = CYLINDRICAL_SURFACE ( 'NONE', #4307, 2.500000000000002220 ) ;
#4253 = DIRECTION ( 'NONE',  ( 4.163336342344340182E-15, -6.938893903907232322E-15, -1.000000000000000000 ) ) ;
#4254 = ORIENTED_EDGE ( 'NONE', *, *, #378, .T. ) ;
#4255 = CIRCLE ( 'NONE', #1690, 35.45000000000000284 ) ;
#4256 = AXIS2_PLACEMENT_3D ( 'NONE', #1371, #982, #67 ) ;
#4257 = ORIENTED_EDGE ( 'NONE', *, *, #5338, .T. ) ;
#4258 = CARTESIAN_POINT ( 'NONE',  ( 8.637366620234448789, 20.85349430174435170, -12.75000000000000000 ) ) ;
#4259 = EDGE_LOOP ( 'NONE', ( #4612, #1137, #4158, #285, #5593 ) ) ;
#4260 = LINE ( 'NONE', #3813, #389 ) ;
#4261 = DIRECTION ( 'NONE',  ( 1.000000000000000000, 0.000000000000000000, 0.000000000000000000 ) ) ;
#4262 = CARTESIAN_POINT ( 'NONE',  ( 8.638368853852359308, 20.85625065587540306, -30.20525588809359974 ) ) ;
#4263 = CARTESIAN_POINT ( 'NONE',  ( -17.99003268785449805, -17.99155700653754764, -22.35399774898199965 ) ) ;
#4264 = CARTESIAN_POINT ( 'NONE',  ( 20.85437345569500067, 8.637830996986480159, -17.49027453730050041 ) ) ;
#4265 = CARTESIAN_POINT ( 'NONE',  ( -11.67374372941490712, 18.81758852702727225, -28.43557633242596339 ) ) ;
#4266 =( NAMED_UNIT ( * ) PLANE_ANGLE_UNIT ( ) SI_UNIT ( $, .RADIAN. ) );
#4267 = VERTEX_POINT ( 'NONE', #1635 ) ;
#4268 = AXIS2_PLACEMENT_3D ( 'NONE', #3631, #4039, #2329 ) ;
#4269 = AXIS2_PLACEMENT_3D ( 'NONE', #775, #2241, #5851 ) ;
#4270 = CARTESIAN_POINT ( 'NONE',  ( -16.85751698521515252, 16.85656604089449928, -15.72515453695520016 ) ) ;
#4271 = DIRECTION ( 'NONE',  ( 0.5692753230620699600, -0.8221469494880924156, 0.000000000000000000 ) ) ;
#4272 = CARTESIAN_POINT ( 'NONE',  ( -22.26625945080239788, 9.221310490644579971, -14.81242905611419935 ) ) ;
#4273 = DIRECTION ( 'NONE',  ( 0.000000000000000000, 0.000000000000000000, 1.000000000000000000 ) ) ;
#4274 = CARTESIAN_POINT ( 'NONE',  ( 15.96201529706149991, 15.96254395751670074, -18.91339838996575295 ) ) ;
#4275 = CARTESIAN_POINT ( 'NONE',  ( 12.74181097284190045, -31.11026764803489897, 0.000000000000000000 ) ) ;
#4276 = DIRECTION ( 'NONE',  ( -0.9785973105380421089, 0.2057846053710306600, 0.000000000000000000 ) ) ;
#4277 = CARTESIAN_POINT ( 'NONE',  ( -7.295064260403100853, -34.69127465857359738, 17.50000000000000000 ) ) ;
#4278 = CARTESIAN_POINT ( 'NONE',  ( -5.762703321362700137, -21.50658889024879272, -9.598000186147874757 ) ) ;
#4279 = ORIENTED_EDGE ( 'NONE', *, *, #1393, .F. ) ;
#4280 = ORIENTED_EDGE ( 'NONE', *, *, #1833, .F. ) ;
#4281 = CARTESIAN_POINT ( 'NONE',  ( 15.96240555494049929, 15.96295201375995099, -13.50000000000000000 ) ) ;
#4282 = DIRECTION ( 'NONE',  ( 0.000000000000000000, 0.000000000000000000, -1.000000000000000000 ) ) ;
#4283 = DIRECTION ( 'NONE',  ( 0.000000000000000000, 0.000000000000000000, -1.000000000000000000 ) ) ;
#4284 = CARTESIAN_POINT ( 'NONE',  ( 0.0001296688999914800153, -22.88266239905354738, -23.49402064658089628 ) ) ;
#4285 = EDGE_CURVE ( 'NONE', #4217, #4203, #1021, .T. ) ;
#4286 = CARTESIAN_POINT ( 'NONE',  ( 23.50676740140900023, 9.740383258685229251, -17.10399774898195346 ) ) ;
#4287 = AXIS2_PLACEMENT_3D ( 'NONE', #2990, #2106, #3936 ) ;
#4288 = CARTESIAN_POINT ( 'NONE',  ( 0.0009790504093295480936, 22.57215844724660059, -27.24027453730045423 ) ) ;
#4289 = EDGE_CURVE ( 'NONE', #242, #813, #5571, .T. ) ;
#4290 = SPHERICAL_SURFACE ( 'NONE', #4918, 2.500000000000000000 ) ;
#4291 = APPLICATION_PROTOCOL_DEFINITION ( 'international standard', 'config_control_design', 1994, #975 ) ;
#4292 = VERTEX_POINT ( 'NONE', #2764 ) ;
#4293 = DIRECTION ( 'NONE',  ( 0.000000000000000000, 0.000000000000000000, -1.000000000000000000 ) ) ;
#4294 = CARTESIAN_POINT ( 'NONE',  ( -23.20060056415834993, 17.72500000000000142, 20.00000000000000000 ) ) ;
#4295 = CARTESIAN_POINT ( 'NONE',  ( 22.08469433943652405, 0.8239660675255691125, -28.58141233541091353 ) ) ;
#4296 = DIRECTION ( 'NONE',  ( -5.551115123125789802E-15, 8.326672684688678786E-15, -1.000000000000000000 ) ) ;
#4297 = CARTESIAN_POINT ( 'NONE',  ( -8.694693849646048633, -22.80227398348171164, -10.82147818346852475 ) ) ;
#4298 = CARTESIAN_POINT ( 'NONE',  ( -0.0007168202718052310574, 22.57079779077164972, -17.41339838996574940 ) ) ;
#4299 = CARTESIAN_POINT ( 'NONE',  ( 21.95754145786462175, -2.892847469061140320, -20.74583048642298522 ) ) ;
#4300 = FACE_OUTER_BOUND ( 'NONE', #756, .T. ) ;
#4301 = CARTESIAN_POINT ( 'NONE',  ( -12.74181097284195907, 31.11026764803485278, 0.000000000000000000 ) ) ;
#4302 = ADVANCED_FACE ( 'NONE', ( #19 ), #1783, .T. ) ;
#4303 = CARTESIAN_POINT ( 'NONE',  ( -5.795293593858428238, -21.62839876335754852, -9.255329902133862419 ) ) ;
#4304 = ORIENTED_EDGE ( 'NONE', *, *, #4556, .T. ) ;
#4305 = ORIENTED_EDGE ( 'NONE', *, *, #5165, .T. ) ;
#4306 = CARTESIAN_POINT ( 'NONE',  ( -20.85598661973434886, 8.639225358325260729, -10.33914082496374043 ) ) ;
#4307 = AXIS2_PLACEMENT_3D ( 'NONE', #2057, #2919, #2473 ) ;
#4308 = CARTESIAN_POINT ( 'NONE',  ( 4.520401831316879893, -33.31318758815234560, 0.000000000000000000 ) ) ;
#4309 = FACE_OUTER_BOUND ( 'NONE', #1112, .T. ) ;
#4310 = CARTESIAN_POINT ( 'NONE',  ( 0.0001253451804829434099, -22.66380988629130044, -23.49466388919145032 ) ) ;
#4311 = EDGE_CURVE ( 'NONE', #2114, #314, #3198, .T. ) ;
#4312 = EDGE_CURVE ( 'NONE', #360, #5568, #4065, .T. ) ;
#4313 = DIRECTION ( 'NONE',  ( -0.3110839593099539169, -0.9503824336865885902, -1.009587546122739530E-14 ) ) ;
#4314 = CARTESIAN_POINT ( 'NONE',  ( -0.001261946534085592059, 25.31695971121489919, -25.93923983770065078 ) ) ;
#4315 = CARTESIAN_POINT ( 'NONE',  ( -15.96247406452140005, 15.96300607851855169, -15.52299471345104998 ) ) ;
#4316 = CARTESIAN_POINT ( 'NONE',  ( 24.53449844299775151, 21.99456492296544852, 0.000000000000000000 ) ) ;
#4317 = PERSON_AND_ORGANIZATION ( #1259, #3397 ) ;
#4318 = ORIENTED_EDGE ( 'NONE', *, *, #4112, .T. ) ;
#4319 = VECTOR ( 'NONE', #935, 1000.000000000000000 ) ;
#4320 = DIRECTION ( 'NONE',  ( 0.000000000000000000, 0.000000000000000000, 1.000000000000000000 ) ) ;
#4321 = CARTESIAN_POINT ( 'NONE',  ( -12.74181097284204078, -31.11026764803485278, 0.000000000000000000 ) ) ;
#4322 = AXIS2_PLACEMENT_3D ( 'NONE', #4358, #5842, #1377 ) ;
#4323 = FACE_OUTER_BOUND ( 'NONE', #797, .T. ) ;
#4324 = CARTESIAN_POINT ( 'NONE',  ( -20.97126691143462551, -7.120966049804235531, -20.37691338361898730 ) ) ;
#4325 = AXIS2_PLACEMENT_3D ( 'NONE', #1822, #5443, #491 ) ;
#4326 = CARTESIAN_POINT ( 'NONE',  ( 0.0001253451804829434099, -22.66380988629130044, -23.49466388919145032 ) ) ;
#4327 = CARTESIAN_POINT ( 'NONE',  ( 16.64984854061130548, -14.60427118783408673, -21.87084003649353647 ) ) ;
#4328 = CARTESIAN_POINT ( 'NONE',  ( -17.72500000000000142, 30.70060056415834993, 0.000000000000000000 ) ) ;
#4329 = ORIENTED_EDGE ( 'NONE', *, *, #4246, .T. ) ;
#4330 = CARTESIAN_POINT ( 'NONE',  ( -5.719988482647019978, -21.34693729222965075, -9.652266534179180013 ) ) ;
#4331 = VERTEX_POINT ( 'NONE', #4120 ) ;
#4332 = ORIENTED_EDGE ( 'NONE', *, *, #1719, .F. ) ;
#4333 = VECTOR ( 'NONE', #5398, 1000.000000000000000 ) ;
#4334 = VECTOR ( 'NONE', #576, 1000.000000000000000 ) ;
#4335 = CARTESIAN_POINT ( 'NONE',  ( -15.96058948491650042, -15.96023068129619915, -22.74027453730040094 ) ) ;
#4336 = DIRECTION ( 'NONE',  ( 1.000000000000000000, 0.000000000000000000, 0.000000000000000000 ) ) ;
#4337 = SPHERICAL_SURFACE ( 'NONE', #5121, 2.500000000000000000 ) ;
#4338 = CARTESIAN_POINT ( 'NONE',  ( 8.755718451295500415, 21.13903155911309995, -30.24402064658085010 ) ) ;
#4339 = AXIS2_PLACEMENT_3D ( 'NONE', #919, #5492, #1429 ) ;
#4340 = AXIS2_PLACEMENT_3D ( 'NONE', #1376, #5011, #5040 ) ;
#4341 = CARTESIAN_POINT ( 'NONE',  ( 23.03762113527125166, -9.543220464738650932, -16.92001597436705040 ) ) ;
#4342 = EDGE_CURVE ( 'NONE', #4985, #4331, #646, .T. ) ;
#4343 = CARTESIAN_POINT ( 'NONE',  ( 8.638225845406729775, 20.85589422928320147, -29.77299471345099846 ) ) ;
#4344 = DIRECTION ( 'NONE',  ( 1.000000000000000000, 0.000000000000000000, -5.551115123125777969E-15 ) ) ;
#4345 = CALENDAR_DATE ( 2026, 22, 6 ) ;
#4346 = VERTEX_POINT ( 'NONE', #453 ) ;
#4347 = AXIS2_PLACEMENT_3D ( 'NONE', #4316, #4042, #1595 ) ;
#4348 = DIRECTION ( 'NONE',  ( 0.000000000000000000, 0.000000000000000000, 1.000000000000000000 ) ) ;
#4349 = CARTESIAN_POINT ( 'NONE',  ( 24.35735448544710025, 0.0009791475197368101034, -19.89970357527315059 ) ) ;
#4350 = FACE_OUTER_BOUND ( 'NONE', #3605, .T. ) ;
#4351 = DIRECTION ( 'NONE',  ( 0.08193341677529966671, -0.9966378054316045176, -1.387778780781445281E-15 ) ) ;
#4352 = DIRECTION ( 'NONE',  ( 1.000000000000000000, 0.000000000000000000, 0.000000000000000000 ) ) ;
#4353 = EDGE_CURVE ( 'NONE', #5368, #2114, #3948, .T. ) ;
#4354 = CARTESIAN_POINT ( 'NONE',  ( -20.84726013112105036, 8.634802175997339901, -27.25258339428630094 ) ) ;
#4355 = DIRECTION ( 'NONE',  ( 0.000000000000000000, 0.000000000000000000, -1.000000000000000000 ) ) ;
#4356 = AXIS2_PLACEMENT_3D ( 'NONE', #2065, #304, #2504 ) ;
#4357 = AXIS2_PLACEMENT_3D ( 'NONE', #3865, #4864, #5735 ) ;
#4358 = CARTESIAN_POINT ( 'NONE',  ( -10.25021645926301872, -31.31510118997309888, 0.000000000000000000 ) ) ;
#4359 = ORIENTED_EDGE ( 'NONE', *, *, #5151, .F. ) ;
#4360 = CARTESIAN_POINT ( 'NONE',  ( -5.796874386522709699, -21.63430715684739880, -9.288078581136259615 ) ) ;
#4361 = VERTEX_POINT ( 'NONE', #3207 ) ;
#4362 = APPROVAL ( #2045, 'UNSPECIFIED' ) ;
#4363 = ORIENTED_EDGE ( 'NONE', *, *, #4497, .T. ) ;
#4364 = CARTESIAN_POINT ( 'NONE',  ( -22.57170557410244882, -0.0008379898716214429118, -25.41855618722775034 ) ) ;
#4365 = EDGE_CURVE ( 'NONE', #618, #514, #4701, .T. ) ;
#4366 = CYLINDRICAL_SURFACE ( 'NONE', #3505, 2.499999999999998668 ) ;
#4367 = CARTESIAN_POINT ( 'NONE',  ( -7.734001875518999647, -20.70254126887489932, -12.17863851505227935 ) ) ;
#4368 = EDGE_CURVE ( 'NONE', #2754, #3917, #5086, .T. ) ;
#4369 = CARTESIAN_POINT ( 'NONE',  ( -7.982410170655670711, -20.07105589842060311, -6.697899690786780269 ) ) ;
#4370 = ORIENTED_EDGE ( 'NONE', *, *, #5772, .T. ) ;
#4371 = LINE ( 'NONE', #3575, #1792 ) ;
#4372 = CARTESIAN_POINT ( 'NONE',  ( -11.05291917794379941, -21.28364351040219660, -7.431630066332819418 ) ) ;
#4373 = CARTESIAN_POINT ( 'NONE',  ( -8.640549504202232001, -20.85839448863984913, -23.77299471345100201 ) ) ;
#4374 = SECURITY_CLASSIFICATION_LEVEL ( 'unclassified' ) ;
#4375 = ORIENTED_EDGE ( 'NONE', *, *, #1641, .F. ) ;
#4376 = CARTESIAN_POINT ( 'NONE',  ( -11.02792635753792005, -33.69105727418954643, 17.50000000000000000 ) ) ;
#4377 = CARTESIAN_POINT ( 'NONE',  ( -0.0008271309415393319911, 24.81872214978374913, -28.48658235219505030 ) ) ;
#4378 = CARTESIAN_POINT ( 'NONE',  ( -21.39316793595356359, 5.730144764068764829, -9.501855677663105126 ) ) ;
#4379 = CARTESIAN_POINT ( 'NONE',  ( 31.11026764803489897, 12.74181097284184006, 0.000000000000000000 ) ) ;
#4380 = CARTESIAN_POINT ( 'NONE',  ( -8.486940896724409100, -22.09413763195200531, -7.265083839736778515 ) ) ;
#4381 = CIRCLE ( 'NONE', #3636, 2.500000000000000000 ) ;
#4382 = CARTESIAN_POINT ( 'NONE',  ( 22.19399324068979951, 0.000000000000000000, -30.00898486233154827 ) ) ;
#4383 = AXIS2_PLACEMENT_3D ( 'NONE', #1336, #3140, #4021 ) ;
#4384 = CARTESIAN_POINT ( 'NONE',  ( -8.674039222344369193, -20.93958957797864784, -24.24466388919134729 ) ) ;
#4385 = DIRECTION ( 'NONE',  ( 1.000000000000000000, 0.000000000000000000, 0.000000000000000000 ) ) ;
#4386 = ORIENTED_EDGE ( 'NONE', *, *, #2690, .T. ) ;
#4387 = CARTESIAN_POINT ( 'NONE',  ( 0.000000000000000000, 0.000000000000000000, 17.50000000000000000 ) ) ;
#4388 = EDGE_LOOP ( 'NONE', ( #4910, #4607, #5482, #3336 ) ) ;
#4389 = VERTEX_POINT ( 'NONE', #4981 ) ;
#4390 = CARTESIAN_POINT ( 'NONE',  ( 8.637070298960509263, 20.85306095267924675, -27.99027453730045067 ) ) ;
#4391 = EDGE_CURVE ( 'NONE', #1155, #5032, #2347, .T. ) ;
#4392 = CARTESIAN_POINT ( 'NONE',  ( -10.25021645926294056, 31.31510118997309888, 17.50000000000000000 ) ) ;
#4393 = CARTESIAN_POINT ( 'NONE',  ( -8.330089959238380359, -21.56296680833272816, -11.96630216535823088 ) ) ;
#4394 = CARTESIAN_POINT ( 'NONE',  ( -8.378393117701961046, -21.58289719337669865, -6.933016862481530040 ) ) ;
#4395 = VERTEX_POINT ( 'NONE', #425 ) ;
#4396 = CARTESIAN_POINT ( 'NONE',  ( 17.72500000000000142, 30.70060056415825400, 17.50000000000000000 ) ) ;
#4397 = CARTESIAN_POINT ( 'NONE',  ( -9.300078263084950336, 22.45250134871610115, -11.76496339966612048 ) ) ;
#4398 = CARTESIAN_POINT ( 'NONE',  ( -22.57248507432359830, -0.0002305915553905605155, -13.41855618722797949 ) ) ;
#4399 = SHAPE_DEFINITION_REPRESENTATION ( #1400, #2641 ) ;
#4400 = ORIENTED_EDGE ( 'NONE', *, *, #4192, .F. ) ;
#4401 = ORIENTED_EDGE ( 'NONE', *, *, #338, .T. ) ;
#4402 = ADVANCED_FACE ( 'NONE', ( #509 ), #5471, .T. ) ;
#4403 = AXIS2_PLACEMENT_3D ( 'NONE', #5345, #2659, #1324 ) ;
#4404 = DIRECTION ( 'NONE',  ( 0.000000000000000000, 0.000000000000000000, 1.000000000000000000 ) ) ;
#4405 = CARTESIAN_POINT ( 'NONE',  ( 17.22329141358720150, -17.22444655903080246, -21.39970357527315059 ) ) ;
#4406 = CARTESIAN_POINT ( 'NONE',  ( 21.99456492296544852, -24.53449844299775151, 20.00000000000000000 ) ) ;
#4407 = CARTESIAN_POINT ( 'NONE',  ( -17.72500000000000142, -30.70060056415830019, 20.00000000000000000 ) ) ;
#4408 = CARTESIAN_POINT ( 'NONE',  ( -8.691785318980981501, -22.85874377710294425, -8.180844202054343484 ) ) ;
#4409 = AXIS2_PLACEMENT_3D ( 'NONE', #4926, #2208, #3030 ) ;
#4410 = CARTESIAN_POINT ( 'NONE',  ( 31.31510118997309888, -10.25021645926306135, 17.50000000000000000 ) ) ;
#4411 = B_SPLINE_SURFACE_WITH_KNOTS ( 'NONE', 1, 3, ( 
 ( #870, #1724, #359, #428, #3501, #4889, #5846, #2176, #2583, #1249, #3560, #3057, #829, #4858, #3444, #299, #795, #3532, #5336, #2115, #396, #4453, #742, #2555, #1279, #3088, #5369, #2649, #1752, #1315, #1665, #3120, #5249, #2679, #1193, #2236, #4033, #4360, #3000, #4801, #3918, #3240, #5531, #960, #4157, #2737, #1467, #2324, #1882, #1818, #5015, #4123, #4540, #4631, #1849, #3625, #110, #3153, #3657, #5469, #1439, #1350, #4596, #1408, #5044, #5074, #992, #77, #5502, #2795, #2267, #3212, #2767, #581, #4956, #3719, #4571 ),
 ( #545, #3689, #1019, #2707, #513, #2823, #1916, #2356, #3270, #3181, #2390, #897, #4189, #1788, #5439, #487, #2296, #3596, #5406, #456, #4984, #928, #4095, #4510, #4068, #22, #49, #1379, #5103, #1050, #3746, #4659, #2856, #607, #2416, #1496, #1943, #138, #5558, #3297, #2150, #2123, #2658, #3568, #1702, #3128, #5711, #335, #3510, #1287, #4460, #4488, #3926, #435, #403, #2215, #5285, #876, #1733, #3953, #5737, #2686, #1229, #4426, #1257, #2561, #5764, #2591, #1323, #4013, #3036, #369, #5316, #4935, #3983, #4867, #2243 ),
 ( #4369, #3538, #803, #5344, #3066, #1670, #5824, #5376, #2621, #1646, #3451, #2185, #5796, #3095, #1760, #5256, #3476, #1199, #3007, #4809, #4835, #749, #4897, #839, #778, #306, #4394, #56, #4548, #3160, #934, #4165, #521, #2801, #1357, #2745, #2773, #493, #1473, #3188, #5022, #2302, #28, #4101, #1385, #2362, #3277, #1890, #1855, #3664, #5477, #3632, #5510, #1415, #1447, #5079, #3219, #968, #4601, #115, #586, #5538, #1923, #551, #4575, #4637, #3724, #1026, #2330, #2830, #4040, #5853, #1797, #4131, #3603, #5414, #3247 ) ),
 .UNSPECIFIED., .F., .F., .F.,
 ( 2, 1, 2 ),
 ( 4, 2, 2, 2, 2, 2, 2, 2, 2, 2, 2, 2, 2, 2, 2, 2, 2, 2, 2, 2, 2, 2, 2, 2, 2, 2, 2, 2, 2, 2, 2, 2, 2, 2, 2, 2, 3, 4 ),
 ( 0.000000000000000000, 1.000000000000000000, 1.010000000000000009 ),
 ( 0.02559333101841040209, 0.05757974113132649507, 0.06557634365955550271, 0.06957464492366999265, 0.07057422023969860125, 0.07157379555572719598, 0.07357294618778449646, 0.08956615124424249785, 0.1055593563007004021, 0.1215525613571584035, 0.1375457664136165992, 0.1535389714700745034, 0.1855253815829905062, 0.2175117916959065090, 0.2814846119217385145, 0.3454574321475710197, 0.4094302523734029697, 0.4734030725992349753, 0.5373758928250670364, 0.6653215332767309365, 0.7292943535025629975, 0.7932671737283950586, 0.8572399939542270086, 0.9212128141800589587, 0.9851856344058910198, 0.9931822369341199996, 0.9971805381982349337, 0.9991796888302919566, 1.000179264146320079, 1.001178839462349979, 1.002178414778378102, 1.002678202436392052, 1.003177990094406002, 1.005177140726464025, 1.009175441990578070, 1.017172044518806162, 1.049158454631722082, 1.128749868819912017 ),
 .UNSPECIFIED. ) ;
#4412 = VECTOR ( 'NONE', #3178, 1000.000000000000000 ) ;
#4413 = CARTESIAN_POINT ( 'NONE',  ( -22.66348022270614848, -0.0001846165429291654885, -14.49466388919153914 ) ) ;
#4414 = CARTESIAN_POINT ( 'NONE',  ( 12.74181097284190045, -31.11026764803489897, 17.50000000000000000 ) ) ;
#4415 = CARTESIAN_POINT ( 'NONE',  ( -17.72500000000000142, 30.70060056415834993, 17.50000000000000000 ) ) ;
#4416 = ORIENTED_EDGE ( 'NONE', *, *, #4285, .F. ) ;
#4417 = CARTESIAN_POINT ( 'NONE',  ( -32.24478138222849566, -6.780602746975409545, 20.00000000000000000 ) ) ;
#4418 = ORIENTED_EDGE ( 'NONE', *, *, #2957, .F. ) ;
#4419 = AXIS2_PLACEMENT_3D ( 'NONE', #4886, #3467, #4001 ) ;
#4420 = EDGE_CURVE ( 'NONE', #4693, #3251, #3002, .T. ) ;
#4421 = EDGE_LOOP ( 'NONE', ( #2832, #2305, #271 ) ) ;
#4422 = CARTESIAN_POINT ( 'NONE',  ( -10.26556762410132073, -19.76645896348120246, -8.684089141557830516 ) ) ;
#4423 = CARTESIAN_POINT ( 'NONE',  ( -15.96293446879330169, 15.96275838617849985, -22.50000000000000000 ) ) ;
#4424 = SPHERICAL_SURFACE ( 'NONE', #2191, 2.500000000000000000 ) ;
#4425 = DIRECTION ( 'NONE',  ( 1.000000000000000000, 0.000000000000000000, 0.000000000000000000 ) ) ;
#4426 = CARTESIAN_POINT ( 'NONE',  ( -8.457100069437499812, -21.90505472818690080, -11.77017576856423986 ) ) ;
#4427 = ORIENTED_EDGE ( 'NONE', *, *, #3765, .F. ) ;
#4428 = DIRECTION ( 'NONE',  ( 0.9503824336865885902, 0.3110839593099537503, 0.000000000000000000 ) ) ;
#4429 = CARTESIAN_POINT ( 'NONE',  ( 9.300692282447149850, 22.45213059160909808, -25.26496339966609739 ) ) ;
#4430 = VECTOR ( 'NONE', #1346, 1000.000000000000000 ) ;
#4431 = AXIS2_PLACEMENT_3D ( 'NONE', #3049, #3146, #4949 ) ;
#4432 = CARTESIAN_POINT ( 'NONE',  ( 22.00296986071574779, 0.000000000000000000, -32.02299471345099846 ) ) ;
#4433 = VECTOR ( 'NONE', #5268, 1000.000000000000000 ) ;
#4434 = DATE_AND_TIME ( #4872, #561 ) ;
#4435 = ORIENTED_EDGE ( 'NONE', *, *, #3703, .T. ) ;
#4436 = PRODUCT_DEFINITION ( 'UNKNOWN', '', #4900, #5244 ) ;
#4437 = EDGE_CURVE ( 'NONE', #1316, #4217, #4569, .T. ) ;
#4438 = VECTOR ( 'NONE', #45, 1000.000000000000000 ) ;
#4439 = ORIENTED_EDGE ( 'NONE', *, *, #238, .T. ) ;
#4440 = CARTESIAN_POINT ( 'NONE',  ( 0.000000000000000000, 0.000000000000000000, 20.00000000000000000 ) ) ;
#4441 = CARTESIAN_POINT ( 'NONE',  ( -10.95987646439434116, -21.10439082851479853, -11.97909572278083878 ) ) ;
#4442 = CARTESIAN_POINT ( 'NONE',  ( 22.06329730256097577, 1.273152025356847128, -28.10736152820910050 ) ) ;
#4443 = EDGE_CURVE ( 'NONE', #693, #198, #5498, .T. ) ;
#4444 = DIRECTION ( 'NONE',  ( 1.000000000000000000, 0.000000000000000000, 0.000000000000000000 ) ) ;
#4445 = CARTESIAN_POINT ( 'NONE',  ( -24.53449844299765203, 21.99456492296560128, 20.00000000000000000 ) ) ;
#4446 = SPHERICAL_SURFACE ( 'NONE', #2070, 2.500000000000000000 ) ;
#4447 = CIRCLE ( 'NONE', #2180, 35.45000000000000284 ) ;
#4448 = CARTESIAN_POINT ( 'NONE',  ( -6.621856013581090217, -21.00310174684264908, -12.03858922142701893 ) ) ;
#4449 = DIRECTION ( 'NONE',  ( -1.000000000000000000, 0.000000000000000000, 0.000000000000000000 ) ) ;
#4450 = FACE_OUTER_BOUND ( 'NONE', #4595, .T. ) ;
#4451 = CARTESIAN_POINT ( 'NONE',  ( 21.13899712452930046, -8.755855933100390232, -21.24402064658085010 ) ) ;
#4452 = ORIENTED_EDGE ( 'NONE', *, *, #531, .F. ) ;
#4453 = CARTESIAN_POINT ( 'NONE',  ( -5.709633406180979698, -21.30823400889499908, -8.959842417988030050 ) ) ;
#4454 = EDGE_LOOP ( 'NONE', ( #1639, #5024, #1723, #2104 ) ) ;
#4455 = AXIS2_PLACEMENT_3D ( 'NONE', #4458, #3981, #333 ) ;
#4456 = CARTESIAN_POINT ( 'NONE',  ( 20.85454404758830194, 8.639386620365220537, -29.49027453730050041 ) ) ;
#4457 = DIRECTION ( 'NONE',  ( 0.000000000000000000, 0.000000000000000000, 1.000000000000000000 ) ) ;
#4458 = CARTESIAN_POINT ( 'NONE',  ( 31.31510118997309888, -10.25021645926306135, 0.000000000000000000 ) ) ;
#4459 = DIRECTION ( 'NONE',  ( 0.000000000000000000, 0.000000000000000000, -1.000000000000000000 ) ) ;
#4460 = CARTESIAN_POINT ( 'NONE',  ( -8.516335741429621464, -22.12595004288104761, -11.60532161378344007 ) ) ;
#4461 = DIRECTION ( 'NONE',  ( 0.000000000000000000, -5.551115123125783491E-15, -1.000000000000000000 ) ) ;
#4462 = ORIENTED_EDGE ( 'NONE', *, *, #5102, .F. ) ;
#4463 = DIRECTION ( 'NONE',  ( 0.000000000000000000, 0.000000000000000000, 1.000000000000000000 ) ) ;
#4464 = CARTESIAN_POINT ( 'NONE',  ( 23.03890302319554806, 9.545902043380479540, -15.42001597436704863 ) ) ;
#4465 = CARTESIAN_POINT ( 'NONE',  ( 20.85395129208339782, 8.639151569312140566, -31.66339838996579914 ) ) ;
#4466 = COORDINATED_UNIVERSAL_TIME_OFFSET ( 8, 0, .BEHIND. ) ;
#4467 = ORIENTED_EDGE ( 'NONE', *, *, #4679, .T. ) ;
#4468 = CARTESIAN_POINT ( 'NONE',  ( 22.31994853716799909, -0.000000000000000000, -29.45565926249248179 ) ) ;
#4469 = CARTESIAN_POINT ( 'NONE',  ( -9.319648919280600907, -22.50506572871220001, -23.64970357527315059 ) ) ;
#4470 = CARTESIAN_POINT ( 'NONE',  ( 20.85291587660490009, -8.637285611625209469, -16.33914082496375286 ) ) ;
#4471 = ADVANCED_FACE ( 'NONE', ( #1434 ), #484, .T. ) ;
#4472 = CARTESIAN_POINT ( 'NONE',  ( 17.72500000000000142, -30.70060056415840322, 17.50000000000000000 ) ) ;
#4473 = CARTESIAN_POINT ( 'NONE',  ( 26.39599301378649798, -23.66334830103584963, 20.00000000000000000 ) ) ;
#4474 = CARTESIAN_POINT ( 'NONE',  ( 22.05351855492095225, 0.000000000000000000, -30.09847441446735061 ) ) ;
#4475 = CARTESIAN_POINT ( 'NONE',  ( -10.30689073033580172, -19.84611714820800188, -12.41133055585804001 ) ) ;
#4476 = FACE_OUTER_BOUND ( 'NONE', #1059, .T. ) ;
#4477 = DIRECTION ( 'NONE',  ( 1.000000000000000000, 0.000000000000000000, 0.000000000000000000 ) ) ;
#4478 = CARTESIAN_POINT ( 'NONE',  ( -8.756530797922918552, 21.13998842716979709, -28.74402064658085010 ) ) ;
#4479 = CIRCLE ( 'NONE', #1078, 2.500000000000000444 ) ;
#4480 = DIRECTION ( 'NONE',  ( 1.000000000000000000, 0.000000000000000000, -5.551115123125783491E-15 ) ) ;
#4481 = DIRECTION ( 'NONE',  ( -0.9503824336865870359, -0.3110839593099585243, 0.000000000000000000 ) ) ;
#4482 = ORIENTED_EDGE ( 'NONE', *, *, #663, .F. ) ;
#4483 = CARTESIAN_POINT ( 'NONE',  ( 15.95949141060919807, -15.95972208074654830, -21.85827761439399808 ) ) ;
#4484 = CARTESIAN_POINT ( 'NONE',  ( -23.66334830103575371, 26.39599301378654772, 0.000000000000000000 ) ) ;
#4485 = EDGE_CURVE ( 'NONE', #4639, #915, #2910, .T. ) ;
#4486 = CARTESIAN_POINT ( 'NONE',  ( -6.780602746975439743, 32.24478138222849566, 17.50000000000000000 ) ) ;
#4487 = CARTESIAN_POINT ( 'NONE',  ( 0.000000000000000000, 0.000000000000000000, 20.00000000000000000 ) ) ;
#4488 = CARTESIAN_POINT ( 'NONE',  ( -8.508894812780759764, -22.09810672487360250, -11.62801592561373987 ) ) ;
#4489 = CARTESIAN_POINT ( 'NONE',  ( 17.72500000000000142, -30.70060056415840322, 0.000000000000000000 ) ) ;
#4490 = ORIENTED_EDGE ( 'NONE', *, *, #4183, .T. ) ;
#4491 = SECURITY_CLASSIFICATION ( '', '', #882 ) ;
#4492 = DIRECTION ( 'NONE',  ( -1.000000000000000000, 0.000000000000000000, 0.000000000000000000 ) ) ;
#4493 = CARTESIAN_POINT ( 'NONE',  ( -6.705287340525300621, -21.26845000299480049, -6.583333333333369453 ) ) ;
#4494 = ADVANCED_FACE ( 'NONE', ( #1846 ), #4030, .T. ) ;
#4495 = CARTESIAN_POINT ( 'NONE',  ( -15.96004538489220081, -15.95971442758325054, -24.85827761439384886 ) ) ;
#4496 = VERTEX_POINT ( 'NONE', #3654 ) ;
#4497 = EDGE_CURVE ( 'NONE', #2541, #119, #3770, .T. ) ;
#4498 = DIRECTION ( 'NONE',  ( -1.387778780781445676E-15, -1.000000000000000000, 0.000000000000000000 ) ) ;
#4499 = CARTESIAN_POINT ( 'NONE',  ( -11.28757790490461943, -21.73585362393270159, -11.40324901886173947 ) ) ;
#4500 = AXIS2_PLACEMENT_3D ( 'NONE', #5818, #4829, #4481 ) ;
#4501 = CARTESIAN_POINT ( 'NONE',  ( -17.72500000000000142, 30.70060056415834993, 17.50000000000000000 ) ) ;
#4502 = SPHERICAL_SURFACE ( 'NONE', #3487, 2.500000000000000000 ) ;
#4503 = CARTESIAN_POINT ( 'NONE',  ( -11.07542989873715200, -19.17907833842014043, -19.00189263687051877 ) ) ;
#4504 = DIRECTION ( 'NONE',  ( 1.000000000000000000, 2.220446049250312765E-14, 0.000000000000000000 ) ) ;
#4505 = CARTESIAN_POINT ( 'NONE',  ( -8.756530797922918552, 21.13998842716979709, -28.74402064658085010 ) ) ;
#4506 = CARTESIAN_POINT ( 'NONE',  ( 6.780602746975439743, 32.24478138222849566, 0.000000000000000000 ) ) ;
#4507 = DIRECTION ( 'NONE',  ( 0.000000000000000000, 0.000000000000000000, 1.000000000000000000 ) ) ;
#4508 = CARTESIAN_POINT ( 'NONE',  ( 21.62582862190975064, -8.957733751977698944, -21.15349006216964867 ) ) ;
#4509 = CYLINDRICAL_SURFACE ( 'NONE', #4674, 5.000000000000001776 ) ;
#4510 = CARTESIAN_POINT ( 'NONE',  ( -8.301311475977010801, -21.38589645614190005, -6.873487156188369696 ) ) ;
#4511 = EDGE_LOOP ( 'NONE', ( #2783, #4800, #515, #1535 ) ) ;
#4512 = ADVANCED_FACE ( 'NONE', ( #3773 ), #4239, .T. ) ;
#4513 = CARTESIAN_POINT ( 'NONE',  ( -5.693838915648810506, -21.24920029299734736, -10.91855618722790133 ) ) ;
#4514 = CARTESIAN_POINT ( 'NONE',  ( 5.730144764039505567, 21.39316793596146482, -17.99585627095804696 ) ) ;
#4515 = CARTESIAN_POINT ( 'NONE',  ( -21.44288737817218404, 5.527837569197368239, -21.48393662938688919 ) ) ;
#4516 = DIRECTION ( 'NONE',  ( -1.000000000000000000, 0.000000000000000000, 0.000000000000000000 ) ) ;
#4517 = CARTESIAN_POINT ( 'NONE',  ( 22.00092829953575091, 2.090252128018744937, -32.31497040148849464 ) ) ;
#4518 = CIRCLE ( 'NONE', #1584, 2.500000000000000444 ) ;
#4519 = CARTESIAN_POINT ( 'NONE',  ( 7.295064260403020029, 34.69127465857359738, 0.000000000000000000 ) ) ;
#4520 = ORIENTED_EDGE ( 'NONE', *, *, #120, .F. ) ;
#4521 = DIRECTION ( 'NONE',  ( 0.000000000000000000, 0.000000000000000000, -1.000000000000000000 ) ) ;
#4522 = CARTESIAN_POINT ( 'NONE',  ( 0.0001768318667040339690, -23.46477933718374942, -18.08841932938485186 ) ) ;
#4523 = CARTESIAN_POINT ( 'NONE',  ( 8.638899602639350306, -20.85361945772195114, -22.66339838996569966 ) ) ;
#4524 = ORIENTED_EDGE ( 'NONE', *, *, #4059, .T. ) ;
#4525 = CIRCLE ( 'NONE', #1216, 7.500000000000000000 ) ;
#4526 = CARTESIAN_POINT ( 'NONE',  ( 22.35056749016707656, -0.000000000000000000, -29.87188822840143487 ) ) ;
#4527 = CARTESIAN_POINT ( 'NONE',  ( -17.55086242779529826, 17.54877303153934776, -14.98658235219502011 ) ) ;
#4528 = CARTESIAN_POINT ( 'NONE',  ( 15.96014691364154992, -15.96024844755575245, -16.50000000000000000 ) ) ;
#4529 = CARTESIAN_POINT ( 'NONE',  ( 10.25021645926311997, 31.31510118997304915, 17.50000000000000000 ) ) ;
#4530 = CARTESIAN_POINT ( 'NONE',  ( -5.719988482647019978, -21.34693729222965075, -8.964066394042600194 ) ) ;
#4531 = CARTESIAN_POINT ( 'NONE',  ( 22.26295024015774970, 0.000000000000000000, -29.96794182040090249 ) ) ;
#4532 = CIRCLE ( 'NONE', #4058, 4.999999999999996447 ) ;
#4533 = AXIS2_PLACEMENT_3D ( 'NONE', #5035, #3173, #5396 ) ;
#4534 = CARTESIAN_POINT ( 'NONE',  ( -16.02446025049659895, -16.02401538117220170, -12.99466388919150006 ) ) ;
#4535 = DIRECTION ( 'NONE',  ( 0.5692753230620748450, 0.8221469494880888629, 0.000000000000000000 ) ) ;
#4536 = DIRECTION ( 'NONE',  ( 0.000000000000000000, 0.000000000000000000, 1.000000000000000000 ) ) ;
#4537 = CARTESIAN_POINT ( 'NONE',  ( 16.55398531628589964, 16.55414413883205071, -18.90349006216969840 ) ) ;
#4538 = EDGE_CURVE ( 'NONE', #4103, #1155, #3294, .T. ) ;
#4539 = LINE ( 'NONE', #2295, #3763 ) ;
#4540 = CARTESIAN_POINT ( 'NONE',  ( -5.696316288661369853, -21.25845975814424804, -9.659455198038449097 ) ) ;
#4541 = VERTEX_POINT ( 'NONE', #2489 ) ;
#4542 = EDGE_CURVE ( 'NONE', #1860, #1725, #345, .T. ) ;
#4543 = CARTESIAN_POINT ( 'NONE',  ( 0.0001267218634191695980, -22.57585013059024703, -23.02299471345110149 ) ) ;
#4544 = CARTESIAN_POINT ( 'NONE',  ( 23.81507297148171176, 2.480310993348967763, -31.51470072929569355 ) ) ;
#4545 = CARTESIAN_POINT ( 'NONE',  ( 15.31423660169088485, 15.99464174690501750, -25.46055060666527581 ) ) ;
#4546 = DIRECTION ( 'NONE',  ( 0.000000000000000000, 0.000000000000000000, 1.000000000000000000 ) ) ;
#4547 = EDGE_CURVE ( 'NONE', #4361, #4331, #1111, .T. ) ;
#4548 = CARTESIAN_POINT ( 'NONE',  ( -8.446224959427720336, -21.84209375963009947, -7.066357315653440274 ) ) ;
#4549 = DIRECTION ( 'NONE',  ( 0.9040803662633911664, -0.4273624823695367780, -2.775557561562892534E-15 ) ) ;
#4550 = ORIENTED_EDGE ( 'NONE', *, *, #480, .F. ) ;
#4551 = AXIS2_PLACEMENT_3D ( 'NONE', #4487, #4012, #4516 ) ;
#4552 = CIRCLE ( 'NONE', #5122, 5.000000000000000000 ) ;
#4553 = ORIENTED_EDGE ( 'NONE', *, *, #3008, .F. ) ;
#4554 = EDGE_CURVE ( 'NONE', #5568, #4955, #3377, .T. ) ;
#4555 = DIRECTION ( 'NONE',  ( 0.000000000000000000, 0.000000000000000000, 1.000000000000000000 ) ) ;
#4556 = EDGE_CURVE ( 'NONE', #642, #5692, #4137, .T. ) ;
#4557 = CARTESIAN_POINT ( 'NONE',  ( 0.0001584761313449775156, 23.46268469851149874, -12.08841932938488029 ) ) ;
#4558 = CARTESIAN_POINT ( 'NONE',  ( -15.96012214418670183, -15.95979199617054967, -24.91339838996560019 ) ) ;
#4559 = APPROVAL_DATE_TIME ( #3733, #4190 ) ;
#4560 = ORIENTED_EDGE ( 'NONE', *, *, #1632, .F. ) ;
#4561 = CARTESIAN_POINT ( 'NONE',  ( 0.001777671967056889844, 25.25052702025480045, -15.74954139175619972 ) ) ;
#4562 = FACE_OUTER_BOUND ( 'NONE', #2381, .T. ) ;
#4563 = CARTESIAN_POINT ( 'NONE',  ( -32.24478138222849566, 6.780602746975509021, 17.50000000000000000 ) ) ;
#4564 = DIRECTION ( 'NONE',  ( 1.000000000000000000, 0.000000000000000000, 0.000000000000000000 ) ) ;
#4565 = CARTESIAN_POINT ( 'NONE',  ( 21.72848794099184744, 0.000000000000000000, -29.49793582610825027 ) ) ;
#4566 = PRODUCT ( 'eBom-FreeParts.prt.step', 'eBom-FreeParts.prt.step', '', ( #2629 ) ) ;
#4567 = CARTESIAN_POINT ( 'NONE',  ( -6.647467739158740230, -21.08454551950239875, -12.07799722252481978 ) ) ;
#4568 = DIRECTION ( 'NONE',  ( 0.8221469494880924156, 0.5692753230620699600, 0.000000000000000000 ) ) ;
#4569 = LINE ( 'NONE', #1879, #547 ) ;
#4570 = CARTESIAN_POINT ( 'NONE',  ( -16.85717403508824930, -16.85606017424394665, -12.72515453695521970 ) ) ;
#4571 = CARTESIAN_POINT ( 'NONE',  ( -5.392992682808290361, -20.12475306868060088, -10.38841212651871793 ) ) ;
#4572 = ORIENTED_EDGE ( 'NONE', *, *, #2085, .F. ) ;
#4573 = CARTESIAN_POINT ( 'NONE',  ( -15.96004538489220081, -15.95971442758325054, -24.85827761439384886 ) ) ;
#4574 = CARTESIAN_POINT ( 'NONE',  ( -7.295064260403020029, 34.69127465857359738, 0.000000000000000000 ) ) ;
#4575 = CARTESIAN_POINT ( 'NONE',  ( -8.485543739593429891, -21.91461714236579539, -11.78952031161555958 ) ) ;
#4576 = DIRECTION ( 'NONE',  ( 0.000000000000000000, 0.000000000000000000, 1.000000000000000000 ) ) ;
#4577 = ORIENTED_EDGE ( 'NONE', *, *, #5102, .T. ) ;
#4578 = ORIENTED_EDGE ( 'NONE', *, *, #4622, .F. ) ;
#4579 = ADVANCED_FACE ( 'NONE', ( #5129 ), #2454, .T. ) ;
#4580 = DIRECTION ( 'NONE',  ( 0.000000000000000000, 0.000000000000000000, 1.000000000000000000 ) ) ;
#4581 = CARTESIAN_POINT ( 'NONE',  ( 21.12101116524075195, 8.748670322750239592, -14.25000000000000000 ) ) ;
#4582 = CC_DESIGN_APPROVAL ( #4190, ( #4491 ) ) ;
#4583 = CARTESIAN_POINT ( 'NONE',  ( -15.95573810880434884, -15.95540507553904952, -25.00258339428609844 ) ) ;
#4584 = ORIENTED_EDGE ( 'NONE', *, *, #2877, .F. ) ;
#4585 = CARTESIAN_POINT ( 'NONE',  ( -9.659501593288650767, -23.32915952259949677, -22.49954139175624590 ) ) ;
#4586 = CARTESIAN_POINT ( 'NONE',  ( -6.620836777819730123, -20.99990124057015350, -6.583333333333379223 ) ) ;
#4587 = DIRECTION ( 'NONE',  ( 5.551115123125781913E-15, -2.775557561562894901E-15, -1.000000000000000000 ) ) ;
#4588 = DIRECTION ( 'NONE',  ( 0.000000000000000000, 0.000000000000000000, -1.000000000000000000 ) ) ;
#4589 = CARTESIAN_POINT ( 'NONE',  ( 21.83624713694175057, 0.000000000000000000, -29.47637089395774979 ) ) ;
#4590 = EDGE_CURVE ( 'NONE', #4361, #796, #185, .T. ) ;
#4591 = CARTESIAN_POINT ( 'NONE',  ( 22.81631813193435221, 2.987552028010085348, -32.15349006216960248 ) ) ;
#4592 = CARTESIAN_POINT ( 'NONE',  ( -5.719988482647019978, -21.34693729222965075, -9.652266534179180013 ) ) ;
#4593 = CARTESIAN_POINT ( 'NONE',  ( -23.66334830103579989, -26.39599301378649798, 20.00000000000000000 ) ) ;
#4594 = CARTESIAN_POINT ( 'NONE',  ( 23.48925401660175183, 3.076563991928829900, -31.81242905611410166 ) ) ;
#4595 = EDGE_LOOP ( 'NONE', ( #464, #4304, #5321, #196 ) ) ;
#4596 = CARTESIAN_POINT ( 'NONE',  ( -5.688591272759129680, -21.22958662715285172, -9.647796800254159422 ) ) ;
#4597 = CARTESIAN_POINT ( 'NONE',  ( -20.85643604428429754, 8.638604844750810585, -26.77299471345110149 ) ) ;
#4598 = CARTESIAN_POINT ( 'NONE',  ( 23.15221074360579223, 2.480507345657420704, -31.98964178043989293 ) ) ;
#4599 = EDGE_CURVE ( 'NONE', #1351, #779, #4156, .T. ) ;
#4600 = CARTESIAN_POINT ( 'NONE',  ( 13.18239516033106717, 17.79266323913554615, -25.21954369895143699 ) ) ;
#4601 = CARTESIAN_POINT ( 'NONE',  ( -8.515143146372640359, -22.02478792176504996, -11.71142356444780042 ) ) ;
#4602 = DIRECTION ( 'NONE',  ( 0.000000000000000000, 0.000000000000000000, -1.000000000000000000 ) ) ;
#4603 = ORIENTED_EDGE ( 'NONE', *, *, #4542, .T. ) ;
#4604 = AXIS2_PLACEMENT_3D ( 'NONE', #5222, #1081, #272 ) ;
#4605 = ORIENTED_EDGE ( 'NONE', *, *, #1401, .F. ) ;
#4606 = DIRECTION ( 'NONE',  ( -1.000000000000000000, 0.000000000000000000, 0.000000000000000000 ) ) ;
#4607 = ORIENTED_EDGE ( 'NONE', *, *, #4497, .F. ) ;
#4608 = VECTOR ( 'NONE', #4507, 1000.000000000000000 ) ;
#4609 = CARTESIAN_POINT ( 'NONE',  ( -22.86153689521459853, -0.0001317426145106062054, -9.000000000000000000 ) ) ;
#4610 = CARTESIAN_POINT ( 'NONE',  ( 0.0001238763868199599925, -22.57621449751389875, -23.45525588809369921 ) ) ;
#4611 = EDGE_CURVE ( 'NONE', #411, #1351, #1985, .T. ) ;
#4612 = ORIENTED_EDGE ( 'NONE', *, *, #5600, .T. ) ;
#4613 = AXIS2_PLACEMENT_3D ( 'NONE', #613, #4717, #2056 ) ;
#4614 = CARTESIAN_POINT ( 'NONE',  ( 9.499867545683031267, 22.93154461222155049, -17.23658235219505030 ) ) ;
#4615 = CARTESIAN_POINT ( 'NONE',  ( -5.693838915648810506, -21.24920029299734736, -7.089140824963750198 ) ) ;
#4616 = EDGE_CURVE ( 'NONE', #3485, #4985, #4625, .T. ) ;
#4617 = CARTESIAN_POINT ( 'NONE',  ( 16.51031822625451895, 14.75761914064631064, -31.10265975490645474 ) ) ;
#4618 = CARTESIAN_POINT ( 'NONE',  ( 21.67613985643975028, 2.490605222584949985, -26.78151347275875338 ) ) ;
#4619 = ADVANCED_FACE ( 'NONE', ( #160 ), #5095, .T. ) ;
#4620 = CIRCLE ( 'NONE', #2536, 2.499999999999999556 ) ;
#4621 = AXIS2_PLACEMENT_3D ( 'NONE', #2049, #3825, #2820 ) ;
#4622 = EDGE_CURVE ( 'NONE', #3082, #3251, #656, .T. ) ;
#4623 = CARTESIAN_POINT ( 'NONE',  ( 9.222275847876240107, 22.26329313341139837, -29.81242905611420113 ) ) ;
#4624 = CARTESIAN_POINT ( 'NONE',  ( -33.69105727418959617, 11.02792635753787920, 20.00000000000000000 ) ) ;
#4625 = LINE ( 'NONE', #1070, #4334 ) ;
#4626 = AXIS2_PLACEMENT_3D ( 'NONE', #1527, #3331, #4689 ) ;
#4627 = CARTESIAN_POINT ( 'NONE',  ( -8.958900928377460104, 21.62662117223595004, -28.65349006216965222 ) ) ;
#4628 = AXIS2_PLACEMENT_3D ( 'NONE', #3252, #557, #1421 ) ;
#4629 = CARTESIAN_POINT ( 'NONE',  ( -32.24478138222849566, -6.780602746975409545, 17.50000000000000000 ) ) ;
#4630 = AXIS2_PLACEMENT_3D ( 'NONE', #1736, #2219, #4428 ) ;
#4631 = CARTESIAN_POINT ( 'NONE',  ( -5.695556284540429282, -21.25561915576679795, -9.658894058406650274 ) ) ;
#4632 = CIRCLE ( 'NONE', #1605, 2.500000000000002220 ) ;
#4633 = AXIS2_PLACEMENT_3D ( 'NONE', #53, #4195, #140 ) ;
#4634 = CARTESIAN_POINT ( 'NONE',  ( -8.640703627200080561, -20.85875885308394828, -24.20525588809359618 ) ) ;
#4635 = CARTESIAN_POINT ( 'NONE',  ( 24.54021415409589224, 2.492017838537108787, -28.88600242469078339 ) ) ;
#4636 = DIRECTION ( 'NONE',  ( 0.000000000000000000, 0.000000000000000000, 1.000000000000000000 ) ) ;
#4637 = CARTESIAN_POINT ( 'NONE',  ( -8.483595369001200481, -21.90733515152045285, -11.79441468556650108 ) ) ;
#4638 = DIRECTION ( 'NONE',  ( 0.000000000000000000, 0.000000000000000000, 1.000000000000000000 ) ) ;
#4639 = VERTEX_POINT ( 'NONE', #5637 ) ;
#4640 = AXIS2_PLACEMENT_3D ( 'NONE', #4489, #2044, #5691 ) ;
#4641 = AXIS2_PLACEMENT_3D ( 'NONE', #4166, #5052, #4602 ) ;
#4642 = ORIENTED_EDGE ( 'NONE', *, *, #5727, .T. ) ;
#4643 = FACE_OUTER_BOUND ( 'NONE', #2357, .T. ) ;
#4644 = ORIENTED_EDGE ( 'NONE', *, *, #3703, .F. ) ;
#4645 = CARTESIAN_POINT ( 'NONE',  ( 22.39469456383256940, -0.000000000000000000, -29.61573936740556334 ) ) ;
#4646 = DIRECTION ( 'NONE',  ( 0.000000000000000000, 0.000000000000000000, 1.000000000000000000 ) ) ;
#4647 = CARTESIAN_POINT ( 'NONE',  ( -8.640703627200080561, -20.85875885308394828, -24.20525588809359618 ) ) ;
#4648 = CIRCLE ( 'NONE', #1620, 2.499999999999998668 ) ;
#4649 = CIRCLE ( 'NONE', #4269, 2.500000000000000444 ) ;
#4650 = CARTESIAN_POINT ( 'NONE',  ( 23.04025944910044998, 9.539999777740440834, -27.42001597436705040 ) ) ;
#4651 = CARTESIAN_POINT ( 'NONE',  ( 20.85454404758830194, 8.639386620365220537, -29.49027453730050041 ) ) ;
#4652 = CARTESIAN_POINT ( 'NONE',  ( 0.000000000000000000, 0.000000000000000000, 20.00000000000000000 ) ) ;
#4653 = CARTESIAN_POINT ( 'NONE',  ( 23.48030441761744669, 2.479838977214125162, -31.77863488416259585 ) ) ;
#4654 = EDGE_CURVE ( 'NONE', #36, #804, #5625, .T. ) ;
#4655 = CARTESIAN_POINT ( 'NONE',  ( 0.0001503716899886200055, -23.84169921503044876, -23.22515453695520193 ) ) ;
#4656 = CARTESIAN_POINT ( 'NONE',  ( -6.780602746975519679, -32.24478138222849566, 17.50000000000000000 ) ) ;
#4657 = DIRECTION ( 'NONE',  ( 1.000000000000000000, -4.440892098500625373E-15, 0.000000000000000000 ) ) ;
#4658 = DIRECTION ( 'NONE',  ( 0.000000000000000000, -1.000000000000000000, -5.551115123125777969E-15 ) ) ;
#4659 = CARTESIAN_POINT ( 'NONE',  ( -8.564111874779889888, -22.38560759265710232, -7.524196915167420840 ) ) ;
#4660 = VERTEX_POINT ( 'NONE', #5808 ) ;
#4661 = CARTESIAN_POINT ( 'NONE',  ( -8.638315961421229261, 20.85668744434800104, -16.70525588809359618 ) ) ;
#4662 = DIRECTION ( 'NONE',  ( 1.000000000000000000, 0.000000000000000000, 0.000000000000000000 ) ) ;
#4663 = SPHERICAL_SURFACE ( 'NONE', #4613, 2.500000000000000000 ) ;
#4664 = DIRECTION ( 'NONE',  ( 0.000000000000000000, 0.000000000000000000, 1.000000000000000000 ) ) ;
#4665 = CARTESIAN_POINT ( 'NONE',  ( -5.764482784970132556, -21.51323983912476479, -9.040458903836640303 ) ) ;
#4666 = EDGE_LOOP ( 'NONE', ( #4603, #3042, #3345, #1970 ) ) ;
#4667 = ADVANCED_FACE ( 'NONE', ( #4350 ), #4051, .T. ) ;
#4668 = ORIENTED_EDGE ( 'NONE', *, *, #3959, .F. ) ;
#4669 = CARTESIAN_POINT ( 'NONE',  ( 20.85293024412020202, -8.637277075585670261, -17.51742247489114845 ) ) ;
#4670 = CARTESIAN_POINT ( 'NONE',  ( 35.45000000000000284, -1.324557592679437988E-13, 0.000000000000000000 ) ) ;
#4671 = CARTESIAN_POINT ( 'NONE',  ( 15.96240555494049929, 15.96295201375995099, -13.50000000000000000 ) ) ;
#4672 = CARTESIAN_POINT ( 'NONE',  ( -8.638951950341068553, 20.85725088434245222, -28.70525588809359618 ) ) ;
#4673 = AXIS2_PLACEMENT_3D ( 'NONE', #414, #1480, #4498 ) ;
#4674 = AXIS2_PLACEMENT_3D ( 'NONE', #4983, #927, #512 ) ;
#4675 = EDGE_CURVE ( 'NONE', #245, #2278, #5281, .T. ) ;
#4676 = CARTESIAN_POINT ( 'NONE',  ( -23.50877969898355246, 9.739370723508789851, -24.60399774898195346 ) ) ;
#4677 = CARTESIAN_POINT ( 'NONE',  ( 15.96244827439239877, 15.96298390707670123, -16.74027453730045067 ) ) ;
#4678 = CARTESIAN_POINT ( 'NONE',  ( -10.45324115351960970, 19.52197940832144241, -28.55680739708416382 ) ) ;
#4679 = EDGE_CURVE ( 'NONE', #3447, #628, #1240, .T. ) ;
#4680 = ORIENTED_EDGE ( 'NONE', *, *, #5560, .T. ) ;
#4681 = CARTESIAN_POINT ( 'NONE',  ( -22.02589323194069948, 9.123962112459629736, -26.97515453695525167 ) ) ;
#4682 = CARTESIAN_POINT ( 'NONE',  ( 22.26579983491330239, 9.220900910003450690, -31.31242905611425442 ) ) ;
#4683 = DIRECTION ( 'NONE',  ( -4.163336342344339393E-15, 2.775557561562894901E-15, -1.000000000000000000 ) ) ;
#4684 = CARTESIAN_POINT ( 'NONE',  ( -14.60427118785072409, 16.64984854059677133, -16.12087720103776434 ) ) ;
#4685 = CARTESIAN_POINT ( 'NONE',  ( 0.0006998802877417370678, 24.09876493465755232, -17.06242905611420113 ) ) ;
#4686 = CARTESIAN_POINT ( 'NONE',  ( 17.04001663727485294, -17.04104004414145024, -21.56242905611420113 ) ) ;
#4687 = VERTEX_POINT ( 'NONE', #2080 ) ;
#4688 = CARTESIAN_POINT ( 'NONE',  ( -20.85265765998804710, -8.636774011115461391, -25.66339838996579914 ) ) ;
#4689 = DIRECTION ( 'NONE',  ( 1.000000000000000000, 6.938893903907232322E-15, 0.000000000000000000 ) ) ;
#4690 = CARTESIAN_POINT ( 'NONE',  ( 22.00489525603214958, 0.000000000000000000, -32.50000001668475136 ) ) ;
#4691 = CARTESIAN_POINT ( 'NONE',  ( 31.31510118997309888, -12.75021645926306135, 17.50000000000000000 ) ) ;
#4692 = DIRECTION ( 'NONE',  ( 0.000000000000000000, 0.000000000000000000, 1.000000000000000000 ) ) ;
#4693 = VERTEX_POINT ( 'NONE', #1657 ) ;
#4694 = ADVANCED_FACE ( 'NONE', ( #291 ), #5299, .T. ) ;
#4695 = ORIENTED_EDGE ( 'NONE', *, *, #424, .F. ) ;
#4696 = CARTESIAN_POINT ( 'NONE',  ( 15.96031558538405015, 15.96024687403515152, -27.26742247489114845 ) ) ;
#4697 = ORIENTED_EDGE ( 'NONE', *, *, #531, .T. ) ;
#4698 = CARTESIAN_POINT ( 'NONE',  ( 34.74478138222845303, -6.780602746975559647, 0.000000000000000000 ) ) ;
#4699 = CARTESIAN_POINT ( 'NONE',  ( -10.26558377727963922, -19.76647575764755160, -6.916666666666700714 ) ) ;
#4700 = CARTESIAN_POINT ( 'NONE',  ( 8.638667846343597745, 20.85645731369885070, -18.20525588809364947 ) ) ;
#4701 = CIRCLE ( 'NONE', #1300, 2.499999999999998668 ) ;
#4702 = ORIENTED_EDGE ( 'NONE', *, *, #3300, .F. ) ;
#4703 = CARTESIAN_POINT ( 'NONE',  ( -17.90405882342644972, 17.90307623810384996, -24.43923983770069697 ) ) ;
#4704 = CARTESIAN_POINT ( 'NONE',  ( -15.96297513256705258, 15.96281796915640250, -25.74027453730045067 ) ) ;
#4705 = CARTESIAN_POINT ( 'NONE',  ( -6.569148577606238604, 21.14767641131991027, -28.92050059105877935 ) ) ;
#4706 = CIRCLE ( 'NONE', #2438, 5.000000000000000888 ) ;
#4707 = VERTEX_POINT ( 'NONE', #709 ) ;
#4708 = CARTESIAN_POINT ( 'NONE',  ( -9.124492516082140625, 22.02481424787999842, -28.47515453695519838 ) ) ;
#4709 = CARTESIAN_POINT ( 'NONE',  ( -21.99456492296560128, -24.53449844299759874, 17.50000000000000000 ) ) ;
#4710 = DIRECTION ( 'NONE',  ( -0.9966378054316045176, -0.08193341677530105449, -1.387778780781445281E-15 ) ) ;
#4711 = CARTESIAN_POINT ( 'NONE',  ( 22.26478597092985012, 9.224112205881420223, -19.31242905611419758 ) ) ;
#4712 = DIRECTION ( 'NONE',  ( -0.9966378054316044066, 0.08193341677530394107, 0.000000000000000000 ) ) ;
#4713 = CARTESIAN_POINT ( 'NONE',  ( 8.636805175219558706, 20.85248148171815075, -30.16339838996564993 ) ) ;
#4714 = CARTESIAN_POINT ( 'NONE',  ( -17.57187852535231798, -13.48077440072933619, -25.24586868670519735 ) ) ;
#4715 = LOCAL_TIME ( 21, 1, 52.00000000000000000, #1710 ) ;
#4716 = ADVANCED_FACE ( 'NONE', ( #5697 ), #349, .T. ) ;
#4717 = DIRECTION ( 'NONE',  ( 4.163336342344340182E-15, 8.326672684688666165E-15, -1.000000000000000000 ) ) ;
#4718 = AXIS2_PLACEMENT_3D ( 'NONE', #1272, #3109, #2164 ) ;
#4719 = EDGE_CURVE ( 'NONE', #4395, #78, #1878, .T. ) ;
#4720 = DIRECTION ( 'NONE',  ( 0.000000000000000000, 0.000000000000000000, 1.000000000000000000 ) ) ;
#4721 = CARTESIAN_POINT ( 'NONE',  ( -5.739679046085915282, -21.42053302648596969, -8.983328427238276959 ) ) ;
#4722 = VERTEX_POINT ( 'NONE', #1869 ) ;
#4723 = AXIS2_PLACEMENT_3D ( 'NONE', #658, #3375, #210 ) ;
#4724 = ADVANCED_BREP_SHAPE_REPRESENTATION ( '', ( #1297, #937 ), #3479 ) ;
#4725 = ORIENTED_EDGE ( 'NONE', *, *, #763, .F. ) ;
#4726 = CARTESIAN_POINT ( 'NONE',  ( 20.85291587660490009, -8.637285611625209469, -16.33914082496375286 ) ) ;
#4727 = ADVANCED_FACE ( 'NONE', ( #4562 ), #2829, .T. ) ;
#4728 = FACE_OUTER_BOUND ( 'NONE', #2092, .T. ) ;
#4729 = CYLINDRICAL_SURFACE ( 'NONE', #3504, 22.10000000000000142 ) ;
#4730 = CARTESIAN_POINT ( 'NONE',  ( 8.673869637766809859, -20.93830624482749769, -22.74466388919140059 ) ) ;
#4731 = CIRCLE ( 'NONE', #2937, 2.499999999999999112 ) ;
#4732 = CARTESIAN_POINT ( 'NONE',  ( -23.50585352270324790, -9.736314224528870298, -23.10399774898190017 ) ) ;
#4733 = CARTESIAN_POINT ( 'NONE',  ( -20.85601752625510130, 8.639248690914460127, -11.51742247489116089 ) ) ;
#4734 = CARTESIAN_POINT ( 'NONE',  ( 22.01360833905994951, 0.008992299136781850208, -32.50000000000000000 ) ) ;
#4735 = ORIENTED_EDGE ( 'NONE', *, *, #4556, .F. ) ;
#4736 = AXIS2_PLACEMENT_3D ( 'NONE', #3952, #3475, #2533 ) ;
#4737 = CIRCLE ( 'NONE', #2946, 2.500000000000000888 ) ;
#4738 = ADVANCED_FACE ( 'NONE', ( #5427 ), #3147, .F. ) ;
#4739 = CARTESIAN_POINT ( 'NONE',  ( 24.09844120003245038, 0.0006885919828675549298, -20.06242905611415139 ) ) ;
#4740 = FACE_OUTER_BOUND ( 'NONE', #2921, .T. ) ;
#4741 = CARTESIAN_POINT ( 'NONE',  ( 22.08739371843632782, 0.7463697017600776640, -28.66125059230095928 ) ) ;
#4742 = CARTESIAN_POINT ( 'NONE',  ( -17.04088710598439960, 17.03963469756894966, -15.56242905611415139 ) ) ;
#4743 = CARTESIAN_POINT ( 'NONE',  ( 22.01697803805184961, 0.000000000000000000, -32.50064780966009437 ) ) ;
#4744 = CARTESIAN_POINT ( 'NONE',  ( -6.620629753411540364, -20.99920301998854910, -11.94161094772733911 ) ) ;
#4745 = CARTESIAN_POINT ( 'NONE',  ( -14.60427118783412048, -16.64984854061127706, -24.87086550334834456 ) ) ;
#4746 = EDGE_CURVE ( 'NONE', #2803, #5084, #1511, .T. ) ;
#4747 = DIRECTION ( 'NONE',  ( 0.000000000000000000, 0.000000000000000000, 1.000000000000000000 ) ) ;
#4748 = CARTESIAN_POINT ( 'NONE',  ( 23.29175754049317248, 2.500710667337278093, -27.19129359814656510 ) ) ;
#4749 = CARTESIAN_POINT ( 'NONE',  ( -5.756917137718790656, -21.48496236670435522, -9.018512382249024739 ) ) ;
#4750 = ORIENTED_EDGE ( 'NONE', *, *, #3431, .F. ) ;
#4751 = VERTEX_POINT ( 'NONE', #2024 ) ;
#4752 = CARTESIAN_POINT ( 'NONE',  ( -5.693838915648810506, -21.24920029299734736, -6.500000000000000000 ) ) ;
#4753 = DIRECTION ( 'NONE',  ( 0.000000000000000000, 0.000000000000000000, 1.000000000000000000 ) ) ;
#4754 = DIRECTION ( 'NONE',  ( -1.000000000000000000, 0.000000000000000000, 0.000000000000000000 ) ) ;
#4755 = CARTESIAN_POINT ( 'NONE',  ( 16.02469464676909894, 16.02451242604034931, -30.99466388919134729 ) ) ;
#4756 = CARTESIAN_POINT ( 'NONE',  ( 0.0009398366113188839606, 22.57205651169550009, -24.00000000000000000 ) ) ;
#4757 = CARTESIAN_POINT ( 'NONE',  ( -25.31874838728469967, 0.002046335411594260231, -22.93923983770075026 ) ) ;
#4758 = AXIS2_PLACEMENT_3D ( 'NONE', #2655, #4457, #399 ) ;
#4759 = CARTESIAN_POINT ( 'NONE',  ( -22.57170557410244882, -0.0008379898716214429118, -25.41855618722775034 ) ) ;
#4760 = TOROIDAL_SURFACE ( 'NONE', #3438, 32.95000000000000284, 2.500000000000000000 ) ;
#4761 = CARTESIAN_POINT ( 'NONE',  ( -23.66334830103579989, -26.39599301378649798, 0.000000000000000000 ) ) ;
#4762 = APPROVAL_DATE_TIME ( #255, #4362 ) ;
#4763 = EDGE_LOOP ( 'NONE', ( #1712, #1892, #457, #2046 ) ) ;
#4764 = CARTESIAN_POINT ( 'NONE',  ( 0.000000000000000000, 0.000000000000000000, 0.000000000000000000 ) ) ;
#4765 = CARTESIAN_POINT ( 'NONE',  ( -10.25021645926301872, -31.31510118997309888, 17.50000000000000000 ) ) ;
#4766 = CARTESIAN_POINT ( 'NONE',  ( -21.95754145786217038, 2.892847469079601108, -9.251856741070827894 ) ) ;
#4767 = CARTESIAN_POINT ( 'NONE',  ( -24.53449844299769822, -21.99456492296550181, 17.50000000000000000 ) ) ;
#4768 = DIRECTION ( 'NONE',  ( 1.000000000000000000, 0.000000000000000000, 0.000000000000000000 ) ) ;
#4769 = CARTESIAN_POINT ( 'NONE',  ( -22.66268451709314746, -0.0007526755331250799567, -26.49466388919129756 ) ) ;
#4770 = DIRECTION ( 'NONE',  ( 0.000000000000000000, 0.000000000000000000, -1.000000000000000000 ) ) ;
#4771 = DIRECTION ( 'NONE',  ( 0.000000000000000000, 0.000000000000000000, 1.000000000000000000 ) ) ;
#4772 = CARTESIAN_POINT ( 'NONE',  ( 23.44935228360651536, 2.500451304806094122, -27.29736831313476131 ) ) ;
#4773 = DIRECTION ( 'NONE',  ( 0.000000000000000000, 0.000000000000000000, 1.000000000000000000 ) ) ;
#4774 = ORIENTED_EDGE ( 'NONE', *, *, #5511, .T. ) ;
#4775 = ORIENTED_EDGE ( 'NONE', *, *, #4920, .F. ) ;
#4776 = EDGE_CURVE ( 'NONE', #1860, #4687, #4805, .T. ) ;
#4777 = CARTESIAN_POINT ( 'NONE',  ( -15.96028910229289899, 15.96087585849925006, -11.08914082496373865 ) ) ;
#4778 = AXIS2_PLACEMENT_3D ( 'NONE', #327, #2143, #5789 ) ;
#4779 = CARTESIAN_POINT ( 'NONE',  ( 22.10000000000000142, 0.000000000000000000, -29.34339416700144909 ) ) ;
#4780 = DIRECTION ( 'NONE',  ( 0.000000000000000000, 0.000000000000000000, -1.000000000000000000 ) ) ;
#4781 = CARTESIAN_POINT ( 'NONE',  ( 20.93834020346599800, 8.672732443140160896, -19.74466388919145032 ) ) ;
#4782 = B_SPLINE_CURVE_WITH_KNOTS ( 'NONE', 3,
 ( #4592, #1045, #5433, #953, #2850, #540 ),
 .UNSPECIFIED., .F., .F.,
 ( 4, 2, 4 ),
 ( 0.000000000000000000, 0.5000000000000000000, 1.000000000000000000 ),
 .UNSPECIFIED. ) ;
#4783 = CARTESIAN_POINT ( 'NONE',  ( -16.59275272079775121, 16.59231179948995205, -22.58841932938484831 ) ) ;
#4784 = ADVANCED_FACE ( 'NONE', ( #5156 ), #1572, .T. ) ;
#4785 = CARTESIAN_POINT ( 'NONE',  ( 8.639143929015251189, -20.85422477338564917, -21.66855618722784982 ) ) ;
#4786 = DIRECTION ( 'NONE',  ( 1.387778780781445676E-15, 1.000000000000000000, 0.000000000000000000 ) ) ;
#4787 = DIRECTION ( 'NONE',  ( 1.000000000000000000, 0.000000000000000000, 0.000000000000000000 ) ) ;
#4788 = EDGE_LOOP ( 'NONE', ( #5455, #4280, #4695, #1392 ) ) ;
#4789 = FACE_OUTER_BOUND ( 'NONE', #2339, .T. ) ;
#4790 = CARTESIAN_POINT ( 'NONE',  ( -24.36027239087414742, 0.0005482608608037780424, -13.89970357527315947 ) ) ;
#4791 = CARTESIAN_POINT ( 'NONE',  ( 22.06363960644100786, 1.267215356965849082, -28.11370923310849079 ) ) ;
#4792 = CIRCLE ( 'NONE', #2528, 5.000000000000000888 ) ;
#4793 = LINE ( 'NONE', #4379, #364 ) ;
#4794 = CARTESIAN_POINT ( 'NONE',  ( -8.506044512627127574, -22.16635337651520032, -7.322900675692499028 ) ) ;
#4795 = EDGE_CURVE ( 'NONE', #4006, #442, #2736, .T. ) ;
#4796 = CARTESIAN_POINT ( 'NONE',  ( 15.95543952796560028, 15.95529038627735119, -31.00258339428610199 ) ) ;
#4797 = DIRECTION ( 'NONE',  ( 0.000000000000000000, 0.000000000000000000, -1.000000000000000000 ) ) ;
#4798 = DIRECTION ( 'NONE',  ( -1.387778780781444098E-15, 4.438436410853329923E-16, 1.000000000000000000 ) ) ;
#4799 = ORIENTED_EDGE ( 'NONE', *, *, #4285, .T. ) ;
#4800 = ORIENTED_EDGE ( 'NONE', *, *, #5275, .F. ) ;
#4801 = CARTESIAN_POINT ( 'NONE',  ( -5.790822355341210148, -21.61168699770744794, -9.446672372042501209 ) ) ;
#4802 = ORIENTED_EDGE ( 'NONE', *, *, #2811, .F. ) ;
#4803 = ORIENTED_EDGE ( 'NONE', *, *, #4311, .T. ) ;
#4804 = LOCAL_TIME ( 21, 1, 52.00000000000000000, #3137 ) ;
#4805 = CIRCLE ( 'NONE', #3688, 2.500000000000000000 ) ;
#4806 = CARTESIAN_POINT ( 'NONE',  ( 15.96246380873855131, 15.96299550464640227, -17.91855618722789956 ) ) ;
#4807 = DIRECTION ( 'NONE',  ( 0.000000000000000000, -1.000000000000000000, -5.551115123125781913E-15 ) ) ;
#4808 = FACE_OUTER_BOUND ( 'NONE', #4211, .T. ) ;
#4809 = CARTESIAN_POINT ( 'NONE',  ( -8.312467530560059714, -21.32994311830145051, -6.832595887465900297 ) ) ;
#4810 = EDGE_LOOP ( 'NONE', ( #1364, #1103, #4236 ) ) ;
#4811 = CIRCLE ( 'NONE', #3307, 2.499999999999998668 ) ;
#4812 = AXIS2_PLACEMENT_3D ( 'NONE', #3678, #2759, #2288 ) ;
#4813 = CARTESIAN_POINT ( 'NONE',  ( 0.000000000000000000, 35.45000000000000284, 17.50000000000000000 ) ) ;
#4814 = AXIS2_PLACEMENT_3D ( 'NONE', #1910, #2352, #4150 ) ;
#4815 = CARTESIAN_POINT ( 'NONE',  ( 0.0002188924785730299912, 23.46266186407779841, -24.08841932938490160 ) ) ;
#4816 = CARTESIAN_POINT ( 'NONE',  ( 15.96246380873855131, 15.96299550464640227, -17.91855618722789956 ) ) ;
#4817 = PERSON_AND_ORGANIZATION ( #1259, #3397 ) ;
#4818 = ORIENTED_EDGE ( 'NONE', *, *, #1244, .F. ) ;
#4819 = DIRECTION ( 'NONE',  ( 1.000000000000000000, 0.000000000000000000, 0.000000000000000000 ) ) ;
#4820 = CARTESIAN_POINT ( 'NONE',  ( 22.26478597092985012, 9.224112205881420223, -19.31242905611419758 ) ) ;
#4821 = CARTESIAN_POINT ( 'NONE',  ( -16.64984854060140407, 14.60427118784534350, -10.37685195573606478 ) ) ;
#4822 = CARTESIAN_POINT ( 'NONE',  ( 0.000000000000000000, 0.000000000000000000, 0.000000000000000000 ) ) ;
#4823 = CARTESIAN_POINT ( 'NONE',  ( -26.39599301378654772, 23.66334830103579989, 20.00000000000000000 ) ) ;
#4824 = CARTESIAN_POINT ( 'NONE',  ( 22.17319812942009705, 0.000000000000000000, -30.02094527261134971 ) ) ;
#4825 = CARTESIAN_POINT ( 'NONE',  ( -20.93769550132545021, 8.672335096939960408, -27.24466388919150006 ) ) ;
#4826 = CARTESIAN_POINT ( 'NONE',  ( 0.000000000000000000, 35.45000000000000284, 0.000000000000000000 ) ) ;
#4827 = CYLINDRICAL_SURFACE ( 'NONE', #2060, 2.500000000000000444 ) ;
#4828 = ORIENTED_EDGE ( 'NONE', *, *, #1401, .T. ) ;
#4829 = DIRECTION ( 'NONE',  ( 0.3110839593099590239, -0.9503824336865870359, 0.000000000000000000 ) ) ;
#4830 = ORIENTED_EDGE ( 'NONE', *, *, #5350, .T. ) ;
#4831 = ORIENTED_EDGE ( 'NONE', *, *, #1537, .T. ) ;
#4832 = CARTESIAN_POINT ( 'NONE',  ( -8.637028675438500613, 20.85343051284259985, -13.01742247489116089 ) ) ;
#4833 = DIRECTION ( 'NONE',  ( 0.000000000000000000, 0.000000000000000000, -1.000000000000000000 ) ) ;
#4834 = DIRECTION ( 'NONE',  ( 1.000000000000000000, 0.000000000000000000, 6.938893903907231533E-15 ) ) ;
#4835 = CARTESIAN_POINT ( 'NONE',  ( -8.316202834788798626, -21.34430181270910154, -6.837607796923959924 ) ) ;
#4836 = ORIENTED_EDGE ( 'NONE', *, *, #3709, .F. ) ;
#4837 = ADVANCED_FACE ( 'NONE', ( #4323 ), #2490, .T. ) ;
#4838 = DIRECTION ( 'NONE',  ( 1.000000000000000000, 0.000000000000000000, 0.000000000000000000 ) ) ;
#4839 = CARTESIAN_POINT ( 'NONE',  ( 22.86937624753294784, 2.994585471519259912, -26.83841932938484831 ) ) ;
#4840 = CARTESIAN_POINT ( 'NONE',  ( 15.96462603961665216, 15.96515437001265170, -18.52299471345104820 ) ) ;
#4841 = APPROVAL_STATUS ( 'not_yet_approved' ) ;
#4842 = ORIENTED_EDGE ( 'NONE', *, *, #5511, .F. ) ;
#4843 = EDGE_CURVE ( 'NONE', #1725, #50, #3014, .T. ) ;
#4844 = ORIENTED_EDGE ( 'NONE', *, *, #2481, .T. ) ;
#4845 = CARTESIAN_POINT ( 'NONE',  ( 22.00092829953575091, 2.090252128018744937, -32.31497040148849464 ) ) ;
#4846 = CARTESIAN_POINT ( 'NONE',  ( 23.74184318591840182, 3.109975087704850427, -31.64970357527310085 ) ) ;
#4847 = DIRECTION ( 'NONE',  ( 0.000000000000000000, 0.000000000000000000, 1.000000000000000000 ) ) ;
#4848 = ADVANCED_FACE ( 'NONE', ( #3295 ), #2853, .T. ) ;
#4849 = DIRECTION ( 'NONE',  ( -1.000000000000000000, 0.000000000000000000, 0.000000000000000000 ) ) ;
#4850 = CARTESIAN_POINT ( 'NONE',  ( -8.545494333336689508, -22.31499596225692628, -7.456598646848685341 ) ) ;
#4851 = AXIS2_PLACEMENT_3D ( 'NONE', #4894, #459, #3600 ) ;
#4852 = DIRECTION ( 'NONE',  ( -0.08193341677530939504, -0.9966378054316039625, 0.000000000000000000 ) ) ;
#4853 = CARTESIAN_POINT ( 'NONE',  ( 22.66357868677820164, -0.0009163923091303729151, -20.49466388919134729 ) ) ;
#4854 = ORIENTED_EDGE ( 'NONE', *, *, #3080, .T. ) ;
#4855 = DIRECTION ( 'NONE',  ( 0.2057846053710290779, -0.9785973105380425530, -1.041722224057580662E-14 ) ) ;
#4856 = CARTESIAN_POINT ( 'NONE',  ( -10.25021645926304004, -31.31510118997309888, 17.50000000000000000 ) ) ;
#4857 = ORIENTED_EDGE ( 'NONE', *, *, #2839, .T. ) ;
#4858 = CARTESIAN_POINT ( 'NONE',  ( -5.679527420552310524, -21.19570944225559828, -8.971980241799059286 ) ) ;
#4859 = ORIENTED_EDGE ( 'NONE', *, *, #763, .T. ) ;
#4860 = B_SPLINE_CURVE_WITH_KNOTS ( 'NONE', 3,
 ( #4367, #2122, #3925, #3866, #5736, #2589, #1669, #776, #1701, #3424, #4393, #334, #2149, #2772, #4130, #2685, #83, #5509, #520 ),
 .UNSPECIFIED., .F., .F.,
 ( 4, 2, 2, 2, 1, 1, 1, 1, 1, 2, 2, 4 ),
 ( 0.000000000000000000, 0.1250000000000166256, 0.2500000000000332512, 0.5000000000000611733, 0.6250000000000713873, 0.6875000000000764944, 0.7187500000000782707, 0.7343750000000828226, 0.7421875000000850431, 0.7460937500000824896, 0.7500000000000798250, 1.000000000000000000 ),
 .UNSPECIFIED. ) ;
#4861 = ORIENTED_EDGE ( 'NONE', *, *, #1164, .F. ) ;
#4862 = CARTESIAN_POINT ( 'NONE',  ( -0.0006956952366693091227, 22.57144757816930181, -15.24027453730050041 ) ) ;
#4863 = CARTESIAN_POINT ( 'NONE',  ( 20.85290869284730064, -8.637289879644990620, -15.75000000000000000 ) ) ;
#4864 = DIRECTION ( 'NONE',  ( 0.000000000000000000, 0.000000000000000000, 1.000000000000000000 ) ) ;
#4865 = DIRECTION ( 'NONE',  ( 0.000000000000000000, 0.000000000000000000, 1.000000000000000000 ) ) ;
#4866 = EDGE_CURVE ( 'NONE', #4292, #2582, #1048, .T. ) ;
#4867 = CARTESIAN_POINT ( 'NONE',  ( -8.225794463117489741, -21.04052872600709989, -12.35135092171476145 ) ) ;
#4868 = ORIENTED_EDGE ( 'NONE', *, *, #3765, .T. ) ;
#4869 = CARTESIAN_POINT ( 'NONE',  ( -24.53449844299769822, -21.99456492296550181, 20.00000000000000000 ) ) ;
#4870 = CARTESIAN_POINT ( 'NONE',  ( 22.45379363865055211, 9.302683297062619872, -14.76496339966609916 ) ) ;
#4871 = CARTESIAN_POINT ( 'NONE',  ( -8.637010464793791087, 20.85349607568550212, -15.66855618722785159 ) ) ;
#4872 = CALENDAR_DATE ( 2026, 22, 6 ) ;
#4873 = ORIENTED_EDGE ( 'NONE', *, *, #4547, .T. ) ;
#4874 = ORIENTED_EDGE ( 'NONE', *, *, #3633, .T. ) ;
#4875 = CIRCLE ( 'NONE', #805, 2.499999999999998668 ) ;
#4876 = DIRECTION ( 'NONE',  ( 1.000000000000000000, 0.000000000000000000, 0.000000000000000000 ) ) ;
#4877 = CARTESIAN_POINT ( 'NONE',  ( 22.50292612408654946, -9.321450092836590429, -20.64970357527315059 ) ) ;
#4878 = CARTESIAN_POINT ( 'NONE',  ( 2.892847469070013666, 21.95754145786343869, -12.25184398017813159 ) ) ;
#4879 = DIRECTION ( 'NONE',  ( 0.000000000000000000, 0.000000000000000000, -1.000000000000000000 ) ) ;
#4880 = CARTESIAN_POINT ( 'NONE',  ( -8.579816757237455960, -22.44381026433992687, -7.587875592978636341 ) ) ;
#4881 = VECTOR ( 'NONE', #5163, 1000.000000000000000 ) ;
#4882 = CARTESIAN_POINT ( 'NONE',  ( 0.000000000000000000, 0.000000000000000000, 17.50000000000000000 ) ) ;
#4883 = AXIS2_PLACEMENT_3D ( 'NONE', #2608, #3499, #4385 ) ;
#4884 = CARTESIAN_POINT ( 'NONE',  ( -10.26709261136904061, -19.76942745779440358, -12.37192255476025871 ) ) ;
#4885 = LINE ( 'NONE', #823, #361 ) ;
#4886 = CARTESIAN_POINT ( 'NONE',  ( -24.53449844299769822, -21.99456492296550181, 0.000000000000000000 ) ) ;
#4887 = CARTESIAN_POINT ( 'NONE',  ( -6.711455879140570069, -21.28802475819404805, -12.07735397991426041 ) ) ;
#4888 = ORIENTED_EDGE ( 'NONE', *, *, #4616, .F. ) ;
#4889 = CARTESIAN_POINT ( 'NONE',  ( -5.656895619404259890, -21.11112049546400016, -9.001738485998989958 ) ) ;
#4890 = ORIENTED_EDGE ( 'NONE', *, *, #214, .T. ) ;
#4891 = AXIS2_PLACEMENT_3D ( 'NONE', #2524, #5108, #5618 ) ;
#4892 = ORIENTED_EDGE ( 'NONE', *, *, #2040, .T. ) ;
#4893 = CARTESIAN_POINT ( 'NONE',  ( 15.96030702197164963, 15.96020567612334951, -28.74027453730039738 ) ) ;
#4894 = CARTESIAN_POINT ( 'NONE',  ( -30.70060056415840322, -17.72500000000000142, 17.50000000000000000 ) ) ;
#4895 = CARTESIAN_POINT ( 'NONE',  ( -4.520401831317040653, -33.31318758815234560, 17.50000000000000000 ) ) ;
#4896 = CYLINDRICAL_SURFACE ( 'NONE', #309, 2.499999999999998668 ) ;
#4897 = CARTESIAN_POINT ( 'NONE',  ( -8.320170033122330722, -21.35955157766284884, -6.842941153636219909 ) ) ;
#4898 = FACE_OUTER_BOUND ( 'NONE', #785, .T. ) ;
#4899 = ORIENTED_EDGE ( 'NONE', *, *, #4654, .F. ) ;
#4900 = PRODUCT_DEFINITION_FORMATION_WITH_SPECIFIED_SOURCE ( 'ANY', '', #4566, .NOT_KNOWN. ) ;
#4901 = EDGE_CURVE ( 'NONE', #915, #2187, #96, .T. ) ;
#4902 = EDGE_CURVE ( 'NONE', #2557, #5368, #1125, .T. ) ;
#4903 = DIRECTION ( 'NONE',  ( 0.000000000000000000, 0.000000000000000000, 1.000000000000000000 ) ) ;
#4904 = CARTESIAN_POINT ( 'NONE',  ( -7.312885618696490120, -23.20057484371719880, -7.753349307700380777 ) ) ;
#4905 = AXIS2_PLACEMENT_3D ( 'NONE', #1553, #3466, #4029 ) ;
#4906 = AXIS2_PLACEMENT_3D ( 'NONE', #1361, #3728, #5450 ) ;
#4907 = CARTESIAN_POINT ( 'NONE',  ( -10.26523740838941912, -19.76585221701219908, -12.33006505663231955 ) ) ;
#4908 = AXIS2_PLACEMENT_3D ( 'NONE', #1658, #385, #2200 ) ;
#4909 = PERSON_AND_ORGANIZATION ( #1259, #3397 ) ;
#4910 = ORIENTED_EDGE ( 'NONE', *, *, #814, .F. ) ;
#4911 = CIRCLE ( 'NONE', #4633, 2.500000000000000444 ) ;
#4912 = CARTESIAN_POINT ( 'NONE',  ( 22.39767230676838849, -0.000000000000000000, -29.66405681389901261 ) ) ;
#4913 = CARTESIAN_POINT ( 'NONE',  ( -17.04088710598439960, 17.03963469756894966, -15.56242905611415139 ) ) ;
#4914 = CARTESIAN_POINT ( 'NONE',  ( -8.637653483992810521, 20.85415059821249883, -23.83914082496369957 ) ) ;
#4915 = DIRECTION ( 'NONE',  ( 0.9966378054316047397, 0.08193341677529968059, 1.388798071364449831E-14 ) ) ;
#4916 = DIRECTION ( 'NONE',  ( 0.000000000000000000, 0.000000000000000000, -1.000000000000000000 ) ) ;
#4917 = FACE_OUTER_BOUND ( 'NONE', #3729, .T. ) ;
#4918 = AXIS2_PLACEMENT_3D ( 'NONE', #840, #2511, #4344 ) ;
#4919 = VECTOR ( 'NONE', #1474, 1000.000000000000000 ) ;
#4920 = EDGE_CURVE ( 'NONE', #3533, #4267, #4525, .T. ) ;
#4921 = CARTESIAN_POINT ( 'NONE',  ( 23.40865345140704790, -8.446501972475890698E-05, -20.40349006216965222 ) ) ;
#4922 = CARTESIAN_POINT ( 'NONE',  ( 26.58986581671799954, 20.57137661531024975, 17.50000000000000000 ) ) ;
#4923 = CARTESIAN_POINT ( 'NONE',  ( 0.000000000000000000, 0.000000000000000000, 17.50000000000000000 ) ) ;
#4924 = CARTESIAN_POINT ( 'NONE',  ( 20.93699480388920264, -8.672090673416651185, -21.24466388919140059 ) ) ;
#4925 = LINE ( 'NONE', #3523, #4128 ) ;
#4926 = CARTESIAN_POINT ( 'NONE',  ( -30.70060056415834993, 17.72500000000000142, 17.50000000000000000 ) ) ;
#4927 = EDGE_LOOP ( 'NONE', ( #1667, #1694, #2569, #2146 ) ) ;
#4928 = TOROIDAL_SURFACE ( 'NONE', #2099, 7.500000000000000000, 2.500000000000000000 ) ;
#4929 = AXIS2_PLACEMENT_3D ( 'NONE', #874, #1284, #5283 ) ;
#4930 = EDGE_CURVE ( 'NONE', #4707, #2776, #1314, .T. ) ;
#4931 = CARTESIAN_POINT ( 'NONE',  ( -20.85387155016460170, -8.639039351137650868, -10.01742247489113957 ) ) ;
#4932 = CARTESIAN_POINT ( 'NONE',  ( -8.637655642632740438, 20.85415846348255187, -23.25000000000000000 ) ) ;
#4933 = DIRECTION ( 'NONE',  ( 0.2057846053710280509, -0.9785973105380426640, -4.163336342344335449E-15 ) ) ;
#4934 = CARTESIAN_POINT ( 'NONE',  ( -33.31318758815234560, -4.520401831316919861, 0.000000000000000000 ) ) ;
#4935 = CARTESIAN_POINT ( 'NONE',  ( -8.349901216232829881, -21.50437440536504852, -12.03951178468991934 ) ) ;
#4936 = EDGE_CURVE ( 'NONE', #3470, #669, #293, .T. ) ;
#4937 = SPHERICAL_SURFACE ( 'NONE', #4168, 2.500000000000000000 ) ;
#4938 = VERTEX_POINT ( 'NONE', #5748 ) ;
#4939 = DIRECTION ( 'NONE',  ( 0.000000000000000000, 0.000000000000000000, 1.000000000000000000 ) ) ;
#4940 = CARTESIAN_POINT ( 'NONE',  ( 0.0007059855838527639982, 22.86051113080115016, -24.00000000000000000 ) ) ;
#4941 = CARTESIAN_POINT ( 'NONE',  ( 20.85362821027314695, 8.637519329625220621, -19.60827761439399808 ) ) ;
#4942 = APPROVAL_ROLE ( '' ) ;
#4943 = ORIENTED_EDGE ( 'NONE', *, *, #2031, .F. ) ;
#4944 = LINE ( 'NONE', #150, #1835 ) ;
#4945 = CARTESIAN_POINT ( 'NONE',  ( -17.85574706628315056, 17.85316181276945002, -14.24954139175619972 ) ) ;
#4946 = CARTESIAN_POINT ( 'NONE',  ( -20.85388273541019899, -8.639035810442058150, -8.250000000000000000 ) ) ;
#4947 = DIRECTION ( 'NONE',  ( 0.000000000000000000, 0.000000000000000000, 1.000000000000000000 ) ) ;
#4948 = CARTESIAN_POINT ( 'NONE',  ( 30.70060056415830019, -17.72500000000000142, 0.000000000000000000 ) ) ;
#4949 = DIRECTION ( 'NONE',  ( 1.000000000000000000, 0.000000000000000000, 0.000000000000000000 ) ) ;
#4950 = CARTESIAN_POINT ( 'NONE',  ( -16.18185374033314972, 16.18161752986254953, -27.99402064658085010 ) ) ;
#4951 = DIRECTION ( 'NONE',  ( 1.000000000000000000, 0.000000000000000000, 0.000000000000000000 ) ) ;
#4952 = CARTESIAN_POINT ( 'NONE',  ( 31.31510118997314507, 10.25021645926281977, 17.50000000000000000 ) ) ;
#4953 = CARTESIAN_POINT ( 'NONE',  ( 21.62711093226080195, 8.959041987964599940, -19.65349006216969840 ) ) ;
#4954 = AXIS2_PLACEMENT_3D ( 'NONE', #5570, #474, #10 ) ;
#4955 = VERTEX_POINT ( 'NONE', #351 ) ;
#4956 = CARTESIAN_POINT ( 'NONE',  ( -5.517235700372320473, -20.58912556529309867, -10.07673449593449888 ) ) ;
#4957 = ORIENTED_EDGE ( 'NONE', *, *, #4866, .T. ) ;
#4958 = AXIS2_PLACEMENT_3D ( 'NONE', #3995, #2165, #735 ) ;
#4959 = CARTESIAN_POINT ( 'NONE',  ( 22.00376982417965266, 2.880075243597584933, -31.77299471345099846 ) ) ;
#4960 = CARTESIAN_POINT ( 'NONE',  ( 21.99456492296565102, 24.53449844299754901, 17.50000000000000000 ) ) ;
#4961 = CARTESIAN_POINT ( 'NONE',  ( -11.78778238819060142, 18.74573534628794391, -22.92997807566993984 ) ) ;
#4962 = CARTESIAN_POINT ( 'NONE',  ( -8.305618534890098622E-14, -35.45000000000000284, 17.50000000000000000 ) ) ;
#4963 = CARTESIAN_POINT ( 'NONE',  ( -6.780602746975519679, -32.24478138222849566, 17.50000000000000000 ) ) ;
#4964 = DIRECTION ( 'NONE',  ( 1.000000000000000000, 0.000000000000000000, 0.000000000000000000 ) ) ;
#4965 = EDGE_LOOP ( 'NONE', ( #5407, #3182, #1638, #5197 ) ) ;
#4966 = ORIENTED_EDGE ( 'NONE', *, *, #4590, .T. ) ;
#4967 = DIRECTION ( 'NONE',  ( 0.5000000000000002220, -0.8660254037844385966, 0.000000000000000000 ) ) ;
#4968 = CARTESIAN_POINT ( 'NONE',  ( -16.16692407074260274, 16.16666204310095267, -22.50000000000000000 ) ) ;
#4969 = CARTESIAN_POINT ( 'NONE',  ( -20.85299900833240017, 8.637182921984090100, -27.16339838996579914 ) ) ;
#4970 = CALENDAR_DATE ( 2026, 22, 6 ) ;
#4971 = ORIENTED_EDGE ( 'NONE', *, *, #723, .F. ) ;
#4972 = ADVANCED_FACE ( 'NONE', ( #1241 ), #1686, .T. ) ;
#4973 = CARTESIAN_POINT ( 'NONE',  ( 22.27117467922063909, 0.000000000000000000, -29.95928119397628819 ) ) ;
#4974 = CARTESIAN_POINT ( 'NONE',  ( 24.81850834282450080, 0.001498034379583085968, -19.48658235219505030 ) ) ;
#4975 = CARTESIAN_POINT ( 'NONE',  ( 0.0001598143276696950186, -22.57299609503954940, -18.00000000000000000 ) ) ;
#4976 = DIRECTION ( 'NONE',  ( 0.3110839593099589684, 0.9503824336865869249, 0.000000000000000000 ) ) ;
#4977 = DIRECTION ( 'NONE',  ( 1.000000000000000000, 0.000000000000000000, 0.000000000000000000 ) ) ;
#4978 = CARTESIAN_POINT ( 'NONE',  ( 23.25554898720520214, 2.480218224574270547, -31.92437431910689938 ) ) ;
#4979 = CARTESIAN_POINT ( 'NONE',  ( 8.958526003502919721, -21.62766767686744984, -22.65349006216964867 ) ) ;
#4980 = CARTESIAN_POINT ( 'NONE',  ( -6.523404467014824348, -21.13165909496662564, -8.215220545659200013 ) ) ;
#4981 = CARTESIAN_POINT ( 'NONE',  ( -12.74181097284204078, -31.11026764803485278, 0.000000000000000000 ) ) ;
#4982 = CARTESIAN_POINT ( 'NONE',  ( 23.23666484728510184, 3.043152896152809816, -31.97515453695514509 ) ) ;
#4983 = CARTESIAN_POINT ( 'NONE',  ( -17.72500000000000142, -30.70060056415830019, 0.000000000000000000 ) ) ;
#4984 = CARTESIAN_POINT ( 'NONE',  ( -8.290386507734870847, -21.34391215504745176, -6.858619399485220036 ) ) ;
#4985 = VERTEX_POINT ( 'NONE', #318 ) ;
#4986 = EDGE_CURVE ( 'NONE', #4541, #961, #3398, .T. ) ;
#4987 = ADVANCED_FACE ( 'NONE', ( #3022 ), #2367, .T. ) ;
#4988 = CARTESIAN_POINT ( 'NONE',  ( -0.0007068218220826620905, 22.57144935654969942, -16.41855618722789600 ) ) ;
#4989 = CARTESIAN_POINT ( 'NONE',  ( 22.11499549128027198, 2.150614232952866356, -32.30674958968688770 ) ) ;
#4990 = CARTESIAN_POINT ( 'NONE',  ( 0.000000000000000000, 0.000000000000000000, -32.50000000000000000 ) ) ;
#4991 = DIRECTION ( 'NONE',  ( 0.7445978283155615385, -0.6675133512280856385, 0.000000000000000000 ) ) ;
#4992 = DIRECTION ( 'NONE',  ( 1.000000000000000000, 0.000000000000000000, 0.000000000000000000 ) ) ;
#4993 = DIRECTION ( 'NONE',  ( 0.000000000000000000, 0.000000000000000000, 1.000000000000000000 ) ) ;
#4994 = VERTEX_POINT ( 'NONE', #1682 ) ;
#4995 = ORIENTED_EDGE ( 'NONE', *, *, #1169, .T. ) ;
#4996 = FACE_OUTER_BOUND ( 'NONE', #4666, .T. ) ;
#4997 = ORIENTED_EDGE ( 'NONE', *, *, #430, .F. ) ;
#4998 = CARTESIAN_POINT ( 'NONE',  ( -21.12071901383540151, -8.749243875391748304, -8.250000000000000000 ) ) ;
#4999 = CARTESIAN_POINT ( 'NONE',  ( 0.0001244337021338319982, -22.57202519477460001, -23.35827761439400163 ) ) ;
#5000 = COORDINATED_UNIVERSAL_TIME_OFFSET ( 8, 0, .BEHIND. ) ;
#5001 = EDGE_LOOP ( 'NONE', ( #2747, #2175, #3061, #2893 ) ) ;
#5002 = LOCAL_TIME ( 21, 1, 52.00000000000000000, #5236 ) ;
#5003 = AXIS2_PLACEMENT_3D ( 'NONE', #3522, #1212, #5809 ) ;
#5004 = CARTESIAN_POINT ( 'NONE',  ( -17.85360302409410238, -17.85501239010875096, -23.24954139175624590 ) ) ;
#5005 = DIRECTION ( 'NONE',  ( -1.000000000000000000, 0.000000000000000000, 0.000000000000000000 ) ) ;
#5006 = FACE_OUTER_BOUND ( 'NONE', #1566, .T. ) ;
#5007 = CARTESIAN_POINT ( 'NONE',  ( 23.81976506360070189, 2.478971386895290063, -31.49674228793594821 ) ) ;
#5008 = VECTOR ( 'NONE', #1404, 1000.000000000000000 ) ;
#5009 = CIRCLE ( 'NONE', #3590, 2.500000000000002220 ) ;
#5010 = CARTESIAN_POINT ( 'NONE',  ( -23.40858532723644814, 2.537001957095620007E-05, -26.40349006216960248 ) ) ;
#5011 = DIRECTION ( 'NONE',  ( 0.000000000000000000, 0.000000000000000000, 1.000000000000000000 ) ) ;
#5012 = DIRECTION ( 'NONE',  ( 0.000000000000000000, 0.000000000000000000, -1.000000000000000000 ) ) ;
#5013 = CARTESIAN_POINT ( 'NONE',  ( -16.55236052368844923, 16.55191232884299879, -15.90349006216965044 ) ) ;
#5014 = DIRECTION ( 'NONE',  ( 1.000000000000000000, 0.000000000000000000, 0.000000000000000000 ) ) ;
#5015 = CARTESIAN_POINT ( 'NONE',  ( -5.698369420768230498, -21.26613357435565277, -9.660594429977599873 ) ) ;
#5016 = EDGE_LOOP ( 'NONE', ( #4076, #1267, #2152, #1349, #5159, #4859, #4363, #1740, #5263, #5847, #558, #4844, #3253, #3527, #4854, #743, #2631, #429, #395, #4106, #2784, #2138, #5520, #3844, #3985, #8, #5104, #3190, #4435 ) ) ;
#5017 = EDGE_CURVE ( 'NONE', #3917, #3720, #4793, .T. ) ;
#5018 = CARTESIAN_POINT ( 'NONE',  ( -15.96246328939739811, 15.96231871935939850, -27.85827761439394834 ) ) ;
#5019 = CYLINDRICAL_SURFACE ( 'NONE', #5391, 5.000000000000000000 ) ;
#5020 = CARTESIAN_POINT ( 'NONE',  ( 20.68290867437249503, 7.910227308489468534, -26.30407478366371166 ) ) ;
#5021 = DIRECTION ( 'NONE',  ( 0.9040803662633951632, 0.4273624823695282293, 0.000000000000000000 ) ) ;
#5022 = CARTESIAN_POINT ( 'NONE',  ( -8.805526018248249542, -23.15485490662055312, -9.604049191761461657 ) ) ;
#5023 = DIRECTION ( 'NONE',  ( 1.000000000000000000, 0.000000000000000000, 0.000000000000000000 ) ) ;
#5024 = ORIENTED_EDGE ( 'NONE', *, *, #1043, .F. ) ;
#5025 = AXIS2_PLACEMENT_3D ( 'NONE', #1853, #2393, #1025 ) ;
#5026 = EDGE_LOOP ( 'NONE', ( #1979, #4680, #5178, #4524 ) ) ;
#5027 = CYLINDRICAL_SURFACE ( 'NONE', #3012, 22.10000000000000142 ) ;
#5028 = CARTESIAN_POINT ( 'NONE',  ( 23.46284244983525014, 3.522565406963855427E-05, -15.08841932938489983 ) ) ;
#5029 = CARTESIAN_POINT ( 'NONE',  ( -15.96246328939739811, 15.96231871935939850, -27.85827761439394834 ) ) ;
#5030 = EDGE_CURVE ( 'NONE', #4176, #2610, #3211, .T. ) ;
#5031 = ORIENTED_EDGE ( 'NONE', *, *, #1218, .T. ) ;
#5032 = VERTEX_POINT ( 'NONE', #1630 ) ;
#5033 = CARTESIAN_POINT ( 'NONE',  ( -17.85525269881685162, -17.85336162404560056, -11.24954139175615886 ) ) ;
#5034 = CARTESIAN_POINT ( 'NONE',  ( -8.637040815868299859, 20.85338680428069935, -11.25000000000000000 ) ) ;
#5035 = CARTESIAN_POINT ( 'NONE',  ( 32.24478138222854540, 6.780602746975329609, 17.50000000000000000 ) ) ;
#5036 = CARTESIAN_POINT ( 'NONE',  ( -14.60427118783417555, -16.64984854061123087, -19.37689829507465333 ) ) ;
#5037 = CARTESIAN_POINT ( 'NONE',  ( 23.36636223307590043, 2.480339133098469873, -31.85431836323064658 ) ) ;
#5038 = ADVANCED_FACE ( 'NONE', ( #5242 ), #1305, .F. ) ;
#5039 = CARTESIAN_POINT ( 'NONE',  ( 22.30260985614560099, 2.919602236076165092, -32.24402064658080036 ) ) ;
#5040 = DIRECTION ( 'NONE',  ( 0.4999999999999995559, 0.8660254037844389297, 0.000000000000000000 ) ) ;
#5041 = DIRECTION ( 'NONE',  ( 1.000000000000000000, 0.000000000000000000, 0.000000000000000000 ) ) ;
#5042 = CARTESIAN_POINT ( 'NONE',  ( 22.02543149166169911, 9.124616757884938423, -19.47515453695520193 ) ) ;
#5043 = DIRECTION ( 'NONE',  ( 1.000000000000000000, 0.000000000000000000, 0.000000000000000000 ) ) ;
#5044 = CARTESIAN_POINT ( 'NONE',  ( -5.687411596727850238, -21.22517745298289782, -9.649860658846220574 ) ) ;
#5045 = ORIENTED_EDGE ( 'NONE', *, *, #889, .F. ) ;
#5046 = EDGE_LOOP ( 'NONE', ( #4170, #4254, #4462 ) ) ;
#5047 = CARTESIAN_POINT ( 'NONE',  ( 8.638225845406729775, 20.85589422928320147, -29.77299471345099846 ) ) ;
#5048 = DIRECTION ( 'NONE',  ( 1.000000000000000000, 0.000000000000000000, 0.000000000000000000 ) ) ;
#5049 = AXIS2_PLACEMENT_3D ( 'NONE', #444, #2838, #5085 ) ;
#5050 = CARTESIAN_POINT ( 'NONE',  ( 18.05024433018198238, 12.82743493162755577, -25.82206096823604469 ) ) ;
#5051 = LINE ( 'NONE', #462, #711 ) ;
#5052 = DIRECTION ( 'NONE',  ( 0.000000000000000000, -1.000000000000000000, 0.000000000000000000 ) ) ;
#5053 = ORIENTED_EDGE ( 'NONE', *, *, #3371, .F. ) ;
#5054 = ORIENTED_EDGE ( 'NONE', *, *, #1908, .T. ) ;
#5055 = CARTESIAN_POINT ( 'NONE',  ( 0.000000000000000000, 0.000000000000000000, 20.00000000000000000 ) ) ;
#5056 = VERTEX_POINT ( 'NONE', #3551 ) ;
#5057 = CC_DESIGN_PERSON_AND_ORGANIZATION_ASSIGNMENT ( #5262, #2568, ( #3209 ) ) ;
#5058 = CARTESIAN_POINT ( 'NONE',  ( 21.67603491962914575, -8.978618413410320187, -15.83841932938490160 ) ) ;
#5059 = ADVANCED_FACE ( 'NONE', ( #2602 ), #5380, .T. ) ;
#5060 = CARTESIAN_POINT ( 'NONE',  ( -5.694702453066410541, -21.25242786291950026, -11.95525588809365836 ) ) ;
#5061 = ORIENTED_EDGE ( 'NONE', *, *, #3619, .F. ) ;
#5062 = EDGE_CURVE ( 'NONE', #5056, #4955, #1419, .T. ) ;
#5063 = VERTEX_POINT ( 'NONE', #3435 ) ;
#5064 = CARTESIAN_POINT ( 'NONE',  ( 17.54973027974605060, -17.55111708829614869, -20.98658235219505030 ) ) ;
#5065 = CARTESIAN_POINT ( 'NONE',  ( 8.637070298960509263, 20.85306095267924675, -27.99027453730045067 ) ) ;
#5066 = CARTESIAN_POINT ( 'NONE',  ( 9.841615127385143325, 19.83735220025561574, -30.37527336695723079 ) ) ;
#5067 = CARTESIAN_POINT ( 'NONE',  ( 21.91922990315914888, 2.491353549822794999, -26.78421502492835060 ) ) ;
#5068 = EDGE_LOOP ( 'NONE', ( #4452, #4868 ) ) ;
#5069 = CARTESIAN_POINT ( 'NONE',  ( -10.95987646439434116, -21.10439082851479853, -11.97909572278083878 ) ) ;
#5070 = DIRECTION ( 'NONE',  ( 0.000000000000000000, 0.000000000000000000, 1.000000000000000000 ) ) ;
#5071 = DIRECTION ( 'NONE',  ( -0.3110839593099531397, 0.9503824336865888123, 0.000000000000000000 ) ) ;
#5072 = CARTESIAN_POINT ( 'NONE',  ( 0.0001503716899886200055, -23.84169921503044876, -23.22515453695520193 ) ) ;
#5073 = CARTESIAN_POINT ( 'NONE',  ( -8.635859369919439033, -21.84280627630214866, -11.78154690438124064 ) ) ;
#5074 = CARTESIAN_POINT ( 'NONE',  ( -5.685461150670190200, -21.21788743763184826, -9.654752446165909774 ) ) ;
#5075 = ORIENTED_EDGE ( 'NONE', *, *, #214, .F. ) ;
#5076 = CARTESIAN_POINT ( 'NONE',  ( -20.85314452071384750, -8.638755654620108970, -13.60827761439383998 ) ) ;
#5077 = DIRECTION ( 'NONE',  ( 0.000000000000000000, 0.000000000000000000, -1.000000000000000000 ) ) ;
#5078 = CARTESIAN_POINT ( 'NONE',  ( 12.03115818642701385, 18.59047175295924603, -25.09904024509450693 ) ) ;
#5079 = CARTESIAN_POINT ( 'NONE',  ( -8.527334311995991456, -22.07029647379845017, -11.67647170532706014 ) ) ;
#5080 = DIRECTION ( 'NONE',  ( 0.000000000000000000, 0.000000000000000000, 1.000000000000000000 ) ) ;
#5081 = VERTEX_POINT ( 'NONE', #3077 ) ;
#5082 = ORIENTED_EDGE ( 'NONE', *, *, #958, .F. ) ;
#5083 = FACE_OUTER_BOUND ( 'NONE', #592, .T. ) ;
#5084 = VERTEX_POINT ( 'NONE', #2109 ) ;
#5085 = DIRECTION ( 'NONE',  ( 1.522786621423799918E-15, 0.000000000000000000, 1.000000000000000000 ) ) ;
#5086 = CIRCLE ( 'NONE', #1497, 2.500000000000002220 ) ;
#5087 = CARTESIAN_POINT ( 'NONE',  ( 0.000000000000000000, 0.000000000000000000, 20.00000000000000000 ) ) ;
#5088 = CARTESIAN_POINT ( 'NONE',  ( -20.84978430451780085, 8.636709657009507879, -15.25258339428614818 ) ) ;
#5089 = AXIS2_PLACEMENT_3D ( 'NONE', #241, #3807, #3302 ) ;
#5090 = EDGE_CURVE ( 'NONE', #2864, #2612, #2170, .T. ) ;
#5091 = CARTESIAN_POINT ( 'NONE',  ( 17.99265764792225042, 17.99192606554660046, -16.35399774898194991 ) ) ;
#5092 = CARTESIAN_POINT ( 'NONE',  ( 0.0009612259556883370748, 22.57211211290520225, -25.76742247489114845 ) ) ;
#5093 = CARTESIAN_POINT ( 'NONE',  ( 22.00564688626515064, 0.002387619618779140019, -32.50000001668475136 ) ) ;
#5094 = CARTESIAN_POINT ( 'NONE',  ( 22.04993102756479928, 0.000000000000000000, -29.33125701607984936 ) ) ;
#5095 = TOROIDAL_SURFACE ( 'NONE', #736, 32.95000000000000284, 2.500000000000000000 ) ;
#5096 = CARTESIAN_POINT ( 'NONE',  ( 23.48925401660175183, 3.076563991928829900, -31.81242905611410166 ) ) ;
#5097 = DIRECTION ( 'NONE',  ( 0.000000000000000000, 0.000000000000000000, 1.000000000000000000 ) ) ;
#5098 = DIRECTION ( 'NONE',  ( 0.08193341677530105449, -0.9966378054316045176, 1.388798071364451567E-14 ) ) ;
#5099 = CIRCLE ( 'NONE', #5, 5.000000000000000888 ) ;
#5100 = CARTESIAN_POINT ( 'NONE',  ( -23.66334830103579989, -26.39599301378649798, 17.50000000000000000 ) ) ;
#5101 = CIRCLE ( 'NONE', #740, 2.499999999999998668 ) ;
#5102 = EDGE_CURVE ( 'NONE', #1883, #360, #5489, .T. ) ;
#5103 = CARTESIAN_POINT ( 'NONE',  ( -8.419414513978280112, -21.83787144717035034, -7.085334650854649752 ) ) ;
#5104 = ORIENTED_EDGE ( 'NONE', *, *, #5647, .T. ) ;
#5105 = AXIS2_PLACEMENT_3D ( 'NONE', #259, #1628, #5154 ) ;
#5106 = CARTESIAN_POINT ( 'NONE',  ( 20.85749617144205104, 8.639127084537800982, -19.70525588809369921 ) ) ;
#5107 = DIRECTION ( 'NONE',  ( 0.2057846053710280509, 0.9785973105380426640, 0.000000000000000000 ) ) ;
#5108 = DIRECTION ( 'NONE',  ( 0.000000000000000000, 0.000000000000000000, -1.000000000000000000 ) ) ;
#5109 = CARTESIAN_POINT ( 'NONE',  ( 26.39599301378649798, -23.66334830103584963, 17.50000000000000000 ) ) ;
#5110 = FACE_OUTER_BOUND ( 'NONE', #644, .T. ) ;
#5111 = ORIENTED_EDGE ( 'NONE', *, *, #764, .F. ) ;
#5112 = CIRCLE ( 'NONE', #577, 35.45000000000000284 ) ;
#5113 = ADVANCED_FACE ( 'NONE', ( #418 ), #734, .T. ) ;
#5114 = ORIENTED_EDGE ( 'NONE', *, *, #3932, .F. ) ;
#5115 = CARTESIAN_POINT ( 'NONE',  ( 8.639130808949360585, -20.85422930574794975, -19.01742247489119819 ) ) ;
#5116 = ORIENTED_EDGE ( 'NONE', *, *, #235, .F. ) ;
#5117 = FACE_OUTER_BOUND ( 'NONE', #4191, .T. ) ;
#5118 = ADVANCED_FACE ( 'NONE', ( #2547 ), #4145, .T. ) ;
#5119 = DIRECTION ( 'NONE',  ( 0.000000000000000000, 0.000000000000000000, -1.000000000000000000 ) ) ;
#5120 = CARTESIAN_POINT ( 'NONE',  ( 0.001003078525451119810, 22.57565427205755171, -29.45525588809364947 ) ) ;
#5121 = AXIS2_PLACEMENT_3D ( 'NONE', #1228, #3006, #2184 ) ;
#5122 = AXIS2_PLACEMENT_3D ( 'NONE', #2953, #5597, #1536 ) ;
#5123 = CARTESIAN_POINT ( 'NONE',  ( -24.93739478611460214, 0.001655739995207094941, -22.17001597436710014 ) ) ;
#5124 = CARTESIAN_POINT ( 'NONE',  ( -20.85387900699499752, -8.639036990673918837, -8.839140824963731546 ) ) ;
#5125 = CARTESIAN_POINT ( 'NONE',  ( -21.96602786872182378, 2.805628325901115883, -26.73834142721111107 ) ) ;
#5126 = CARTESIAN_POINT ( 'NONE',  ( -16.85717403508824930, -16.85606017424394665, -12.72515453695521970 ) ) ;
#5127 = CARTESIAN_POINT ( 'NONE',  ( 23.48833217909759696, 0.000000000000000000, -32.06242905611415495 ) ) ;
#5128 = CC_DESIGN_PERSON_AND_ORGANIZATION_ASSIGNMENT ( #3015, #5351, ( #4900 ) ) ;
#5129 = FACE_OUTER_BOUND ( 'NONE', #5001, .T. ) ;
#5130 = CARTESIAN_POINT ( 'NONE',  ( -19.17907833843274190, 11.07542989871539518, -15.49588417773100879 ) ) ;
#5131 = CARTESIAN_POINT ( 'NONE',  ( 30.70060056415844940, 17.72500000000000142, 20.00000000000000000 ) ) ;
#5132 = DIRECTION ( 'NONE',  ( 1.000000000000000000, 0.000000000000000000, 0.000000000000000000 ) ) ;
#5133 = CARTESIAN_POINT ( 'NONE',  ( 22.57204419975675336, -0.001017565939838141996, -20.41339838996564993 ) ) ;
#5134 = CARTESIAN_POINT ( 'NONE',  ( -21.95754145786460398, -2.892847469061278431, -26.24587717565679412 ) ) ;
#5135 = DIRECTION ( 'NONE',  ( -0.2057846053710304934, -0.9785973105380421089, 0.000000000000000000 ) ) ;
#5136 = DIRECTION ( 'NONE',  ( -1.000000000000000000, 0.000000000000000000, 0.000000000000000000 ) ) ;
#5137 = CYLINDRICAL_SURFACE ( 'NONE', #249, 22.10000000000000142 ) ;
#5138 = ORIENTED_EDGE ( 'NONE', *, *, #3315, .T. ) ;
#5139 = VERTEX_POINT ( 'NONE', #4025 ) ;
#5140 = CARTESIAN_POINT ( 'NONE',  ( 0.0009612259556883370748, 22.57211211290520225, -25.76742247489114845 ) ) ;
#5141 = ORIENTED_EDGE ( 'NONE', *, *, #2264, .F. ) ;
#5142 = CARTESIAN_POINT ( 'NONE',  ( -22.10000000000000142, 2.706469426115649772E-15, -32.50000000000000000 ) ) ;
#5143 = FACE_OUTER_BOUND ( 'NONE', #3090, .T. ) ;
#5144 = CARTESIAN_POINT ( 'NONE',  ( -15.96542583301024898, 15.96528058153775120, -27.95525588809359618 ) ) ;
#5145 = CIRCLE ( 'NONE', #781, 2.499999999999999112 ) ;
#5146 = CIRCLE ( 'NONE', #5535, 20.00000000000000000 ) ;
#5147 = CARTESIAN_POINT ( 'NONE',  ( -7.424447155930219644, -23.55532948543180183, -8.522573171034020234 ) ) ;
#5148 = CARTESIAN_POINT ( 'NONE',  ( 22.00000000000000000, 0.000000000000000000, -28.76742247489114845 ) ) ;
#5149 = DIRECTION ( 'NONE',  ( -0.9040803662633939419, -0.4273624823695310049, 0.000000000000000000 ) ) ;
#5150 = VERTEX_POINT ( 'NONE', #2787 ) ;
#5151 = EDGE_CURVE ( 'NONE', #2541, #3338, #944, .T. ) ;
#5152 = ADVANCED_FACE ( 'NONE', ( #504 ), #2229, .T. ) ;
#5153 = CARTESIAN_POINT ( 'NONE',  ( -22.26625945080239788, 9.221310490644579971, -14.81242905611419935 ) ) ;
#5154 = DIRECTION ( 'NONE',  ( 1.000000000000000000, 1.387778780781446464E-15, 0.000000000000000000 ) ) ;
#5155 = CARTESIAN_POINT ( 'NONE',  ( -10.25021645926296010, 31.31510118997309888, 17.50000000000000000 ) ) ;
#5156 = FACE_OUTER_BOUND ( 'NONE', #2964, .T. ) ;
#5157 = CARTESIAN_POINT ( 'NONE',  ( -0.0002362082391505889931, 24.09843480153674733, -29.06242905611415139 ) ) ;
#5158 = ADVANCED_FACE ( 'NONE', ( #3586 ), #4115, .T. ) ;
#5159 = ORIENTED_EDGE ( 'NONE', *, *, #3008, .T. ) ;
#5160 = CARTESIAN_POINT ( 'NONE',  ( 22.00016240161279768, 2.879596955985410212, -32.16339838996564993 ) ) ;
#5161 = CARTESIAN_POINT ( 'NONE',  ( 14.60427118783423062, -16.64984854061118824, -22.12084215873144544 ) ) ;
#5162 = CARTESIAN_POINT ( 'NONE',  ( 23.16844455529266256, 2.500698755905769843, -27.11860700397408053 ) ) ;
#5163 = DIRECTION ( 'NONE',  ( 0.000000000000000000, 0.000000000000000000, 1.000000000000000000 ) ) ;
#5164 = VERTEX_POINT ( 'NONE', #1339 ) ;
#5165 = EDGE_CURVE ( 'NONE', #3572, #4639, #7, .T. ) ;
#5166 = ORIENTED_EDGE ( 'NONE', *, *, #4542, .F. ) ;
#5167 = CIRCLE ( 'NONE', #2609, 2.499999999999998668 ) ;
#5168 = CARTESIAN_POINT ( 'NONE',  ( -22.57170787157350134, -0.0008042261018340739502, -21.58914082496369957 ) ) ;
#5169 = DIRECTION ( 'NONE',  ( -1.000000000000000000, 1.224646799147351975E-16, 0.000000000000000000 ) ) ;
#5170 = CARTESIAN_POINT ( 'NONE',  ( -6.620836777819730123, -20.99990124057015350, -6.583333333333379223 ) ) ;
#5171 = CIRCLE ( 'NONE', #2340, 2.500000000000000444 ) ;
#5172 = CARTESIAN_POINT ( 'NONE',  ( 20.85749617144205104, 8.639127084537800982, -19.70525588809369921 ) ) ;
#5173 = AXIS2_PLACEMENT_3D ( 'NONE', #2909, #3376, #5612 ) ;
#5174 = CARTESIAN_POINT ( 'NONE',  ( 9.687480295547238995, -23.39304386125309776, -19.18923983770075026 ) ) ;
#5175 = CARTESIAN_POINT ( 'NONE',  ( -22.57170716465930127, -0.0008146149540763410061, -22.76742247489110227 ) ) ;
#5176 = CARTESIAN_POINT ( 'NONE',  ( -8.458748077218238848, -21.91130410102045190, -11.76597901215455977 ) ) ;
#5177 = CIRCLE ( 'NONE', #4044, 2.500000000000000444 ) ;
#5178 = ORIENTED_EDGE ( 'NONE', *, *, #5225, .T. ) ;
#5179 = ADVANCED_FACE ( 'NONE', ( #2344 ), #3232, .F. ) ;
#5180 = CARTESIAN_POINT ( 'NONE',  ( -9.220960529172399944, -22.26576429903154875, -23.81242905611415139 ) ) ;
#5181 = CARTESIAN_POINT ( 'NONE',  ( -4.520401831317040653, -33.31318758815234560, 0.000000000000000000 ) ) ;
#5182 = CARTESIAN_POINT ( 'NONE',  ( 22.08775486563784085, 0.7356045135928476197, -28.67228451548598400 ) ) ;
#5183 = CARTESIAN_POINT ( 'NONE',  ( 22.26355389468239920, -9.222186483684019720, -20.81242905611420113 ) ) ;
#5184 = CARTESIAN_POINT ( 'NONE',  ( 0.0006998802877417370678, 24.09876493465755232, -17.06242905611420113 ) ) ;
#5185 = CARTESIAN_POINT ( 'NONE',  ( -15.95978099168639908, 15.96031359448680043, -15.85827761439395012 ) ) ;
#5186 = CARTESIAN_POINT ( 'NONE',  ( 21.39316793595819632, -5.730144764051556372, -20.99583260866088708 ) ) ;
#5187 = CIRCLE ( 'NONE', #831, 2.500000000000001776 ) ;
#5188 = CIRCLE ( 'NONE', #5379, 35.45000000000000284 ) ;
#5189 = DIRECTION ( 'NONE',  ( 1.000000000000000000, 0.000000000000000000, 0.000000000000000000 ) ) ;
#5190 = AXIS2_PLACEMENT_3D ( 'NONE', #3461, #3434, #2163 ) ;
#5191 = ADVANCED_FACE ( 'NONE', ( #890 ), #4502, .T. ) ;
#5192 = DIRECTION ( 'NONE',  ( 1.000000000000000000, 0.000000000000000000, 0.000000000000000000 ) ) ;
#5193 = CARTESIAN_POINT ( 'NONE',  ( -5.739358405607379865, -21.41933459600309320, -9.635308484539446994 ) ) ;
#5194 = ORIENTED_EDGE ( 'NONE', *, *, #3570, .T. ) ;
#5195 = AXIS2_PLACEMENT_3D ( 'NONE', #5527, #452, #4535 ) ;
#5196 = CIRCLE ( 'NONE', #4160, 2.500000000000000000 ) ;
#5197 = ORIENTED_EDGE ( 'NONE', *, *, #2061, .T. ) ;
#5198 = CARTESIAN_POINT ( 'NONE',  ( -15.96294186220669964, 15.96276921944720151, -23.08914082496370312 ) ) ;
#5199 = DIRECTION ( 'NONE',  ( 0.000000000000000000, 0.000000000000000000, -1.000000000000000000 ) ) ;
#5200 = CARTESIAN_POINT ( 'NONE',  ( -20.00000000000000000, 2.449293598294704935E-15, -32.50000000000000000 ) ) ;
#5201 = CARTESIAN_POINT ( 'NONE',  ( -22.66268451709314746, -0.0007526755331250799567, -26.49466388919129756 ) ) ;
#5202 = AXIS2_PLACEMENT_3D ( 'NONE', #5512, #5478, #5446 ) ;
#5203 = CARTESIAN_POINT ( 'NONE',  ( 0.0001976996143333900049, -25.44679729440409943, -20.85399774898195346 ) ) ;
#5204 = EDGE_CURVE ( 'NONE', #5084, #5692, #471, .T. ) ;
#5205 = CARTESIAN_POINT ( 'NONE',  ( 8.638522813695338698, 20.85612150975225276, -17.77299471345104820 ) ) ;
#5206 = CARTESIAN_POINT ( 'NONE',  ( -10.22499999999999964, 30.70060056415834993, 20.00000000000000000 ) ) ;
#5207 = DIRECTION ( 'NONE',  ( 0.000000000000000000, 0.000000000000000000, 1.000000000000000000 ) ) ;
#5208 = ORIENTED_EDGE ( 'NONE', *, *, #4654, .T. ) ;
#5209 = B_SPLINE_CURVE_WITH_KNOTS ( 'NONE', 3,
 ( #3287, #5093, #1906, #1934, #2847, #599, #5631, #2461, #100, #1565, #1121, #2406, #2431, #4734, #1458, #4210, #681, #627, #180, #155, #1516, #2904 ),
 .UNSPECIFIED., .F., .F.,
 ( 4, 3, 3, 3, 3, 3, 3, 4 ),
 ( 0.000000000000000000, 7.509399380792209928E-06, 9.990279684335930175E-06, 1.147711257844226076E-05, 1.296448840484541935E-05, 1.513055715756770090E-05, 2.320590955675795003E-05, 2.870417430436069748E-05 ),
 .UNSPECIFIED. ) ;
#5210 = VERTEX_POINT ( 'NONE', #4055 ) ;
#5211 = AXIS2_PLACEMENT_3D ( 'NONE', #5763, #4780, #1618 ) ;
#5212 = VECTOR ( 'NONE', #4833, 1000.000000000000000 ) ;
#5213 = DIRECTION ( 'NONE',  ( -4.163336342344339393E-15, 0.000000000000000000, 1.000000000000000000 ) ) ;
#5214 = CARTESIAN_POINT ( 'NONE',  ( 12.74181097284212072, 31.11026764803479949, 0.000000000000000000 ) ) ;
#5215 = CARTESIAN_POINT ( 'NONE',  ( 17.04207090362369925, 17.04192590036090138, -18.56242905611419758 ) ) ;
#5216 = CARTESIAN_POINT ( 'NONE',  ( -21.95754145786462530, -2.892847469061170074, -20.75191904182311120 ) ) ;
#5217 = EDGE_CURVE ( 'NONE', #1475, #3949, #2835, .T. ) ;
#5218 = CARTESIAN_POINT ( 'NONE',  ( 22.08865008651820006, 0.000000000000000000, -32.49466388919139348 ) ) ;
#5219 = CARTESIAN_POINT ( 'NONE',  ( 5.730144764051718020, -21.39316793595815014, -22.99584958656409484 ) ) ;
#5220 = SPHERICAL_SURFACE ( 'NONE', #1588, 2.500000000000000000 ) ;
#5221 = DIRECTION ( 'NONE',  ( 1.000000000000000000, 0.000000000000000000, 0.000000000000000000 ) ) ;
#5222 = CARTESIAN_POINT ( 'NONE',  ( -35.45000000000000284, 4.152809267445049311E-14, 20.00000000000000000 ) ) ;
#5223 = ORIENTED_EDGE ( 'NONE', *, *, #204, .T. ) ;
#5224 = EDGE_LOOP ( 'NONE', ( #4995, #2312, #1678, #4482 ) ) ;
#5225 = EDGE_CURVE ( 'NONE', #4693, #5440, #1692, .T. ) ;
#5226 = CARTESIAN_POINT ( 'NONE',  ( 0.0009469663927753679345, 22.57207504543210064, -24.58914082496374931 ) ) ;
#5227 = CARTESIAN_POINT ( 'NONE',  ( 0.000000000000000000, 0.000000000000000000, 0.000000000000000000 ) ) ;
#5228 = CARTESIAN_POINT ( 'NONE',  ( 20.00000000000000000, 2.449293598294704935E-15, 0.000000000000000000 ) ) ;
#5229 = CARTESIAN_POINT ( 'NONE',  ( -16.17940834483975010, -16.17928331067320258, -24.99402064658080036 ) ) ;
#5230 = EDGE_CURVE ( 'NONE', #3485, #5150, #5009, .T. ) ;
#5231 = CARTESIAN_POINT ( 'NONE',  ( 16.59125159141684946, 16.59091712767360249, -25.58841932938485186 ) ) ;
#5232 = AXIS2_PLACEMENT_3D ( 'NONE', #5297, #4320, #707 ) ;
#5233 = CARTESIAN_POINT ( 'NONE',  ( 0.0009981559218801838718, 22.57525999093264701, -29.02299471345099846 ) ) ;
#5234 = AXIS2_PLACEMENT_3D ( 'NONE', #4155, #109, #4480 ) ;
#5235 = LINE ( 'NONE', #1798, #5463 ) ;
#5236 = COORDINATED_UNIVERSAL_TIME_OFFSET ( 8, 0, .BEHIND. ) ;
#5237 = ADVANCED_FACE ( 'NONE', ( #3648 ), #5460, .T. ) ;
#5238 = ORIENTED_EDGE ( 'NONE', *, *, #51, .T. ) ;
#5239 = CARTESIAN_POINT ( 'NONE',  ( 0.000000000000000000, 0.000000000000000000, 17.50000000000000000 ) ) ;
#5240 = LINE ( 'NONE', #5181, #3115 ) ;
#5241 = CARTESIAN_POINT ( 'NONE',  ( -1.446441617580247030, 22.10000000000063380, -11.87684557528970863 ) ) ;
#5242 = FACE_OUTER_BOUND ( 'NONE', #4927, .T. ) ;
#5243 = CARTESIAN_POINT ( 'NONE',  ( -8.494956546067255587, -22.12445300701677908, -7.288913958574988250 ) ) ;
#5244 = DESIGN_CONTEXT ( 'detailed design', #1574, 'design' ) ;
#5245 = CARTESIAN_POINT ( 'NONE',  ( -8.671831096010290452, 20.93751984031894864, -16.74466388919140059 ) ) ;
#5246 = CARTESIAN_POINT ( 'NONE',  ( 17.57187852535241390, -13.48077440072920474, -21.74583897537457844 ) ) ;
#5247 = CARTESIAN_POINT ( 'NONE',  ( 0.000000000000000000, 0.000000000000000000, 0.000000000000000000 ) ) ;
#5248 = VERTEX_POINT ( 'NONE', #3010 ) ;
#5249 = CARTESIAN_POINT ( 'NONE',  ( -5.772890003246719637, -21.54466277956205289, -9.073564233995259798 ) ) ;
#5250 = ORIENTED_EDGE ( 'NONE', *, *, #705, .F. ) ;
#5251 = EDGE_LOOP ( 'NONE', ( #298, #5421, #1442 ) ) ;
#5252 = CARTESIAN_POINT ( 'NONE',  ( -20.85322189477634680, -8.637047516484569698, -23.49027453730050041 ) ) ;
#5253 = AXIS2_PLACEMENT_3D ( 'NONE', #5619, #4720, #3333 ) ;
#5254 = CARTESIAN_POINT ( 'NONE',  ( -4.520401831317040653, -33.31318758815234560, 0.000000000000000000 ) ) ;
#5255 = CARTESIAN_POINT ( 'NONE',  ( -33.31318758815234560, 4.520401831317000685, 0.000000000000000000 ) ) ;
#5256 = CARTESIAN_POINT ( 'NONE',  ( -8.262983692472849029, -21.13950472406139980, -6.774037784213509106 ) ) ;
#5257 = CARTESIAN_POINT ( 'NONE',  ( 8.756167250026599902, 21.13957036104124754, -18.24402064658085010 ) ) ;
#5258 = DIRECTION ( 'NONE',  ( 0.000000000000000000, 0.000000000000000000, 1.000000000000000000 ) ) ;
#5259 = CARTESIAN_POINT ( 'NONE',  ( 23.68768237679475064, 0.000000000000000000, -27.51496339966609739 ) ) ;
#5260 = CIRCLE ( 'NONE', #2719, 2.500000000000000000 ) ;
#5261 = CARTESIAN_POINT ( 'NONE',  ( -15.96298991939385026, 15.96283963569379871, -26.91855618722784982 ) ) ;
#5262 = PERSON_AND_ORGANIZATION ( #1259, #3397 ) ;
#5263 = ORIENTED_EDGE ( 'NONE', *, *, #1352, .T. ) ;
#5264 = CARTESIAN_POINT ( 'NONE',  ( 26.39599301378649798, -23.66334830103584963, 0.000000000000000000 ) ) ;
#5265 = CARTESIAN_POINT ( 'NONE',  ( 22.93184085634014835, 9.495340032088021687, -30.73658235219509649 ) ) ;
#5266 = CARTESIAN_POINT ( 'NONE',  ( -9.793641660721464248, 19.86420842556976041, -11.12684876551288404 ) ) ;
#5267 = AXIS2_PLACEMENT_3D ( 'NONE', #107, #3237, #5041 ) ;
#5268 = DIRECTION ( 'NONE',  ( 0.000000000000000000, 0.000000000000000000, 1.000000000000000000 ) ) ;
#5269 = CARTESIAN_POINT ( 'NONE',  ( -8.659801479427459370, -22.74139468480891324, -7.972141264773313196 ) ) ;
#5270 = CARTESIAN_POINT ( 'NONE',  ( 22.08778487226445009, 0.000000000000000000, -30.07627591204630235 ) ) ;
#5271 = CARTESIAN_POINT ( 'NONE',  ( 22.08945603760314924, 2.891407823653024955, -32.24466388919139348 ) ) ;
#5272 = DIRECTION ( 'NONE',  ( 0.000000000000000000, 0.000000000000000000, 1.000000000000000000 ) ) ;
#5273 = B_SPLINE_CURVE_WITH_KNOTS ( 'NONE', 3,
 ( #611, #4598, #4219, #1382, #3184, #549, #1052, #4989, #4162, #5473 ),
 .UNSPECIFIED., .F., .F.,
 ( 4, 2, 2, 2, 4 ),
 ( 0.000000000000000000, 0.5000000000000051070, 0.7500000000000024425, 0.8750000000000012212, 1.000000000000000000 ),
 .UNSPECIFIED. ) ;
#5274 = CARTESIAN_POINT ( 'NONE',  ( 12.74181097284212072, 31.11026764803479949, 0.000000000000000000 ) ) ;
#5275 = EDGE_CURVE ( 'NONE', #307, #3949, #5387, .T. ) ;
#5276 = ORIENTED_EDGE ( 'NONE', *, *, #3972, .F. ) ;
#5277 = DIRECTION ( 'NONE',  ( 1.000000000000000000, 0.000000000000000000, 0.000000000000000000 ) ) ;
#5278 = ORIENTED_EDGE ( 'NONE', *, *, #1110, .T. ) ;
#5279 = VERTEX_POINT ( 'NONE', #2247 ) ;
#5280 = CIRCLE ( 'NONE', #1215, 7.500000000000000000 ) ;
#5281 = CIRCLE ( 'NONE', #1787, 7.500000000000000000 ) ;
#5282 = CARTESIAN_POINT ( 'NONE',  ( -20.85364356451804824, 8.637438870953339176, -26.16855618722794929 ) ) ;
#5283 = DIRECTION ( 'NONE',  ( 0.000000000000000000, -1.000000000000000000, 8.326672684688678786E-15 ) ) ;
#5284 = CARTESIAN_POINT ( 'NONE',  ( 24.53449844299759874, -21.99456492296560128, 17.50000000000000000 ) ) ;
#5285 = CARTESIAN_POINT ( 'NONE',  ( -8.500345776723770896, -22.06614401382960011, -11.65350741853285932 ) ) ;
#5286 = ORIENTED_EDGE ( 'NONE', *, *, #1924, .T. ) ;
#5287 = AXIS2_PLACEMENT_3D ( 'NONE', #1389, #3165, #3281 ) ;
#5288 = ADVANCED_FACE ( 'NONE', ( #3929 ), #5291, .T. ) ;
#5289 = CIRCLE ( 'NONE', #4630, 2.500000000000000888 ) ;
#5290 = EDGE_CURVE ( 'NONE', #1883, #946, #5289, .T. ) ;
#5291 = CYLINDRICAL_SURFACE ( 'NONE', #3785, 2.500000000000000444 ) ;
#5292 = CARTESIAN_POINT ( 'NONE',  ( -24.30579791697439873, 0.0004982124113833089757, -9.514963399666021004 ) ) ;
#5293 = CARTESIAN_POINT ( 'NONE',  ( 15.96245414162549636, 15.96231225945244780, -30.52299471345094872 ) ) ;
#5294 = DATE_AND_TIME ( #3933, #655 ) ;
#5295 = EDGE_LOOP ( 'NONE', ( #1926, #3072 ) ) ;
#5296 = ORIENTED_EDGE ( 'NONE', *, *, #4289, .F. ) ;
#5297 = CARTESIAN_POINT ( 'NONE',  ( -6.780602746975439743, 32.24478138222849566, 17.50000000000000000 ) ) ;
#5298 = CARTESIAN_POINT ( 'NONE',  ( 24.09844120003245038, 0.0006885919828675549298, -20.06242905611415139 ) ) ;
#5299 = CYLINDRICAL_SURFACE ( 'NONE', #466, 2.499999999999998668 ) ;
#5300 = DIRECTION ( 'NONE',  ( 0.000000000000000000, 0.000000000000000000, -1.000000000000000000 ) ) ;
#5301 = CARTESIAN_POINT ( 'NONE',  ( 11.02792635753773887, -33.69105727418959617, 17.50000000000000000 ) ) ;
#5302 = CARTESIAN_POINT ( 'NONE',  ( -31.11026764803485278, 12.74181097284199815, 0.000000000000000000 ) ) ;
#5303 = AXIS2_PLACEMENT_3D ( 'NONE', #2097, #1732, #4754 ) ;
#5304 = CIRCLE ( 'NONE', #957, 32.95000000000000284 ) ;
#5305 = CARTESIAN_POINT ( 'NONE',  ( -8.634377783166909737, 20.84719142188514951, -16.75258339428615173 ) ) ;
#5306 = DIRECTION ( 'NONE',  ( -0.9785973105380423309, -0.2057846053710290501, -4.163336342344333871E-15 ) ) ;
#5307 = CYLINDRICAL_SURFACE ( 'NONE', #5839, 2.499999999999998668 ) ;
#5308 = VERTEX_POINT ( 'NONE', #5828 ) ;
#5309 = DIRECTION ( 'NONE',  ( 0.000000000000000000, 0.000000000000000000, 1.000000000000000000 ) ) ;
#5310 = ORIENTED_EDGE ( 'NONE', *, *, #5719, .F. ) ;
#5311 = ORIENTED_EDGE ( 'NONE', *, *, #4174, .F. ) ;
#5312 = CARTESIAN_POINT ( 'NONE',  ( 0.0001306510764974231893, -22.57282414255369929, -22.41855618722789956 ) ) ;
#5313 = CARTESIAN_POINT ( 'NONE',  ( -22.57170822503059782, -0.0007990316757129390128, -21.00000000000000000 ) ) ;
#5314 = CARTESIAN_POINT ( 'NONE',  ( 21.99456492296544852, -24.53449844299775151, 17.50000000000000000 ) ) ;
#5315 = FACE_OUTER_BOUND ( 'NONE', #2897, .T. ) ;
#5316 = CARTESIAN_POINT ( 'NONE',  ( -8.374839392940829796, -21.59758017561290089, -11.97685041205399870 ) ) ;
#5317 = VERTEX_POINT ( 'NONE', #5799 ) ;
#5318 = CARTESIAN_POINT ( 'NONE',  ( -17.63338773647414826, -17.63173156160464927, -8.670015974366990008 ) ) ;
#5319 = CARTESIAN_POINT ( 'NONE',  ( -15.96007744469675060, -15.95973291912389946, -10.74027453730051995 ) ) ;
#5320 = PERSON_AND_ORGANIZATION ( #1259, #3397 ) ;
#5321 = ORIENTED_EDGE ( 'NONE', *, *, #5204, .F. ) ;
#5322 = ORIENTED_EDGE ( 'NONE', *, *, #3143, .T. ) ;
#5323 = TOROIDAL_SURFACE ( 'NONE', #222, 32.95000000000000284, 2.500000000000000000 ) ;
#5324 = CARTESIAN_POINT ( 'NONE',  ( 0.000000000000000000, 0.000000000000000000, 17.50000000000000000 ) ) ;
#5325 = CARTESIAN_POINT ( 'NONE',  ( -22.26549353722950286, 9.223400533111599131, -26.81242905611419758 ) ) ;
#5326 = CARTESIAN_POINT ( 'NONE',  ( 14.60427118783807998, 16.64984854060776698, -13.37683919484336492 ) ) ;
#5327 = DIRECTION ( 'NONE',  ( 1.000000000000000000, 0.000000000000000000, 0.000000000000000000 ) ) ;
#5328 = CARTESIAN_POINT ( 'NONE',  ( -8.088697255554070153, -20.56654994664859970, -6.717528848892419191 ) ) ;
#5329 = DIRECTION ( 'NONE',  ( 0.000000000000000000, 0.000000000000000000, 1.000000000000000000 ) ) ;
#5330 = EDGE_CURVE ( 'NONE', #4267, #3250, #1513, .T. ) ;
#5331 = CARTESIAN_POINT ( 'NONE',  ( -8.635002888856648795, 20.84775450025579957, -28.75258339428614818 ) ) ;
#5332 = ORIENTED_EDGE ( 'NONE', *, *, #1410, .F. ) ;
#5333 = CARTESIAN_POINT ( 'NONE',  ( 22.10000000000000142, 0.000000000000000000, -32.50000000000000000 ) ) ;
#5334 = FACE_OUTER_BOUND ( 'NONE', #1505, .T. ) ;
#5335 = ORIENTED_EDGE ( 'NONE', *, *, #1395, .T. ) ;
#5336 = CARTESIAN_POINT ( 'NONE',  ( -5.705839072992899830, -21.29405225437815119, -8.959937919800230688 ) ) ;
#5337 = ORIENTED_EDGE ( 'NONE', *, *, #4538, .F. ) ;
#5338 = EDGE_CURVE ( 'NONE', #5729, #5826, #4371, .T. ) ;
#5339 = ORIENTED_EDGE ( 'NONE', *, *, #1145, .F. ) ;
#5340 = CARTESIAN_POINT ( 'NONE',  ( 8.637362026097731516, 20.85342741395335153, -14.51742247489117865 ) ) ;
#5341 = CARTESIAN_POINT ( 'NONE',  ( 2.892847469047530762, 21.95754145786645850, -17.74585906163534688 ) ) ;
#5342 = FACE_OUTER_BOUND ( 'NONE', #3756, .T. ) ;
#5343 = DIRECTION ( 'NONE',  ( 6.938893903907232322E-15, 2.775557561562894901E-15, -1.000000000000000000 ) ) ;
#5344 = CARTESIAN_POINT ( 'NONE',  ( -8.065925992721080462, -20.38213684350644783, -6.694659599300629260 ) ) ;
#5345 = CARTESIAN_POINT ( 'NONE',  ( 30.70060056415844940, 17.72500000000000142, 0.000000000000000000 ) ) ;
#5346 = VERTEX_POINT ( 'NONE', #5382 ) ;
#5347 = DIRECTION ( 'NONE',  ( 0.000000000000000000, 0.000000000000000000, 1.000000000000000000 ) ) ;
#5348 = CARTESIAN_POINT ( 'NONE',  ( -9.302552757594799715, 22.45301082955425187, -23.76496339966609739 ) ) ;
#5349 = CARTESIAN_POINT ( 'NONE',  ( -20.85290065384249658, 8.637141461916270302, -27.10827761439404782 ) ) ;
#5350 = EDGE_CURVE ( 'NONE', #5084, #4938, #5101, .T. ) ;
#5351 = PERSON_AND_ORGANIZATION_ROLE ( 'creator' ) ;
#5352 = EDGE_LOOP ( 'NONE', ( #564, #4200 ) ) ;
#5353 = CIRCLE ( 'NONE', #1102, 2.500000000000000000 ) ;
#5354 = CARTESIAN_POINT ( 'NONE',  ( 22.34347854747992557, 0.000000000000000000, -29.49352515833540167 ) ) ;
#5355 = CARTESIAN_POINT ( 'NONE',  ( -17.22546696413250089, 17.22478758466445115, -27.39970357527315059 ) ) ;
#5356 = CARTESIAN_POINT ( 'NONE',  ( 15.96032243611400148, 15.96027983236460202, -26.08914082496370312 ) ) ;
#5357 = DIRECTION ( 'NONE',  ( 0.000000000000000000, 0.000000000000000000, -1.000000000000000000 ) ) ;
#5358 = DIRECTION ( 'NONE',  ( 1.000000000000000000, -8.326672684688666165E-15, 0.000000000000000000 ) ) ;
#5359 = CIRCLE ( 'NONE', #4604, 7.500000000000000000 ) ;
#5360 = CARTESIAN_POINT ( 'NONE',  ( 4.520401831316960717, 33.31318758815234560, 0.000000000000000000 ) ) ;
#5361 = ADVANCED_FACE ( 'NONE', ( #2661 ), #4060, .T. ) ;
#5362 = AXIS2_PLACEMENT_3D ( 'NONE', #2321, #4536, #954 ) ;
#5363 = EDGE_CURVE ( 'NONE', #346, #5081, #5586, .T. ) ;
#5364 = CARTESIAN_POINT ( 'NONE',  ( -8.958037660335969932, -21.62822607448849865, -24.15349006216965222 ) ) ;
#5365 = CYLINDRICAL_SURFACE ( 'NONE', #744, 22.10000000000000142 ) ;
#5366 = CARTESIAN_POINT ( 'NONE',  ( 23.66334830103590292, 26.39599301378645180, 0.000000000000000000 ) ) ;
#5367 = CARTESIAN_POINT ( 'NONE',  ( -10.30689073033580172, -19.84611714820800188, -12.41133055585804001 ) ) ;
#5368 = VERTEX_POINT ( 'NONE', #2692 ) ;
#5369 = CARTESIAN_POINT ( 'NONE',  ( -5.722383408777909963, -21.35588860272119760, -8.965609246183790404 ) ) ;
#5370 = ORIENTED_EDGE ( 'NONE', *, *, #5486, .T. ) ;
#5371 = VECTOR ( 'NONE', #932, 1000.000000000000000 ) ;
#5372 = CARTESIAN_POINT ( 'NONE',  ( 22.00000000000000000, 0.000000000000000000, -31.41855618722784982 ) ) ;
#5373 = CARTESIAN_POINT ( 'NONE',  ( 7.120966049793000963, 20.97126691143848731, -18.12085487561940056 ) ) ;
#5374 = CARTESIAN_POINT ( 'NONE',  ( 17.72500000000000142, -30.70060056415840322, 0.000000000000000000 ) ) ;
#5375 = DIRECTION ( 'NONE',  ( 0.000000000000000000, 0.000000000000000000, -1.000000000000000000 ) ) ;
#5376 = CARTESIAN_POINT ( 'NONE',  ( -8.087330042207719671, -20.46187038295930094, -6.693844510652110280 ) ) ;
#5377 = CARTESIAN_POINT ( 'NONE',  ( 0.000000000000000000, 0.000000000000000000, 17.50000000000000000 ) ) ;
#5378 = EDGE_LOOP ( 'NONE', ( #2724, #3786, #5296, #328 ) ) ;
#5379 = AXIS2_PLACEMENT_3D ( 'NONE', #4882, #1341, #5838 ) ;
#5380 = TOROIDAL_SURFACE ( 'NONE', #3958, 7.500000000000000000, 2.500000000000000000 ) ;
#5381 = ORIENTED_EDGE ( 'NONE', *, *, #1410, .T. ) ;
#5382 = CARTESIAN_POINT ( 'NONE',  ( 20.57137661531049844, 26.58986581671780058, 0.000000000000000000 ) ) ;
#5383 = CARTESIAN_POINT ( 'NONE',  ( 21.12125305150965104, 8.749270099464700579, -26.25000000000000000 ) ) ;
#5384 = TOROIDAL_SURFACE ( 'NONE', #94, 32.95000000000000284, 2.500000000000000000 ) ;
#5385 = TOROIDAL_SURFACE ( 'NONE', #1512, 7.500000000000000000, 2.500000000000000000 ) ;
#5386 = CARTESIAN_POINT ( 'NONE',  ( -22.57105185555515092, -0.0008474419114031859872, -26.41339838996560374 ) ) ;
#5387 = CIRCLE ( 'NONE', #270, 7.500000000000000000 ) ;
#5388 = PERSON_AND_ORGANIZATION_ROLE ( 'creator' ) ;
#5389 = ORIENTED_EDGE ( 'NONE', *, *, #638, .T. ) ;
#5390 = CIRCLE ( 'NONE', #1130, 2.499999999999998668 ) ;
#5391 = AXIS2_PLACEMENT_3D ( 'NONE', #1023, #4127, #2827 ) ;
#5392 = B_SPLINE_CURVE_WITH_KNOTS ( 'NONE', 3,
 ( #4216, #3352, #4743, #1573, #1018 ),
 .UNSPECIFIED., .F., .F.,
 ( 4, 1, 4 ),
 ( 0.7786958313598248971, 0.7812500000000000000, 0.7817983312923240113 ),
 .UNSPECIFIED. ) ;
#5393 = DIRECTION ( 'NONE',  ( -1.000000000000000000, 0.000000000000000000, 0.000000000000000000 ) ) ;
#5394 = CARTESIAN_POINT ( 'NONE',  ( 0.0009411642561171139299, 24.35794802698270090, -16.89970357527315059 ) ) ;
#5395 = CARTESIAN_POINT ( 'NONE',  ( 20.85443714911600210, 8.637860353006990621, -14.25000000000000000 ) ) ;
#5396 = DIRECTION ( 'NONE',  ( -0.4273624823695310049, 0.9040803662633937199, 0.000000000000000000 ) ) ;
#5397 = CARTESIAN_POINT ( 'NONE',  ( -5.730144764051653183, -21.39316793595817146, -18.50188509259834646 ) ) ;
#5398 = DIRECTION ( 'NONE',  ( 0.000000000000000000, 0.000000000000000000, -1.000000000000000000 ) ) ;
#5399 = AXIS2_PLACEMENT_3D ( 'NONE', #2186, #5797, #2244 ) ;
#5400 = CARTESIAN_POINT ( 'NONE',  ( -16.17918095825875113, -16.17861073198890054, -12.99402064658094069 ) ) ;
#5401 = CARTESIAN_POINT ( 'NONE',  ( 31.31510118997309888, -10.25021645926306135, 20.00000000000000000 ) ) ;
#5402 = DIRECTION ( 'NONE',  ( 1.000000000000000000, 0.000000000000000000, 0.000000000000000000 ) ) ;
#5403 = CARTESIAN_POINT ( 'NONE',  ( -8.671831096010290452, 20.93751984031894864, -16.74466388919140059 ) ) ;
#5404 = ADVANCED_FACE ( 'NONE', ( #806 ), #1648, .T. ) ;
#5405 = CARTESIAN_POINT ( 'NONE',  ( 23.66334830103590292, 26.39599301378645180, 20.00000000000000000 ) ) ;
#5406 = CARTESIAN_POINT ( 'NONE',  ( -8.275855060060029800, -21.28802343379140183, -6.839932493963629234 ) ) ;
#5407 = ORIENTED_EDGE ( 'NONE', *, *, #1901, .T. ) ;
#5408 = TOROIDAL_SURFACE ( 'NONE', #2852, 7.500000000000000000, 2.500000000000000000 ) ;
#5409 = AXIS2_PLACEMENT_3D ( 'NONE', #5374, #1758, #1255 ) ;
#5410 = CARTESIAN_POINT ( 'NONE',  ( -0.0007164004453273229356, 22.57068886302899813, -17.35827761439399808 ) ) ;
#5411 = CARTESIAN_POINT ( 'NONE',  ( 21.95754145786449030, 2.892847469062481469, -20.24583115486237972 ) ) ;
#5412 = CARTESIAN_POINT ( 'NONE',  ( -10.57908126462004006, 19.45346876269039171, -23.05048152952685925 ) ) ;
#5413 = LINE ( 'NONE', #4934, #3911 ) ;
#5414 = CARTESIAN_POINT ( 'NONE',  ( -8.253501265832760225, -21.04736462009730147, -12.37253869781964077 ) ) ;
#5415 = CARTESIAN_POINT ( 'NONE',  ( 4.520401831316879893, -33.31318758815234560, 17.50000000000000000 ) ) ;
#5416 = ORIENTED_EDGE ( 'NONE', *, *, #3260, .T. ) ;
#5417 = ADVANCED_FACE ( 'NONE', ( #3068 ), #3453, .T. ) ;
#5418 = SPHERICAL_SURFACE ( 'NONE', #4628, 2.500000000000000000 ) ;
#5419 = CARTESIAN_POINT ( 'NONE',  ( 8.979273927435389879, -21.67798628384834814, -17.33841932938495134 ) ) ;
#5420 = CARTESIAN_POINT ( 'NONE',  ( -20.85255614722739992, -8.636732950467830960, -25.60827761439404782 ) ) ;
#5421 = ORIENTED_EDGE ( 'NONE', *, *, #1217, .T. ) ;
#5422 = PRODUCT_DEFINITION_SHAPE ( 'NONE', 'NONE',  #5855 ) ;
#5423 = EDGE_CURVE ( 'NONE', #1299, #3389, #469, .T. ) ;
#5424 = CARTESIAN_POINT ( 'NONE',  ( 22.17021782461965884, -0.000000000000000000, -30.02310319644695014 ) ) ;
#5425 = CARTESIAN_POINT ( 'NONE',  ( -9.740312344473109007, 23.50566529112149894, -26.10399774898199965 ) ) ;
#5426 = EDGE_CURVE ( 'NONE', #198, #2396, #268, .T. ) ;
#5427 = FACE_OUTER_BOUND ( 'NONE', #1278, .T. ) ;
#5428 = DIRECTION ( 'NONE',  ( 0.000000000000000000, 5.551115123125781913E-15, -1.000000000000000000 ) ) ;
#5429 = CARTESIAN_POINT ( 'NONE',  ( 5.730144764051666506, -21.39316793595816790, -17.50187000405400539 ) ) ;
#5430 = EDGE_CURVE ( 'NONE', #5346, #4103, #4532, .T. ) ;
#5431 = CARTESIAN_POINT ( 'NONE',  ( 22.28985230636385140, 0.000000000000000000, -29.94458376532690025 ) ) ;
#5432 = CARTESIAN_POINT ( 'NONE',  ( 0.0001296688999914800153, -22.88266239905354738, -23.49402064658089628 ) ) ;
#5433 = CARTESIAN_POINT ( 'NONE',  ( -6.046679356027433450, -21.25963244910896321, -9.995452582369862782 ) ) ;
#5434 = DIRECTION ( 'NONE',  ( 1.000000000000000000, 2.775557561562892929E-15, 0.000000000000000000 ) ) ;
#5435 = AXIS2_PLACEMENT_3D ( 'NONE', #900, #700, #4071 ) ;
#5436 = CARTESIAN_POINT ( 'NONE',  ( 0.0001406764996228095750, -23.41010799024470046, -23.40349006216969840 ) ) ;
#5437 = AXIS2_PLACEMENT_3D ( 'NONE', #2965, #4293, #1627 ) ;
#5438 = ORIENTED_EDGE ( 'NONE', *, *, #2403, .F. ) ;
#5439 = CARTESIAN_POINT ( 'NONE',  ( -8.186305968673229572, -20.94316447091715006, -6.753395975370910520 ) ) ;
#5440 = VERTEX_POINT ( 'NONE', #5739 ) ;
#5441 = CARTESIAN_POINT ( 'NONE',  ( -15.96009291638340244, -15.95972319951609997, -11.91855618722794041 ) ) ;
#5442 = DIRECTION ( 'NONE',  ( 0.9785973105380426640, -0.2057846053710279122, 0.000000000000000000 ) ) ;
#5443 = DIRECTION ( 'NONE',  ( 0.000000000000000000, 0.000000000000000000, -1.000000000000000000 ) ) ;
#5444 = DIRECTION ( 'NONE',  ( 0.000000000000000000, 0.000000000000000000, 1.000000000000000000 ) ) ;
#5445 = DIRECTION ( 'NONE',  ( 0.000000000000000000, 0.000000000000000000, 1.000000000000000000 ) ) ;
#5446 = DIRECTION ( 'NONE',  ( -0.6675133512280856385, -0.7445978283155615385, 0.000000000000000000 ) ) ;
#5447 = ORIENTED_EDGE ( 'NONE', *, *, #4599, .T. ) ;
#5448 = CC_DESIGN_SECURITY_CLASSIFICATION ( #4491, ( #5855 ) ) ;
#5449 = ORIENTED_EDGE ( 'NONE', *, *, #3932, .T. ) ;
#5450 = DIRECTION ( 'NONE',  ( 1.000000000000000000, 0.000000000000000000, 0.000000000000000000 ) ) ;
#5451 = CARTESIAN_POINT ( 'NONE',  ( 0.0001655151028226654788, -22.86183423274649940, -18.00000000000000000 ) ) ;
#5452 = CARTESIAN_POINT ( 'NONE',  ( -0.0007168202718052310574, 22.57079779077164972, -17.41339838996574940 ) ) ;
#5453 = PERSON_AND_ORGANIZATION ( #1259, #3397 ) ;
#5454 = ORIENTED_EDGE ( 'NONE', *, *, #1651, .F. ) ;
#5455 = ORIENTED_EDGE ( 'NONE', *, *, #2890, .F. ) ;
#5456 = CYLINDRICAL_SURFACE ( 'NONE', #4383, 2.500000000000002220 ) ;
#5457 = CARTESIAN_POINT ( 'NONE',  ( -9.666183356554489237, 23.32740585603799843, -26.99954139175624590 ) ) ;
#5458 = ADVANCED_FACE ( 'NONE', ( #1673 ), #5385, .T. ) ;
#5459 = CARTESIAN_POINT ( 'NONE',  ( -20.85317441524914983, -8.637076254525739571, -20.83914082496375286 ) ) ;
#5460 = CYLINDRICAL_SURFACE ( 'NONE', #2077, 35.45000000000000284 ) ;
#5461 = DIRECTION ( 'NONE',  ( 0.000000000000000000, 0.000000000000000000, 1.000000000000000000 ) ) ;
#5462 = CARTESIAN_POINT ( 'NONE',  ( 24.28131013543475092, 2.479583615383730066, -30.92160701056115002 ) ) ;
#5463 = VECTOR ( 'NONE', #404, 1000.000000000000000 ) ;
#5464 = CARTESIAN_POINT ( 'NONE',  ( -16.55186713066985149, -16.55208743848425357, -24.90349006216959893 ) ) ;
#5465 = DIRECTION ( 'NONE',  ( 1.000000000000000000, 0.000000000000000000, 0.000000000000000000 ) ) ;
#5466 = CARTESIAN_POINT ( 'NONE',  ( -35.45000000000000284, 4.152809267445049311E-14, 20.00000000000000000 ) ) ;
#5467 = CARTESIAN_POINT ( 'NONE',  ( 23.23576410927859826, 0.000000000000000000, -32.22515453695520193 ) ) ;
#5468 = FACE_OUTER_BOUND ( 'NONE', #3502, .T. ) ;
#5469 = CARTESIAN_POINT ( 'NONE',  ( -5.691058362402760196, -21.23880765703155049, -9.653645540345278775 ) ) ;
#5470 = EDGE_LOOP ( 'NONE', ( #1140, #1664, #3612, #2906 ) ) ;
#5471 = TOROIDAL_SURFACE ( 'NONE', #5655, 7.500000000000000000, 2.500000000000000000 ) ;
#5472 = CARTESIAN_POINT ( 'NONE',  ( 8.636763847137899575, 20.85238038579930020, -30.10827761439389860 ) ) ;
#5473 = CARTESIAN_POINT ( 'NONE',  ( 22.00092829953575091, 2.090252128018744937, -32.31497040148849464 ) ) ;
#5474 = EDGE_CURVE ( 'NONE', #4994, #4687, #4811, .T. ) ;
#5475 = CARTESIAN_POINT ( 'NONE',  ( 18.82509669925277507, 11.66062354971582948, -25.94256442209295699 ) ) ;
#5476 = DIRECTION ( 'NONE',  ( -1.000000000000000000, 0.000000000000000000, 0.000000000000000000 ) ) ;
#5477 = CARTESIAN_POINT ( 'NONE',  ( -8.544515404636229050, -22.13454820756629715, -11.62476888562150101 ) ) ;
#5478 = DIRECTION ( 'NONE',  ( 0.7445978283155610944, -0.6675133512280860826, 0.000000000000000000 ) ) ;
#5479 = ORIENTED_EDGE ( 'NONE', *, *, #2518, .F. ) ;
#5480 = ORIENTED_EDGE ( 'NONE', *, *, #3573, .T. ) ;
#5481 = DIRECTION ( 'NONE',  ( 1.000000000000000000, 0.000000000000000000, 0.000000000000000000 ) ) ;
#5482 = ORIENTED_EDGE ( 'NONE', *, *, #2761, .T. ) ;
#5483 = CARTESIAN_POINT ( 'NONE',  ( -8.978652544804239355, -21.67832766313614812, -18.83841932938495134 ) ) ;
#5484 = CARTESIAN_POINT ( 'NONE',  ( -8.639148531571809286, -20.85498898940049983, -24.16339838996564993 ) ) ;
#5485 = ORIENTED_EDGE ( 'NONE', *, *, #2031, .T. ) ;
#5486 = EDGE_CURVE ( 'NONE', #1884, #1316, #2542, .T. ) ;
#5487 = CIRCLE ( 'NONE', #2926, 2.500000000000000444 ) ;
#5488 = AXIS2_PLACEMENT_3D ( 'NONE', #1718, #821, #1274 ) ;
#5489 = CIRCLE ( 'NONE', #2928, 2.500000000000000888 ) ;
#5490 = CARTESIAN_POINT ( 'NONE',  ( -22.93201220767580040, -9.497360460823118800, -12.73658235219510004 ) ) ;
#5491 = CARTESIAN_POINT ( 'NONE',  ( -0.0006650971267825810888, 22.57144268762310091, -12.00000000000000000 ) ) ;
#5492 = DIRECTION ( 'NONE',  ( 0.000000000000000000, 0.000000000000000000, -1.000000000000000000 ) ) ;
#5493 = CARTESIAN_POINT ( 'NONE',  ( 9.793641660732705034, -19.86420842556425370, -17.12686434584987083 ) ) ;
#5494 = CARTESIAN_POINT ( 'NONE',  ( 23.38934830738075021, 2.480232073695484818, -31.83955247062954896 ) ) ;
#5495 = AXIS2_PLACEMENT_3D ( 'NONE', #3653, #1845, #2292 ) ;
#5496 = CARTESIAN_POINT ( 'NONE',  ( -16.17940834483975010, -16.17928331067320258, -24.99402064658080036 ) ) ;
#5497 = CARTESIAN_POINT ( 'NONE',  ( 0.000000000000000000, 0.000000000000000000, 0.000000000000000000 ) ) ;
#5498 = LINE ( 'NONE', #4593, #4608 ) ;
#5499 = CARTESIAN_POINT ( 'NONE',  ( -8.958037660335969932, -21.62822607448849865, -24.15349006216965222 ) ) ;
#5500 = DIRECTION ( 'NONE',  ( 0.000000000000000000, 0.000000000000000000, 1.000000000000000000 ) ) ;
#5501 = AXIS2_PLACEMENT_3D ( 'NONE', #145, #4638, #1950 ) ;
#5502 = CARTESIAN_POINT ( 'NONE',  ( -5.676099012605340555, -21.18289537520415067, -9.678233304210941412 ) ) ;
#5503 = EDGE_LOOP ( 'NONE', ( #1409, #1020, #2277, #4966 ) ) ;
#5504 = CC_DESIGN_DATE_AND_TIME_ASSIGNMENT ( #5294, #1235, ( #3209 ) ) ;
#5505 = ADVANCED_FACE ( 'NONE', ( #972 ), #1477, .T. ) ;
#5506 = CARTESIAN_POINT ( 'NONE',  ( -8.637010464793791087, 20.85349607568550212, -15.66855618722785159 ) ) ;
#5507 = FACE_OUTER_BOUND ( 'NONE', #5503, .T. ) ;
#5508 = CARTESIAN_POINT ( 'NONE',  ( 9.599079901957454197, 19.95525174835542259, -24.85803333738067167 ) ) ;
#5509 = CARTESIAN_POINT ( 'NONE',  ( -8.462373250261563840, -21.88015614054675240, -11.78504952915632131 ) ) ;
#5510 = CARTESIAN_POINT ( 'NONE',  ( -8.534477653484849213, -22.09699261099025236, -11.65535139698260103 ) ) ;
#5511 = EDGE_CURVE ( 'NONE', #719, #4083, #2833, .T. ) ;
#5512 = CARTESIAN_POINT ( 'NONE',  ( 21.99456492296565102, 24.53449844299754901, 17.50000000000000000 ) ) ;
#5513 = ORIENTED_EDGE ( 'NONE', *, *, #481, .T. ) ;
#5514 = AXIS2_PLACEMENT_3D ( 'NONE', #1538, #5119, #2401 ) ;
#5515 = ORIENTED_EDGE ( 'NONE', *, *, #5017, .F. ) ;
#5516 = DIRECTION ( 'NONE',  ( 1.000000000000000000, 0.000000000000000000, 0.000000000000000000 ) ) ;
#5517 = ORIENTED_EDGE ( 'NONE', *, *, #5423, .T. ) ;
#5518 = CARTESIAN_POINT ( 'NONE',  ( 22.86087370788780149, -0.0006351068243184749976, -15.00000000000000000 ) ) ;
#5519 = CARTESIAN_POINT ( 'NONE',  ( 20.84799647557279911, 8.635178191693769989, -19.75258339428625121 ) ) ;
#5520 = ORIENTED_EDGE ( 'NONE', *, *, #4485, .T. ) ;
#5521 = CARTESIAN_POINT ( 'NONE',  ( -24.82002991512185019, 0.001504203808180865076, -25.48658235219505030 ) ) ;
#5522 = CARTESIAN_POINT ( 'NONE',  ( 0.0001481490272007862001, -22.57292731404519870, -19.76742247489115201 ) ) ;
#5523 = CARTESIAN_POINT ( 'NONE',  ( 0.3549571165083305058, 22.14163354583402210, -29.52665591434979575 ) ) ;
#5524 = CARTESIAN_POINT ( 'NONE',  ( 24.59901476933974962, 2.490057210477934824, -29.16676291489639894 ) ) ;
#5525 = B_SPLINE_CURVE_WITH_KNOTS ( 'NONE', 3,
 ( #1062, #4172, #123, #647, #1982, #2427, #4228, #3815, #5624, #1508 ),
 .UNSPECIFIED., .F., .F.,
 ( 4, 2, 2, 2, 4 ),
 ( 0.000000000000000000, 0.2500000000000000000, 0.5000000000000000000, 0.7500000000000000000, 1.000000000000000000 ),
 .UNSPECIFIED. ) ;
#5526 = CARTESIAN_POINT ( 'NONE',  ( -22.26568666542445030, -9.222158979150890445, -13.31242905611417982 ) ) ;
#5527 = CARTESIAN_POINT ( 'NONE',  ( 21.99456492296544852, -24.53449844299775151, 17.50000000000000000 ) ) ;
#5528 = CARTESIAN_POINT ( 'NONE',  ( 0.000000000000000000, 0.000000000000000000, 20.00000000000000000 ) ) ;
#5529 = CARTESIAN_POINT ( 'NONE',  ( -16.55206204919385016, -16.55119161072004985, -12.90349006216971972 ) ) ;
#5530 = VERTEX_POINT ( 'NONE', #61 ) ;
#5531 = CARTESIAN_POINT ( 'NONE',  ( -5.774515714618590145, -21.55073906186209953, -9.548398627070730171 ) ) ;
#5532 = ORIENTED_EDGE ( 'NONE', *, *, #480, .T. ) ;
#5533 = CARTESIAN_POINT ( 'NONE',  ( -22.57475311267929996, -0.0008401432102812869673, -26.02299471345094872 ) ) ;
#5534 = DIRECTION ( 'NONE',  ( 0.000000000000000000, 0.000000000000000000, 1.000000000000000000 ) ) ;
#5535 = AXIS2_PLACEMENT_3D ( 'NONE', #1601, #5720, #1238 ) ;
#5536 = CARTESIAN_POINT ( 'NONE',  ( -22.10000000000000142, 2.783670549010809553E-14, -21.00192281395920091 ) ) ;
#5537 = AXIS2_PLACEMENT_3D ( 'NONE', #606, #1132, #2415 ) ;
#5538 = CARTESIAN_POINT ( 'NONE',  ( -8.491713643083729224, -21.93755983972780044, -11.77396650770944042 ) ) ;
#5539 = ADVANCED_FACE ( 'NONE', ( #5083 ), #1791, .T. ) ;
#5540 = DIRECTION ( 'NONE',  ( 1.000000000000000000, 0.000000000000000000, 0.000000000000000000 ) ) ;
#5541 = VERTEX_POINT ( 'NONE', #1859 ) ;
#5542 = ORIENTED_EDGE ( 'NONE', *, *, #663, .T. ) ;
#5543 = CARTESIAN_POINT ( 'NONE',  ( -10.25021645926304004, -31.31510118997309888, 17.50000000000000000 ) ) ;
#5544 = CARTESIAN_POINT ( 'NONE',  ( 15.96272131397200056, 15.96256972454050072, -30.95525588809355000 ) ) ;
#5545 = DATE_AND_TIME ( #2782, #2886 ) ;
#5546 = CARTESIAN_POINT ( 'NONE',  ( -25.32141023632805243, 0.0009475965219105880830, -10.93923983770059927 ) ) ;
#5547 = CARTESIAN_POINT ( 'NONE',  ( -20.85369194607039844, 8.637445260786480006, -24.99027453730050041 ) ) ;
#5548 = ADVANCED_FACE ( 'NONE', ( #1000 ), #1032, .T. ) ;
#5549 = CARTESIAN_POINT ( 'NONE',  ( -7.900915656016811894, 20.68703609580335723, -28.79926952640058246 ) ) ;
#5550 = CARTESIAN_POINT ( 'NONE',  ( 22.91249038547215022, 2.498811656432165407, -26.97829080477924890 ) ) ;
#5551 = AXIS2_PLACEMENT_3D ( 'NONE', #4963, #904, #4992 ) ;
#5552 = CARTESIAN_POINT ( 'NONE',  ( -16.85915498226454901, 16.85863183954274902, -27.72515453695520193 ) ) ;
#5553 = DIRECTION ( 'NONE',  ( 1.000000000000000000, 0.000000000000000000, 0.000000000000000000 ) ) ;
#5554 = DIRECTION ( 'NONE',  ( 0.000000000000000000, 0.000000000000000000, 1.000000000000000000 ) ) ;
#5555 = CARTESIAN_POINT ( 'NONE',  ( -9.220960529172399944, -22.26576429903154875, -23.81242905611415139 ) ) ;
#5556 = ADVANCED_FACE ( 'NONE', ( #4108 ), #3192, .T. ) ;
#5557 = CARTESIAN_POINT ( 'NONE',  ( -17.04231097319850008, 17.04170971210359653, -27.56242905611415139 ) ) ;
#5558 = CARTESIAN_POINT ( 'NONE',  ( -8.766036289347171717, -23.11992724703454982, -8.988878900649181602 ) ) ;
#5559 = ORIENTED_EDGE ( 'NONE', *, *, #3431, .T. ) ;
#5560 = EDGE_CURVE ( 'NONE', #4660, #4693, #2837, .T. ) ;
#5561 = CARTESIAN_POINT ( 'NONE',  ( -15.96012214418670183, -15.95979199617054967, -24.91339838996560019 ) ) ;
#5562 = DIRECTION ( 'NONE',  ( 0.000000000000000000, 0.000000000000000000, 1.000000000000000000 ) ) ;
#5563 = DIRECTION ( 'NONE',  ( 0.000000000000000000, 0.000000000000000000, -1.000000000000000000 ) ) ;
#5564 = ORIENTED_EDGE ( 'NONE', *, *, #2017, .F. ) ;
#5565 = CARTESIAN_POINT ( 'NONE',  ( 24.37565903790632049, 2.495413281534027305, -28.40429757676596978 ) ) ;
#5566 = DIRECTION ( 'NONE',  ( 0.000000000000000000, 0.000000000000000000, 1.000000000000000000 ) ) ;
#5567 = EDGE_LOOP ( 'NONE', ( #2368, #1360, #1881, #1281 ) ) ;
#5568 = VERTEX_POINT ( 'NONE', #2720 ) ;
#5569 = CARTESIAN_POINT ( 'NONE',  ( -15.96059347607104861, -15.96021495988554939, -21.26742247489109872 ) ) ;
#5570 = CARTESIAN_POINT ( 'NONE',  ( 10.25021645926286062, -31.31510118997314507, 0.000000000000000000 ) ) ;
#5571 = CIRCLE ( 'NONE', #4322, 2.500000000000000444 ) ;
#5572 = LINE ( 'NONE', #5228, #388 ) ;
#5573 = CARTESIAN_POINT ( 'NONE',  ( 22.08865008651820006, 0.000000000000000000, -32.49466388919139348 ) ) ;
#5574 = CARTESIAN_POINT ( 'NONE',  ( -9.736607038625511024, 23.50540458840434965, -14.10399774898202097 ) ) ;
#5575 = CARTESIAN_POINT ( 'NONE',  ( 15.96242885645975029, 15.96296941011454962, -15.26742247489115023 ) ) ;
#5576 = CARTESIAN_POINT ( 'NONE',  ( -16.96088900080779283, 14.23749187655043791, -27.82942100913494343 ) ) ;
#5577 = DIRECTION ( 'NONE',  ( 0.000000000000000000, 0.000000000000000000, 1.000000000000000000 ) ) ;
#5578 = AXIS2_PLACEMENT_3D ( 'NONE', #704, #2512, #4787 ) ;
#5579 = AXIS2_PLACEMENT_3D ( 'NONE', #4501, #980, #503 ) ;
#5580 = CARTESIAN_POINT ( 'NONE',  ( -22.02609887511905029, -9.123205769224599138, -13.47515453695517884 ) ) ;
#5581 = CARTESIAN_POINT ( 'NONE',  ( -31.31510118997309888, 10.25021645926300096, 17.50000000000000000 ) ) ;
#5582 = CARTESIAN_POINT ( 'NONE',  ( 0.000000000000000000, 0.000000000000000000, 17.50000000000000000 ) ) ;
#5583 = CARTESIAN_POINT ( 'NONE',  ( 10.25021645926288016, -31.31510118997314507, 17.50000000000000000 ) ) ;
#5584 = CIRCLE ( 'NONE', #3112, 5.000000000000001776 ) ;
#5585 = CARTESIAN_POINT ( 'NONE',  ( 0.0001565643146818234733, -24.10104732129340377, -23.06242905611419758 ) ) ;
#5586 = CIRCLE ( 'NONE', #188, 5.000000000000000000 ) ;
#5587 = EDGE_LOOP ( 'NONE', ( #1005, #2209, #2276, #2562 ) ) ;
#5588 = CARTESIAN_POINT ( 'NONE',  ( -15.96542583301024898, 15.96528058153775120, -27.95525588809359618 ) ) ;
#5589 = DIRECTION ( 'NONE',  ( 1.000000000000000000, 0.000000000000000000, 0.000000000000000000 ) ) ;
#5590 = DIRECTION ( 'NONE',  ( 0.8660254037844389297, 0.4999999999999996669, 0.000000000000000000 ) ) ;
#5591 = CARTESIAN_POINT ( 'NONE',  ( 22.36257353205476406, 2.495713299556781006, -26.82787984502530776 ) ) ;
#5592 = CARTESIAN_POINT ( 'NONE',  ( -5.795517942082639706, -21.62923729052010557, -9.391845343945991686 ) ) ;
#5593 = ORIENTED_EDGE ( 'NONE', *, *, #1288, .T. ) ;
#5594 = ORIENTED_EDGE ( 'NONE', *, *, #3709, .T. ) ;
#5595 = CARTESIAN_POINT ( 'NONE',  ( 8.639124977808959827, -20.85423132013119840, -17.83914082496374931 ) ) ;
#5596 = ORIENTED_EDGE ( 'NONE', *, *, #4843, .T. ) ;
#5597 = DIRECTION ( 'NONE',  ( 0.000000000000000000, 0.000000000000000000, -1.000000000000000000 ) ) ;
#5598 = DIRECTION ( 'NONE',  ( 0.9503824336865882572, -0.3110839593099550826, -1.009587546122740161E-14 ) ) ;
#5599 = CARTESIAN_POINT ( 'NONE',  ( 0.001011984038318653866, 22.56537732928840256, -29.50258339428620147 ) ) ;
#5600 = EDGE_CURVE ( 'NONE', #4020, #976, #5584, .T. ) ;
#5601 = ADVANCED_FACE ( 'NONE', ( #497 ), #3606, .F. ) ;
#5602 = CARTESIAN_POINT ( 'NONE',  ( 0.001964727727882384888, 25.44360354529790058, -14.85399774898193925 ) ) ;
#5603 = CARTESIAN_POINT ( 'NONE',  ( -20.85319551726124843, -8.637063482063000563, -22.01742247489120174 ) ) ;
#5604 = EDGE_CURVE ( 'NONE', #5733, #2396, #5099, .T. ) ;
#5605 = CARTESIAN_POINT ( 'NONE',  ( 20.28977884860057301, 8.871460133903735112, -31.70881507819747824 ) ) ;
#5606 = CYLINDRICAL_SURFACE ( 'NONE', #1785, 2.500000000000002220 ) ;
#5607 = VERTEX_POINT ( 'NONE', #2749 ) ;
#5608 = ADVANCED_FACE ( 'NONE', ( #4643 ), #5418, .T. ) ;
#5609 = CARTESIAN_POINT ( 'NONE',  ( 9.223317749120930387, 22.26518096583989959, -17.81242905611419758 ) ) ;
#5610 = DIRECTION ( 'NONE',  ( 0.8660254037844385966, -0.5000000000000001110, 0.000000000000000000 ) ) ;
#5611 = ADVANCED_FACE ( 'NONE', ( #3 ), #3223, .F. ) ;
#5612 = DIRECTION ( 'NONE',  ( 0.4273624823695367780, 0.9040803662633911664, 0.000000000000000000 ) ) ;
#5613 = CARTESIAN_POINT ( 'NONE',  ( 9.222062098367780791, -22.26588498761569923, -22.31242905611420113 ) ) ;
#5614 = CARTESIAN_POINT ( 'NONE',  ( 9.222275847876240107, 22.26329313341139837, -29.81242905611420113 ) ) ;
#5615 = ORIENTED_EDGE ( 'NONE', *, *, #3388, .F. ) ;
#5616 = CARTESIAN_POINT ( 'NONE',  ( 8.638899602639350306, -20.85361945772195114, -22.66339838996569966 ) ) ;
#5617 = CARTESIAN_POINT ( 'NONE',  ( -20.97126691143459354, -7.120966049804330567, -25.87087399229994489 ) ) ;
#5618 = DIRECTION ( 'NONE',  ( 1.000000000000000000, -1.734723475976808080E-15, 0.000000000000000000 ) ) ;
#5619 = CARTESIAN_POINT ( 'NONE',  ( 0.000000000000000000, 0.000000000000000000, 0.000000000000000000 ) ) ;
#5620 = ORIENTED_EDGE ( 'NONE', *, *, #3483, .F. ) ;
#5621 = ORIENTED_EDGE ( 'NONE', *, *, #3480, .F. ) ;
#5622 = CARTESIAN_POINT ( 'NONE',  ( -20.85380080456314644, 8.637459637911049981, -22.33914082496374931 ) ) ;
#5623 = DIRECTION ( 'NONE',  ( 0.000000000000000000, 0.000000000000000000, -1.000000000000000000 ) ) ;
#5624 = CARTESIAN_POINT ( 'NONE',  ( -10.13864149340125387, -19.76031952036287720, -6.907889595191247345 ) ) ;
#5625 = B_SPLINE_CURVE_WITH_KNOTS ( 'NONE', 3,
 ( #2851, #1966, #659, #2940, #1571, #2385, #5182, #4741, #1128, #4295, #4186, #135, #1940, #3743, #1493, #4791, #4442, #3938, #733, #5779, #2546, #3046 ),
 .UNSPECIFIED., .F., .F.,
 ( 4, 2, 2, 2, 1, 1, 1, 1, 1, 1, 1, 1, 2, 2, 4 ),
 ( 0.000000000000000000, 0.2499999999999488187, 0.2812499999999431566, 0.2890624999999427125, 0.2968749999999422684, 0.3124999999999413802, 0.3749999999999378830, 0.4374999999999343858, 0.4687499999999327205, 0.4843749999999318323, 0.4921874999999322209, 0.4960937499999332756, 0.4980468749999338307, 0.4999999999999343858, 1.000000000000000000 ),
 .UNSPECIFIED. ) ;
#5626 = CARTESIAN_POINT ( 'NONE',  ( -22.56484714600984987, -0.0008546936117486729967, -26.50258339428609844 ) ) ;
#5627 = AXIS2_PLACEMENT_3D ( 'NONE', #4962, #4546, #2657 ) ;
#5628 = SECURITY_CLASSIFICATION ( '', '', #4374 ) ;
#5629 = CARTESIAN_POINT ( 'NONE',  ( 17.99101646461754811, -17.99269045579830006, -19.35399774898194991 ) ) ;
#5630 = CARTESIAN_POINT ( 'NONE',  ( 8.639130808949360585, -20.85422930574794975, -19.01742247489119819 ) ) ;
#5631 = CARTESIAN_POINT ( 'NONE',  ( 22.00994839212069820, 0.008488849558197659670, -32.50000000000000000 ) ) ;
#5632 =( NAMED_UNIT ( * ) SI_UNIT ( $, .STERADIAN. ) SOLID_ANGLE_UNIT ( ) );
#5633 = EDGE_LOOP ( 'NONE', ( #2364, #4467, #2417, #111, #1123 ) ) ;
#5634 = ADVANCED_FACE ( 'NONE', ( #90 ), #5027, .T. ) ;
#5635 = CARTESIAN_POINT ( 'NONE',  ( -6.991855433148689514, -22.17968397097104827, -11.80848787028856073 ) ) ;
#5636 = DIRECTION ( 'NONE',  ( 0.000000000000000000, 0.000000000000000000, -1.000000000000000000 ) ) ;
#5637 = CARTESIAN_POINT ( 'NONE',  ( 32.24478138222854540, 6.780602746975329609, 20.00000000000000000 ) ) ;
#5638 = DIRECTION ( 'NONE',  ( -0.7445978283155602062, -0.6675133512280869708, 0.000000000000000000 ) ) ;
#5639 = DIRECTION ( 'NONE',  ( 0.000000000000000000, 0.000000000000000000, 1.000000000000000000 ) ) ;
#5640 = B_SPLINE_CURVE_WITH_KNOTS ( 'NONE', 3,
 ( #617, #2920, #4721, #4749, #4665, #2058, #668, #2498, #2526, #4303, #3385, #2949, #244, #5592, #2474, #2032, #3895, #2422, #1167, #4278, #1530, #3832, #3859, #5193, #4330 ),
 .UNSPECIFIED., .F., .F.,
 ( 4, 2, 2, 1, 1, 1, 2, 2, 1, 2, 2, 1, 2, 2, 4 ),
 ( 0.000000000000000000, 0.1249999999999941436, 0.2499999999999882871, 0.3749999999999824585, 0.4374999999999771849, 0.4687499999999716893, 0.4843749999999680811, 0.4999999999999644729, 0.6249999999999623634, 0.6874999999999588107, 0.7499999999999552580, 0.8124999999999515943, 0.8437499999999500400, 0.8749999999999484857, 1.000000000000000000 ),
 .UNSPECIFIED. ) ;
#5641 = CARTESIAN_POINT ( 'NONE',  ( -20.85642811942924624, -8.638335738071859282, -25.70525588809375250 ) ) ;
#5642 = CARTESIAN_POINT ( 'NONE',  ( -22.09999999999999787, -1.446441617590348061, -26.37087823677575216 ) ) ;
#5643 = B_SPLINE_CURVE_WITH_KNOTS ( 'NONE', 3,
 ( #1556, #243, #5591, #5644, #3858, #5162, #4748, #4772, #1581, #1107, #2394, #4197, #667, #168, #144, #218, #1948, #3753, #2030, #5565, #3304, #616, #1054, #2861, #4635, #3299, #2327, #2359, #2299, #2392, #583, #2742, #4544, #1444, #113 ),
 .UNSPECIFIED., .F., .F.,
 ( 4, 2, 2, 2, 2, 1, 1, 1, 2, 2, 2, 2, 2, 2, 2, 2, 2, 2, 4 ),
 ( 0.000000000000000000, 0.06249999999994242106, 0.1249999999998848421, 0.1874999999998272493, 0.2187499999997984668, 0.2343749999997834788, 0.2421874999997774558, 0.2460937499997753186, 0.2480468749997750966, 0.2499999999997748468, 0.3749999999998148703, 0.4374999999998352984, 0.4687499999998452904, 0.4843749999998495093, 0.4999999999998537836, 0.6249999999998900879, 0.7499999999999262812, 0.8749999999999625855, 1.000000000000000000 ),
 .UNSPECIFIED. ) ;
#5644 = CARTESIAN_POINT ( 'NONE',  ( 22.72114685788059418, 2.498705115277681355, -26.92182175818761891 ) ) ;
#5645 = CARTESIAN_POINT ( 'NONE',  ( -24.53449844299765203, 21.99456492296554799, 17.50000000000000000 ) ) ;
#5646 = ORIENTED_EDGE ( 'NONE', *, *, #57, .F. ) ;
#5647 = EDGE_CURVE ( 'NONE', #3949, #2776, #2263, .T. ) ;
#5648 = ORIENTED_EDGE ( 'NONE', *, *, #5423, .F. ) ;
#5649 = TOROIDAL_SURFACE ( 'NONE', #3086, 7.500000000000000000, 2.500000000000000000 ) ;
#5650 = CARTESIAN_POINT ( 'NONE',  ( -22.57170716465930127, -0.0008146149540763410061, -22.76742247489110227 ) ) ;
#5651 = DIRECTION ( 'NONE',  ( 0.000000000000000000, 0.000000000000000000, 1.000000000000000000 ) ) ;
#5652 = CARTESIAN_POINT ( 'NONE',  ( -20.57137661531040251, -26.58986581671785032, 17.50000000000000000 ) ) ;
#5653 = AXIS2_PLACEMENT_3D ( 'NONE', #194, #3809, #2976 ) ;
#5654 = CARTESIAN_POINT ( 'NONE',  ( -22.88142152239520044, -0.0005247420638027500009, -26.49402064658075062 ) ) ;
#5655 = AXIS2_PLACEMENT_3D ( 'NONE', #2353, #3716, #4092 ) ;
#5656 = CARTESIAN_POINT ( 'NONE',  ( -23.39294705829570375, 9.691286559715640792, -23.68923983770065433 ) ) ;
#5657 = ADVANCED_FACE ( 'NONE', ( #4996 ), #1660, .T. ) ;
#5658 = CARTESIAN_POINT ( 'NONE',  ( -15.96515119684775108, 15.96500353492780278, -27.52299471345100201 ) ) ;
#5659 = DIRECTION ( 'NONE',  ( 0.000000000000000000, 0.000000000000000000, -1.000000000000000000 ) ) ;
#5660 = COORDINATED_UNIVERSAL_TIME_OFFSET ( 8, 0, .BEHIND. ) ;
#5661 = AXIS2_PLACEMENT_3D ( 'NONE', #2771, #4099, #3630 ) ;
#5662 = EDGE_LOOP ( 'NONE', ( #2116, #4605, #4899, #3419, #2999 ) ) ;
#5663 = FACE_BOUND ( 'NONE', #5295, .T. ) ;
#5664 = CARTESIAN_POINT ( 'NONE',  ( 10.25021645926286062, -31.31510118997314507, 20.00000000000000000 ) ) ;
#5665 = DIRECTION ( 'NONE',  ( 0.000000000000000000, 0.000000000000000000, 1.000000000000000000 ) ) ;
#5666 = CARTESIAN_POINT ( 'NONE',  ( -30.70060056415840322, -17.72500000000000142, 17.50000000000000000 ) ) ;
#5667 = DIRECTION ( 'NONE',  ( 1.000000000000000000, 0.000000000000000000, 0.000000000000000000 ) ) ;
#5668 = CC_DESIGN_APPROVAL ( #5678, ( #2453 ) ) ;
#5669 = EDGE_CURVE ( 'NONE', #514, #3162, #1984, .T. ) ;
#5670 = CARTESIAN_POINT ( 'NONE',  ( 0.0001240720448498190090, -22.57213196077935180, -23.41339838996574940 ) ) ;
#5671 = CARTESIAN_POINT ( 'NONE',  ( 6.780602746975439743, 32.24478138222849566, 20.00000000000000000 ) ) ;
#5672 = CIRCLE ( 'NONE', #4626, 2.499999999999998668 ) ;
#5673 = VECTOR ( 'NONE', #2398, 1000.000000000000000 ) ;
#5674 = CARTESIAN_POINT ( 'NONE',  ( -20.00000000000000000, 2.449293598294704935E-15, 0.000000000000000000 ) ) ;
#5675 = AXIS2_PLACEMENT_3D ( 'NONE', #5155, #5098, #4710 ) ;
#5676 = FACE_OUTER_BOUND ( 'NONE', #5352, .T. ) ;
#5677 = ORIENTED_EDGE ( 'NONE', *, *, #3852, .F. ) ;
#5678 = APPROVAL ( #4841, 'UNSPECIFIED' ) ;
#5679 = ADVANCED_FACE ( 'NONE', ( #387 ), #1035, .T. ) ;
#5680 = ORIENTED_EDGE ( 'NONE', *, *, #3199, .F. ) ;
#5681 = CARTESIAN_POINT ( 'NONE',  ( 8.637365088855540662, 20.85347200581399818, -13.33914082496373865 ) ) ;
#5682 = DIRECTION ( 'NONE',  ( 0.7445978283155596511, -0.6675133512280876369, 0.000000000000000000 ) ) ;
#5683 = EDGE_CURVE ( 'NONE', #642, #2803, #5280, .T. ) ;
#5684 = DIRECTION ( 'NONE',  ( 0.000000000000000000, 0.000000000000000000, 1.000000000000000000 ) ) ;
#5685 = CARTESIAN_POINT ( 'NONE',  ( 0.0009326346462042169830, 22.66313612318170101, -29.49466388919140059 ) ) ;
#5686 = AXIS2_PLACEMENT_3D ( 'NONE', #3876, #728, #2687 ) ;
#5687 = AXIS2_PLACEMENT_3D ( 'NONE', #1028, #4102, #2831 ) ;
#5688 = CARTESIAN_POINT ( 'NONE',  ( 8.639122062238760336, -20.85423232732285115, -17.25000000000000000 ) ) ;
#5689 = CARTESIAN_POINT ( 'NONE',  ( 22.86849425787479717, 0.000000000000000000, -27.08841932938484831 ) ) ;
#5690 = CARTESIAN_POINT ( 'NONE',  ( 8.637062225901210866, 20.85307370776249769, -29.16855618722784982 ) ) ;
#5691 = DIRECTION ( 'NONE',  ( 0.8660254037844389297, 0.4999999999999995559, 0.000000000000000000 ) ) ;
#5692 = VERTEX_POINT ( 'NONE', #420 ) ;
#5693 = TOROIDAL_SURFACE ( 'NONE', #2190, 7.500000000000000000, 2.500000000000000000 ) ;
#5694 = AXIS2_PLACEMENT_3D ( 'NONE', #4486, #2121, #2183 ) ;
#5695 = PLANE ( 'NONE',  #884 ) ;
#5696 = CARTESIAN_POINT ( 'NONE',  ( -5.719988482647019978, -21.34693729222965075, -32.50000000000000000 ) ) ;
#5697 = FACE_OUTER_BOUND ( 'NONE', #588, .T. ) ;
#5698 = CARTESIAN_POINT ( 'NONE',  ( 4.520401831316879893, -33.31318758815234560, 0.000000000000000000 ) ) ;
#5699 = CARTESIAN_POINT ( 'NONE',  ( -17.57187852535238193, -13.48077440072926159, -19.75190395327877724 ) ) ;
#5700 = CARTESIAN_POINT ( 'NONE',  ( -15.95525639241859928, -15.95486742997240270, -13.00258339428629917 ) ) ;
#5701 = LINE ( 'NONE', #1634, #1124 ) ;
#5702 = CARTESIAN_POINT ( 'NONE',  ( 24.53449844299759874, -21.99456492296560128, 20.00000000000000000 ) ) ;
#5703 = ORIENTED_EDGE ( 'NONE', *, *, #4174, .T. ) ;
#5704 = CARTESIAN_POINT ( 'NONE',  ( 23.66334830103570042, -26.39599301378664720, 20.00000000000000000 ) ) ;
#5705 = ORIENTED_EDGE ( 'NONE', *, *, #2159, .F. ) ;
#5706 = ORIENTED_EDGE ( 'NONE', *, *, #1043, .T. ) ;
#5707 = CARTESIAN_POINT ( 'NONE',  ( 20.85454983951954588, 8.639393991579531473, -30.66855618722795285 ) ) ;
#5708 = DIRECTION ( 'NONE',  ( 0.000000000000000000, -1.000000000000000000, 4.163336342344339393E-15 ) ) ;
#5709 = EDGE_CURVE ( 'NONE', #811, #3361, #465, .T. ) ;
#5710 = DIRECTION ( 'NONE',  ( 1.000000000000000000, 0.000000000000000000, 0.000000000000000000 ) ) ;
#5711 = CARTESIAN_POINT ( 'NONE',  ( -8.652900320339719897, -22.64279472894969913, -11.05259431827617966 ) ) ;
#5712 = CARTESIAN_POINT ( 'NONE',  ( -20.93794167614695212, -8.673778997392529888, -13.74466388919134019 ) ) ;
#5713 = CARTESIAN_POINT ( 'NONE',  ( -23.46302428221915193, 0.0001289557645054797974, -21.08841932938489805 ) ) ;
#5714 = CIRCLE ( 'NONE', #3912, 35.45000000000000284 ) ;
#5715 = CARTESIAN_POINT ( 'NONE',  ( 15.96219249471644908, -15.96241705362794860, -21.52299471345104820 ) ) ;
#5716 = CIRCLE ( 'NONE', #2691, 2.499999999999999112 ) ;
#5717 = DATE_AND_TIME ( #3960, #3390 ) ;
#5718 = ORIENTED_EDGE ( 'NONE', *, *, #1217, .F. ) ;
#5719 = EDGE_CURVE ( 'NONE', #669, #5210, #4620, .T. ) ;
#5720 = DIRECTION ( 'NONE',  ( 0.000000000000000000, 0.000000000000000000, 1.000000000000000000 ) ) ;
#5721 = CARTESIAN_POINT ( 'NONE',  ( -7.143507286316160609, -22.66193205561785007, -11.48303690860652004 ) ) ;
#5722 = CARTESIAN_POINT ( 'NONE',  ( -7.120966049793212349, 20.97126691143834520, -11.37684770210516483 ) ) ;
#5723 = DIRECTION ( 'NONE',  ( -0.2057846053710270517, -0.9785973105380427750, 0.000000000000000000 ) ) ;
#5724 = DIRECTION ( 'NONE',  ( 0.000000000000000000, 0.000000000000000000, 1.000000000000000000 ) ) ;
#5725 = CARTESIAN_POINT ( 'NONE',  ( 15.95763101089485048, 15.95816211346895130, -19.00258339428625121 ) ) ;
#5726 = CARTESIAN_POINT ( 'NONE',  ( 4.520401831316960717, 33.31318758815234560, 0.000000000000000000 ) ) ;
#5727 = EDGE_CURVE ( 'NONE', #1751, #208, #5759, .T. ) ;
#5728 = DIRECTION ( 'NONE',  ( 0.000000000000000000, 0.000000000000000000, -1.000000000000000000 ) ) ;
#5729 = VERTEX_POINT ( 'NONE', #5302 ) ;
#5730 = DIRECTION ( 'NONE',  ( -0.9040803662633927207, 0.4273624823695336139, 0.000000000000000000 ) ) ;
#5731 = ORIENTED_EDGE ( 'NONE', *, *, #5426, .T. ) ;
#5732 = EDGE_CURVE ( 'NONE', #3905, #3447, #1894, .T. ) ;
#5733 = VERTEX_POINT ( 'NONE', #1778 ) ;
#5734 = CARTESIAN_POINT ( 'NONE',  ( 8.639138097874850430, -20.85422678776889782, -20.49027453730045067 ) ) ;
#5735 = DIRECTION ( 'NONE',  ( 1.000000000000000000, 0.000000000000000000, 0.000000000000000000 ) ) ;
#5736 = CARTESIAN_POINT ( 'NONE',  ( -7.942977289539613572, -20.94181400865146259, -12.16577006628271107 ) ) ;
#5737 = CARTESIAN_POINT ( 'NONE',  ( -8.472426306860400658, -21.96203305567999919, -11.73112665514780062 ) ) ;
#5738 = ORIENTED_EDGE ( 'NONE', *, *, #4795, .F. ) ;
#5739 = CARTESIAN_POINT ( 'NONE',  ( -7.295064260403020029, 34.69127465857359738, 17.50000000000000000 ) ) ;
#5740 = CARTESIAN_POINT ( 'NONE',  ( -24.93983967221484832, 0.0007773508479329349153, -10.17001597436695981 ) ) ;
#5741 = CARTESIAN_POINT ( 'NONE',  ( -20.85891678516849979, 8.640474491073359076, -14.77299471345100024 ) ) ;
#5742 = DATE_TIME_ROLE ( 'creation_date' ) ;
#5743 = ORIENTED_EDGE ( 'NONE', *, *, #4198, .F. ) ;
#5744 = APPROVAL ( #342, 'UNSPECIFIED' ) ;
#5745 = CARTESIAN_POINT ( 'NONE',  ( 11.02792635753773887, -33.69105727418959617, 20.00000000000000000 ) ) ;
#5746 = CARTESIAN_POINT ( 'NONE',  ( -9.223997770195600410, 22.26409177093944791, -28.31242905611415139 ) ) ;
#5747 = CARTESIAN_POINT ( 'NONE',  ( 19.17907833842173559, 11.07542989873432937, -14.00183653632404912 ) ) ;
#5748 = CARTESIAN_POINT ( 'NONE',  ( -23.66334830103575371, 26.39599301378654772, 17.50000000000000000 ) ) ;
#5749 = CARTESIAN_POINT ( 'NONE',  ( -7.734001875518999647, -20.70254126887489932, -12.17863851505227935 ) ) ;
#5750 = DIRECTION ( 'NONE',  ( 0.000000000000000000, -1.000000000000000000, 5.551115123125781913E-15 ) ) ;
#5751 = CARTESIAN_POINT ( 'NONE',  ( -0.0007234013460025970517, 22.56459378609165256, -17.50258339428624765 ) ) ;
#5752 = ORIENTED_EDGE ( 'NONE', *, *, #3248, .F. ) ;
#5753 = CARTESIAN_POINT ( 'NONE',  ( -15.32860613387839699, -16.07596278751736207, -12.95105745684822729 ) ) ;
#5754 = DIRECTION ( 'NONE',  ( 0.000000000000000000, 0.000000000000000000, 1.000000000000000000 ) ) ;
#5755 = ORIENTED_EDGE ( 'NONE', *, *, #413, .F. ) ;
#5756 = DIRECTION ( 'NONE',  ( 1.000000000000000000, 0.000000000000000000, 0.000000000000000000 ) ) ;
#5757 = ORIENTED_EDGE ( 'NONE', *, *, #5363, .T. ) ;
#5758 = ORIENTED_EDGE ( 'NONE', *, *, #2956, .F. ) ;
#5759 = CIRCLE ( 'NONE', #263, 2.500000000000000444 ) ;
#5760 = AXIS2_PLACEMENT_3D ( 'NONE', #5131, #1072, #2883 ) ;
#5761 = CARTESIAN_POINT ( 'NONE',  ( -15.96030630108035275, 15.96086245803849835, -13.74027453730046133 ) ) ;
#5762 = CARTESIAN_POINT ( 'NONE',  ( 6.780602746975369577, -32.24478138222849566, 17.50000000000000000 ) ) ;
#5763 = CARTESIAN_POINT ( 'NONE',  ( -30.70060056415840322, -17.72500000000000142, 20.00000000000000000 ) ) ;
#5764 = CARTESIAN_POINT ( 'NONE',  ( -8.454332358516529311, -21.89468328652460016, -11.77714540776377916 ) ) ;
#5765 = AXIS2_PLACEMENT_3D ( 'NONE', #4765, #2079, #2464 ) ;
#5766 = ORIENTED_EDGE ( 'NONE', *, *, #4231, .F. ) ;
#5767 = AXIS2_PLACEMENT_3D ( 'NONE', #4529, #4587, #3144 ) ;
#5768 = DIRECTION ( 'NONE',  ( 0.000000000000000000, 0.000000000000000000, 1.000000000000000000 ) ) ;
#5769 = CARTESIAN_POINT ( 'NONE',  ( -23.03788139570615101, -9.542415720445671212, -21.42001597436700067 ) ) ;
#5770 = EDGE_CURVE ( 'NONE', #1155, #3949, #3686, .T. ) ;
#5771 = CARTESIAN_POINT ( 'NONE',  ( -15.96225674555114971, -15.96187235904989876, -12.52299471345112103 ) ) ;
#5772 = EDGE_CURVE ( 'NONE', #5081, #1857, #3968, .T. ) ;
#5773 = APPROVAL_DATE_TIME ( #5717, #3025 ) ;
#5774 = EDGE_LOOP ( 'NONE', ( #2695, #2144, #4359, #4725 ) ) ;
#5775 = ORIENTED_EDGE ( 'NONE', *, *, #2988, .T. ) ;
#5776 = DIRECTION ( 'NONE',  ( 0.000000000000000000, 0.000000000000000000, -1.000000000000000000 ) ) ;
#5777 = CARTESIAN_POINT ( 'NONE',  ( -9.323503024309070852, 22.50336929399895070, -28.14970357527315059 ) ) ;
#5778 = ADVANCED_FACE ( 'NONE', ( #4917 ), #4446, .T. ) ;
#5779 = CARTESIAN_POINT ( 'NONE',  ( 22.04817869868731961, 1.533546975570812432, -27.82882554273249553 ) ) ;
#5780 = DIRECTION ( 'NONE',  ( 0.000000000000000000, 0.000000000000000000, 1.000000000000000000 ) ) ;
#5781 = DIRECTION ( 'NONE',  ( 0.000000000000000000, 0.000000000000000000, 1.000000000000000000 ) ) ;
#5782 = CARTESIAN_POINT ( 'NONE',  ( 10.25021645926286062, -31.31510118997314507, 17.50000000000000000 ) ) ;
#5783 = CIRCLE ( 'NONE', #2386, 2.499999999999998668 ) ;
#5784 = CIRCLE ( 'NONE', #3609, 7.500000000000000000 ) ;
#5785 = CARTESIAN_POINT ( 'NONE',  ( 8.672254347866729773, 20.93738258974070021, -18.24466388919140059 ) ) ;
#5786 = CARTESIAN_POINT ( 'NONE',  ( -6.780602746975519679, -32.24478138222849566, 20.00000000000000000 ) ) ;
#5787 = CARTESIAN_POINT ( 'NONE',  ( 24.53449844299775151, 21.99456492296544852, 17.50000000000000000 ) ) ;
#5788 = ORIENTED_EDGE ( 'NONE', *, *, #235, .T. ) ;
#5789 = DIRECTION ( 'NONE',  ( 1.000000000000000000, 0.000000000000000000, 0.000000000000000000 ) ) ;
#5790 = ORIENTED_EDGE ( 'NONE', *, *, #857, .F. ) ;
#5791 = ORIENTED_EDGE ( 'NONE', *, *, #3558, .T. ) ;
#5792 = CARTESIAN_POINT ( 'NONE',  ( -8.639351645460198625, -20.85552850384040013, -21.99027453730045067 ) ) ;
#5793 = CARTESIAN_POINT ( 'NONE',  ( 13.48077440072233024, 17.57187852535775363, -18.74584789892615433 ) ) ;
#5794 = EDGE_CURVE ( 'NONE', #1696, #4103, #3581, .T. ) ;
#5795 = CARTESIAN_POINT ( 'NONE',  ( -21.99456492296560128, -24.53449844299759874, 17.50000000000000000 ) ) ;
#5796 = CARTESIAN_POINT ( 'NONE',  ( -8.120997812956110451, -20.59194485282800002, -6.695741621553159995 ) ) ;
#5797 = DIRECTION ( 'NONE',  ( 0.000000000000000000, 0.000000000000000000, 1.000000000000000000 ) ) ;
#5798 = EDGE_LOOP ( 'NONE', ( #181, #2341, #1754, #828 ) ) ;
#5799 = CARTESIAN_POINT ( 'NONE',  ( -31.31510118997309888, 10.25021645926296010, 20.00000000000000000 ) ) ;
#5800 = CARTESIAN_POINT ( 'NONE',  ( -17.18559118242080075, 17.18415183470749952, -11.01496339966608140 ) ) ;
#5801 = EDGE_CURVE ( 'NONE', #3338, #4496, #5188, .T. ) ;
#5802 = CARTESIAN_POINT ( 'NONE',  ( -10.26692337399319932, -19.76909783890754824, -11.93966138011763967 ) ) ;
#5803 = APPROVAL_DATE_TIME ( #4434, #3387 ) ;
#5804 = ORIENTED_EDGE ( 'NONE', *, *, #4079, .T. ) ;
#5805 = CIRCLE ( 'NONE', #2026, 32.95000000000000284 ) ;
#5806 = CARTESIAN_POINT ( 'NONE',  ( 22.32971305914233184, -0.000000000000000000, -29.90251379812551136 ) ) ;
#5807 = CARTESIAN_POINT ( 'NONE',  ( -6.078512556599419803, -22.68696204839885411, -11.56242905611419935 ) ) ;
#5808 = CARTESIAN_POINT ( 'NONE',  ( -11.02792635753784012, 33.69105727418959617, 0.000000000000000000 ) ) ;
#5809 = DIRECTION ( 'NONE',  ( 1.000000000000000000, 0.000000000000000000, 0.000000000000000000 ) ) ;
#5810 = CARTESIAN_POINT ( 'NONE',  ( 14.60427118783420042, -16.64984854061121666, -16.62685680157770562 ) ) ;
#5811 = DIRECTION ( 'NONE',  ( 0.000000000000000000, -5.551115123125781913E-15, -1.000000000000000000 ) ) ;
#5812 = CARTESIAN_POINT ( 'NONE',  ( 8.634721504756949884, 20.84694712715115017, -18.25258339428620147 ) ) ;
#5813 = FACE_OUTER_BOUND ( 'NONE', #88, .T. ) ;
#5814 = CC_DESIGN_SECURITY_CLASSIFICATION ( #5628, ( #4900 ) ) ;
#5815 = CARTESIAN_POINT ( 'NONE',  ( 21.99456492296544852, -24.53449844299775151, 20.00000000000000000 ) ) ;
#5816 = CARTESIAN_POINT ( 'NONE',  ( 21.62777217360500259, 8.958003672591880573, -31.65349006216974814 ) ) ;
#5817 = ORIENTED_EDGE ( 'NONE', *, *, #958, .T. ) ;
#5818 = CARTESIAN_POINT ( 'NONE',  ( 31.31510118997314507, 10.25021645926280023, 17.50000000000000000 ) ) ;
#5819 = ORIENTED_EDGE ( 'NONE', *, *, #5230, .T. ) ;
#5820 = CARTESIAN_POINT ( 'NONE',  ( 22.00000000000000000, 0.000000000000000000, -30.24027453730045067 ) ) ;
#5821 = CARTESIAN_POINT ( 'NONE',  ( 1.446441617575878746, 22.10000000000098908, -17.62086045697398617 ) ) ;
#5822 = DIRECTION ( 'NONE',  ( 0.000000000000000000, 0.000000000000000000, 1.000000000000000000 ) ) ;
#5823 = CARTESIAN_POINT ( 'NONE',  ( -31.31510118997314507, -10.25021645926292102, 20.00000000000000000 ) ) ;
#5824 = CARTESIAN_POINT ( 'NONE',  ( -8.083993115605789370, -20.44943960075234912, -6.693971186398569806 ) ) ;
#5825 = DIRECTION ( 'NONE',  ( 0.000000000000000000, 0.000000000000000000, 1.000000000000000000 ) ) ;
#5826 = VERTEX_POINT ( 'NONE', #1243 ) ;
#5827 = CIRCLE ( 'NONE', #438, 32.95000000000000284 ) ;
#5828 = CARTESIAN_POINT ( 'NONE',  ( 34.69127465857359738, -7.295064260403149703, 17.50000000000000000 ) ) ;
#5829 = CARTESIAN_POINT ( 'NONE',  ( -20.85382499533929845, 8.637462832827608850, -21.75000000000000000 ) ) ;
#5830 = CARTESIAN_POINT ( 'NONE',  ( -0.0007164004453273229356, 22.57068886302899813, -17.35827761439399808 ) ) ;
#5831 = DATE_AND_TIME ( #379, #5002 ) ;
#5832 = EDGE_LOOP ( 'NONE', ( #4004, #1067, #4140, #1449 ) ) ;
#5833 = ADVANCED_FACE ( 'NONE', ( #3463 ), #3517, .T. ) ;
#5834 = CARTESIAN_POINT ( 'NONE',  ( -34.74478138222850276, -6.780602746975409545, 17.50000000000000000 ) ) ;
#5835 = CARTESIAN_POINT ( 'NONE',  ( -24.35835202961904855, 0.001019485137647239839, -25.89970357527314704 ) ) ;
#5836 = CARTESIAN_POINT ( 'NONE',  ( 20.85452811977734910, 8.639366349525868571, -26.25000000000000000 ) ) ;
#5837 = CARTESIAN_POINT ( 'NONE',  ( 21.95754145786462885, -2.892847469061136323, -15.25183605482923355 ) ) ;
#5838 = DIRECTION ( 'NONE',  ( 1.000000000000000000, 0.000000000000000000, 0.000000000000000000 ) ) ;
#5839 = AXIS2_PLACEMENT_3D ( 'NONE', #5702, #1247, #3055 ) ;
#5840 = CARTESIAN_POINT ( 'NONE',  ( -21.62873245494605001, 8.958194687646040322, -15.15349006216965044 ) ) ;
#5841 = CARTESIAN_POINT ( 'NONE',  ( -12.75021645926304004, -31.31510118997309888, 17.50000000000000000 ) ) ;
#5842 = DIRECTION ( 'NONE',  ( 0.000000000000000000, 0.000000000000000000, -1.000000000000000000 ) ) ;
#5843 = CARTESIAN_POINT ( 'NONE',  ( 16.17952963593755200, 16.17927308165900158, -30.99402064658080391 ) ) ;
#5844 = ADVANCED_FACE ( 'NONE', ( #2962 ), #5606, .T. ) ;
#5845 = DIRECTION ( 'NONE',  ( 0.000000000000000000, 0.000000000000000000, 1.000000000000000000 ) ) ;
#5846 = CARTESIAN_POINT ( 'NONE',  ( -5.659683377429229445, -21.12154006011549967, -9.001736379331967797 ) ) ;
#5847 = ORIENTED_EDGE ( 'NONE', *, *, #2518, .T. ) ;
#5848 = AXIS2_PLACEMENT_3D ( 'NONE', #2496, #5135, #4276 ) ;
#5849 = CARTESIAN_POINT ( 'NONE',  ( -8.638173084211031139, 20.85632500659484734, -16.27299471345099846 ) ) ;
#5850 = CARTESIAN_POINT ( 'NONE',  ( -2.892847469077434841, 21.95754145786252209, -17.24586464298994315 ) ) ;
#5851 = DIRECTION ( 'NONE',  ( 1.000000000000000000, 5.551115123125781913E-15, 0.000000000000000000 ) ) ;
#5852 = DIRECTION ( 'NONE',  ( 0.5692753230620690719, -0.8221469494880929707, 1.500879210326219887E-14 ) ) ;
#5853 = CARTESIAN_POINT ( 'NONE',  ( -8.427482907148670321, -21.69761616584410291, -11.93537944013239915 ) ) ;
#5854 = EDGE_LOOP ( 'NONE', ( #1029, #195, #2598, #2597 ) ) ;
#5855 = NEXT_ASSEMBLY_USAGE_OCCURRENCE ( 'NAUO1', ' ', ' ', #1546, #4436, $ ) ;
ENDSEC;
END-ISO-10303-21;
